date,510150.SS,510660.SS,512000.SS,512660.SS,512700.SS,512400.SS,512200.SS,512980.SS,515210.SS,515220.SS,159997.SZ,511010.SS
2011-02-25,3.07600000,,,,,,,,,,,
2011-02-28,3.11300000,,,,,,,,,,,
2011-03-01,3.13600000,,,,,,,,,,,
2011-03-02,3.12800000,,,,,,,,,,,
2011-03-03,3.08100000,,,,,,,,,,,
2011-03-04,3.09800000,,,,,,,,,,,
2011-03-07,3.12200000,,,,,,,,,,,
2011-03-08,3.13300000,,,,,,,,,,,
2011-03-09,3.13100000,,,,,,,,,,,
2011-03-10,3.12000000,,,,,,,,,,,
2011-03-11,3.11900000,,,,,,,,,,,
2011-03-14,3.15000000,,,,,,,,,,,
2011-03-15,3.10000000,,,,,,,,,,,
2011-03-16,3.12700000,,,,,,,,,,,
2011-03-17,3.08700000,,,,,,,,,,,
2011-03-18,3.10000000,,,,,,,,,,,
2011-03-21,3.08600000,,,,,,,,,,,
2011-03-22,3.05400000,,,,,,,,,,,
2011-03-23,3.08300000,,,,,,,,,,,
2011-03-24,3.08800000,,,,,,,,,,,
2011-03-25,3.09800000,,,,,,,,,,,
2011-03-28,3.07700000,,,,,,,,,,,
2011-03-29,3.00500000,,,,,,,,,,,
2011-03-30,3.00100000,,,,,,,,,,,
2011-03-31,2.98100000,,,,,,,,,,,
2011-04-01,2.98900000,,,,,,,,,,,
2011-04-06,2.99900000,,,,,,,,,,,
2011-04-07,2.99800000,,,,,,,,,,,
2011-04-08,3.02900000,,,,,,,,,,,
2011-04-11,3.02800000,,,,,,,,,,,
2011-04-12,3.02700000,,,,,,,,,,,
2011-04-13,3.06300000,,,,,,,,,,,
2011-04-14,3.05400000,,,,,,,,,,,
2011-04-15,3.04300000,,,,,,,,,,,
2011-04-18,3.01700000,,,,,,,,,,,
2011-04-19,3.01700000,,,,,,,,,,,
2011-04-20,3.04300000,,,,,,,,,,,
2011-04-21,3.04000000,,,,,,,,,,,
2011-04-22,3.04500000,,,,,,,,,,,
2011-04-25,3.04800000,,,,,,,,,,,
2011-04-26,3.01200000,,,,,,,,,,,
2011-04-27,2.94400000,,,,,,,,,,,
2011-04-28,2.93100000,,,,,,,,,,,
2011-04-29,2.99000000,,,,,,,,,,,
2011-05-03,2.97900000,,,,,,,,,,,
2011-05-04,2.91700000,,,,,,,,,,,
2011-05-05,2.91700000,,,,,,,,,,,
2011-05-06,2.95100000,,,,,,,,,,,
2011-05-09,2.95000000,,,,,,,,,,,
2011-05-10,2.94000000,,,,,,,,,,,
2011-05-11,2.92900000,,,,,,,,,,,
2011-05-12,2.93300000,,,,,,,,,,,
2011-05-13,2.94100000,,,,,,,,,,,
2011-05-16,2.92800000,,,,,,,,,,,
2011-05-17,2.94400000,,,,,,,,,,,
2011-05-18,2.94600000,,,,,,,,,,,
2011-05-19,2.95200000,,,,,,,,,,,
2011-05-20,2.93000000,,,,,,,,,,,
2011-05-23,2.86600000,,,,,,,,,,,
2011-05-24,2.82700000,,,,,,,,,,,
2011-05-25,2.82600000,,,,,,,,,,,
2011-05-26,2.82600000,,,,,,,,,,,
2011-05-27,2.75000000,,,,,,,,,,,
2011-05-30,2.72200000,,,,,,,,,,,
2011-05-31,2.75900000,,,,,,,,,,,
2011-06-01,2.79500000,,,,,,,,,,,
2011-06-02,2.77500000,,,,,,,,,,,
2011-06-03,2.82200000,,,,,,,,,,,
2011-06-07,2.80800000,,,,,,,,,,,
2011-06-08,2.83700000,,,,,,,,,,,
2011-06-09,2.77000000,,,,,,,,,,,
2011-06-10,2.78800000,,,,,,,,,,,
2011-06-13,2.76300000,,,,,,,,,,,
2011-06-14,2.78900000,,,,,,,,,,,
2011-06-15,2.75000000,,,,,,,,,,,
2011-06-16,2.70200000,,,,,,,,,,,
2011-06-17,2.69000000,,,,,,,,,,,
2011-06-20,2.63000000,,,,,,,,,,,
2011-06-21,2.66700000,,,,,,,,,,,
2011-06-22,2.65500000,,,,,,,,,,,
2011-06-23,2.72600000,,,,,,,,,,,
2011-06-24,2.79400000,,,,,,,,,,,
2011-06-27,2.80000000,,,,,,,,,,,
2011-06-28,2.81000000,,,,,,,,,,,
2011-06-29,2.78200000,,,,,,,,,,,
2011-06-30,2.80700000,,,,,,,,,,,
2011-07-01,2.82400000,,,,,,,,,,,
2011-07-04,2.89000000,,,,,,,,,,,
2011-07-05,2.89900000,,,,,,,,,,,
2011-07-06,2.91800000,,,,,,,,,,,
2011-07-07,2.93000000,,,,,,,,,,,
2011-07-08,2.92000000,,,,,,,,,,,
2011-07-11,2.93500000,,,,,,,,,,,
2011-07-12,2.91100000,,,,,,,,,,,
2011-07-13,2.96200000,,,,,,,,,,,
2011-07-14,2.98500000,,,,,,,,,,,
2011-07-15,3.01700000,,,,,,,,,,,
2011-07-18,3.03700000,,,,,,,,,,,
2011-07-19,3.00300000,,,,,,,,,,,
2011-07-20,3.01000000,,,,,,,,,,,
2011-07-21,2.99100000,,,,,,,,,,,
2011-07-22,3.00000000,,,,,,,,,,,
2011-07-25,2.90000000,,,,,,,,,,,
2011-07-26,2.90600000,,,,,,,,,,,
2011-07-27,2.95600000,,,,,,,,,,,
2011-07-28,2.94900000,,,,,,,,,,,
2011-07-29,2.92600000,,,,,,,,,,,
2011-08-01,2.92300000,,,,,,,,,,,
2011-08-02,2.88000000,,,,,,,,,,,
2011-08-03,2.91700000,,,,,,,,,,,
2011-08-04,2.92000000,,,,,,,,,,,
2011-08-05,2.88000000,,,,,,,,,,,
2011-08-08,2.80600000,,,,,,,,,,,
2011-08-09,2.78800000,,,,,,,,,,,
2011-08-10,2.81900000,,,,,,,,,,,
2011-08-11,2.88000000,,,,,,,,,,,
2011-08-12,2.90300000,,,,,,,,,,,
2011-08-15,2.93200000,,,,,,,,,,,
2011-08-16,2.90000000,,,,,,,,,,,
2011-08-17,2.88500000,,,,,,,,,,,
2011-08-18,2.83600000,,,,,,,,,,,
2011-08-19,2.83600000,,,,,,,,,,,
2011-08-22,2.79100000,,,,,,,,,,,
2011-08-23,2.80000000,,,,,,,,,,,
2011-08-24,2.82800000,,,,,,,,,,,
2011-08-25,2.87500000,,,,,,,,,,,
2011-08-26,2.88400000,,,,,,,,,,,
2011-08-29,2.87300000,,,,,,,,,,,
2011-08-30,2.87300000,,,,,,,,,,,
2011-08-31,2.86700000,,,,,,,,,,,
2011-09-01,2.81800000,,,,,,,,,,,
2011-09-02,2.82600000,,,,,,,,,,,
2011-09-05,2.75800000,,,,,,,,,,,
2011-09-06,2.68800000,,,,,,,,,,,
2011-09-07,2.72800000,,,,,,,,,,,
2011-09-08,2.73700000,,,,,,,,,,,
2011-09-09,2.71300000,,,,,,,,,,,
2011-09-13,2.67800000,,,,,,,,,,,
2011-09-14,2.67700000,,,,,,,,,,,
2011-09-15,2.68300000,,,,,,,,,,,
2011-09-16,2.67400000,,,,,,,,,,,
2011-09-19,2.64500000,,,,,,,,,,,
2011-09-20,2.64500000,,,,,,,,,,,
2011-09-21,2.71500000,,,,,,,,,,,
2011-09-22,2.64000000,,,,,,,,,,,
2011-09-23,2.62400000,,,,,,,,,,,
2011-09-26,2.59400000,,,,,,,,,,,
2011-09-27,2.59000000,,,,,,,,,,,
2011-09-28,2.57000000,,,,,,,,,,,
2011-09-29,2.58900000,,,,,,,,,,,
2011-09-30,2.59500000,,,,,,,,,,,
2011-10-10,2.57000000,,,,,,,,,,,
2011-10-11,2.54600000,,,,,,,,,,,
2011-10-12,2.59700000,,,,,,,,,,,
2011-10-13,2.57900000,,,,,,,,,,,
2011-10-14,2.56800000,,,,,,,,,,,
2011-10-17,2.57900000,,,,,,,,,,,
2011-10-18,2.54500000,,,,,,,,,,,
2011-10-19,2.51100000,,,,,,,,,,,
2011-10-20,2.45000000,,,,,,,,,,,
2011-10-21,2.44200000,,,,,,,,,,,
2011-10-24,2.49900000,,,,,,,,,,,
2011-10-25,2.55000000,,,,,,,,,,,
2011-10-26,2.58000000,,,,,,,,,,,
2011-10-27,2.59800000,,,,,,,,,,,
2011-10-28,2.62900000,,,,,,,,,,,
2011-10-31,2.62700000,,,,,,,,,,,
2011-11-01,2.64000000,,,,,,,,,,,
2011-11-02,2.69800000,,,,,,,,,,,
2011-11-03,2.71300000,,,,,,,,,,,
2011-11-04,2.73000000,,,,,,,,,,,
2011-11-07,2.74000000,,,,,,,,,,,
2011-11-08,2.68900000,,,,,,,,,,,
2011-11-09,2.71000000,,,,,,,,,,,
2011-11-10,2.68800000,,,,,,,,,,,
2011-11-11,2.67000000,,,,,,,,,,,
2011-11-14,2.71400000,,,,,,,,,,,
2011-11-15,2.70100000,,,,,,,,,,,
2011-11-16,2.65100000,,,,,,,,,,,
2011-11-17,2.65000000,,,,,,,,,,,
2011-11-18,2.63000000,,,,,,,,,,,
2011-11-21,2.64800000,,,,,,,,,,,
2011-11-22,2.60500000,,,,,,,,,,,
2011-11-23,2.60600000,,,,,,,,,,,
2011-11-24,2.63000000,,,,,,,,,,,
2011-11-25,2.62000000,,,,,,,,,,,
2011-11-28,2.61400000,,,,,,,,,,,
2011-11-29,2.64300000,,,,,,,,,,,
2011-11-30,2.58200000,,,,,,,,,,,
2011-12-01,2.63300000,,,,,,,,,,,
2011-12-02,2.61400000,,,,,,,,,,,
2011-12-05,2.54800000,,,,,,,,,,,
2011-12-06,2.51100000,,,,,,,,,,,
2011-12-07,2.51800000,,,,,,,,,,,
2011-12-08,2.48700000,,,,,,,,,,,
2011-12-09,2.44000000,,,,,,,,,,,
2011-12-12,2.40200000,,,,,,,,,,,
2011-12-13,2.33000000,,,,,,,,,,,
2011-12-14,2.32700000,,,,,,,,,,,
2011-12-15,2.26900000,,,,,,,,,,,
2011-12-16,2.33700000,,,,,,,,,,,
2011-12-19,2.32100000,,,,,,,,,,,
2011-12-20,2.31200000,,,,,,,,,,,
2011-12-21,2.29800000,,,,,,,,,,,
2011-12-22,2.24000000,,,,,,,,,,,
2011-12-23,2.27400000,,,,,,,,,,,
2011-12-26,2.26600000,,,,,,,,,,,
2011-12-27,2.21300000,,,,,,,,,,,
2011-12-28,2.16200000,,,,,,,,,,,
2011-12-29,2.21600000,,,,,,,,,,,
2011-12-30,2.25000000,,,,,,,,,,,
2012-01-04,2.18700000,,,,,,,,,,,
2012-01-05,2.12000000,,,,,,,,,,,
2012-01-06,2.12800000,,,,,,,,,,,
2012-01-09,2.19300000,,,,,,,,,,,
2012-01-10,2.28400000,,,,,,,,,,,
2012-01-11,2.25300000,,,,,,,,,,,
2012-01-12,2.24500000,,,,,,,,,,,
2012-01-13,2.18000000,,,,,,,,,,,
2012-01-16,2.10800000,,,,,,,,,,,
2012-01-17,2.20200000,,,,,,,,,,,
2012-01-18,2.14200000,,,,,,,,,,,
2012-01-19,2.17100000,,,,,,,,,,,
2012-01-20,2.23800000,,,,,,,,,,,
2012-01-30,2.19500000,,,,,,,,,,,
2012-01-31,2.19900000,,,,,,,,,,,
2012-02-01,2.21300000,,,,,,,,,,,
2012-02-02,2.22500000,,,,,,,,,,,
2012-02-03,2.24100000,,,,,,,,,,,
2012-02-06,2.27400000,,,,,,,,,,,
2012-02-07,2.23400000,,,,,,,,,,,
2012-02-08,2.28400000,,,,,,,,,,,
2012-02-09,2.31300000,,,,,,,,,,,
2012-02-10,2.30400000,,,,,,,,,,,
2012-02-13,2.33900000,,,,,,,,,,,
2012-02-14,2.34000000,,,,,,,,,,,
2012-02-15,2.36300000,,,,,,,,,,,
2012-02-16,2.35500000,,,,,,,,,,,
2012-02-17,2.35000000,,,,,,,,,,,
2012-02-20,2.35000000,,,,,,,,,,,
2012-02-21,2.35600000,,,,,,,,,,,
2012-02-22,2.39800000,,,,,,,,,,,
2012-02-23,2.41600000,,,,,,,,,,,
2012-02-24,2.45000000,,,,,,,,,,,
2012-02-27,2.47100000,,,,,,,,,,,
2012-02-28,2.47300000,,,,,,,,,,,
2012-02-29,2.45200000,,,,,,,,,,,
2012-03-01,2.46700000,,,,,,,,,,,
2012-03-02,2.48800000,,,,,,,,,,,
2012-03-05,2.48300000,,,,,,,,,,,
2012-03-06,2.46100000,,,,,,,,,,,
2012-03-07,2.45300000,,,,,,,,,,,
2012-03-08,2.46600000,,,,,,,,,,,
2012-03-09,2.51300000,,,,,,,,,,,
2012-03-12,2.53200000,,,,,,,,,,,
2012-03-13,2.56300000,,,,,,,,,,,
2012-03-14,2.48700000,,,,,,,,,,,
2012-03-15,2.47500000,,,,,,,,,,,
2012-03-16,2.56000000,,,,,,,,,,,
2012-03-19,2.55000000,,,,,,,,,,,
2012-03-20,2.49900000,,,,,,,,,,,
2012-03-21,2.49300000,,,,,,,,,,,
2012-03-22,2.46600000,,,,,,,,,,,
2012-03-23,2.43600000,,,,,,,,,,,
2012-03-26,2.43600000,,,,,,,,,,,
2012-03-27,2.43800000,,,,,,,,,,,
2012-03-28,2.36400000,,,,,,,,,,,
2012-03-29,2.31400000,,,,,,,,,,,
2012-03-30,2.29600000,,,,,,,,,,,
2012-04-05,2.35500000,,,,,,,,,,,
2012-04-06,2.37300000,,,,,,,,,,,
2012-04-09,2.36300000,,,,,,,,,,,
2012-04-10,2.36200000,,,,,,,,,,,
2012-04-11,2.38600000,,,,,,,,,,,
2012-04-12,2.43100000,,,,,,,,,,,
2012-04-13,2.43700000,,,,,,,,,,,
2012-04-16,2.43400000,,,,,,,,,,,
2012-04-17,2.42500000,,,,,,,,,,,
2012-04-18,2.46100000,,,,,,,,,,,
2012-04-19,2.43300000,,,,,,,,,,,
2012-04-20,2.44700000,,,,,,,,,,,
2012-04-23,2.41000000,,,,,,,,,,,
2012-04-24,2.40300000,,,,,,,,,,,
2012-04-25,2.41800000,,,,,,,,,,,
2012-04-26,2.43500000,,,,,,,,,,,
2012-04-27,2.44500000,,,,,,,,,,,
2012-05-02,2.47200000,,,,,,,,,,,
2012-05-03,2.50200000,,,,,,,,,,,
2012-05-04,2.52300000,,,,,,,,,,,
2012-05-07,2.56300000,,,,,,,,,,,
2012-05-08,2.55800000,,,,,,,,,,,
2012-05-09,2.50500000,,,,,,,,,,,
2012-05-10,2.50400000,,,,,,,,,,,
2012-05-11,2.50500000,,,,,,,,,,,
2012-05-14,2.49700000,,,,,,,,,,,
2012-05-15,2.49000000,,,,,,,,,,,
2012-05-16,2.48900000,,,,,,,,,,,
2012-05-17,2.51000000,,,,,,,,,,,
2012-05-18,2.46600000,,,,,,,,,,,
2012-05-21,2.47000000,,,,,,,,,,,
2012-05-22,2.50900000,,,,,,,,,,,
2012-05-23,2.50500000,,,,,,,,,,,
2012-05-24,2.47000000,,,,,,,,,,,
2012-05-25,2.44000000,,,,,,,,,,,
2012-05-28,2.45800000,,,,,,,,,,,
2012-05-29,2.49500000,,,,,,,,,,,
2012-05-30,2.50200000,,,,,,,,,,,
2012-05-31,2.51300000,,,,,,,,,,,
2012-06-01,2.52600000,,,,,,,,,,,
2012-06-04,2.48100000,,,,,,,,,,,
2012-06-05,2.47900000,,,,,,,,,,,
2012-06-06,2.47500000,,,,,,,,,,,
2012-06-07,2.45100000,,,,,,,,,,,
2012-06-08,2.43500000,,,,,,,,,,,
2012-06-11,2.47200000,,,,,,,,,,,
2012-06-12,2.45600000,,,,,,,,,,,
2012-06-13,2.51500000,,,,,,,,,,,
2012-06-14,2.53000000,,,,,,,,,,,
2012-06-15,2.52400000,,,,,,,,,,,
2012-06-18,2.54900000,,,,,,,,,,,
2012-06-19,2.52300000,,,,,,,,,,,
2012-06-20,2.49700000,,,,,,,,,,,
2012-06-21,2.45800000,,,,,,,,,,,
2012-06-25,2.43800000,,,,,,,,,,,
2012-06-26,2.41300000,,,,,,,,,,,
2012-06-27,2.43000000,,,,,,,,,,,
2012-06-28,2.41600000,,,,,,,,,,,
2012-06-29,2.44800000,,,,,,,,,,,
2012-07-02,2.45200000,,,,,,,,,,,
2012-07-03,2.47400000,,,,,,,,,,,
2012-07-04,2.46800000,,,,,,,,,,,
2012-07-05,2.44000000,,,,,,,,,,,
2012-07-06,2.49800000,,,,,,,,,,,
2012-07-09,2.46600000,,,,,,,,,,,
2012-07-10,2.43900000,,,,,,,,,,,
2012-07-11,2.47900000,,,,,,,,,,,
2012-07-12,2.49200000,,,,,,,,,,,
2012-07-13,2.49400000,,,,,,,,,,,
2012-07-16,2.44100000,,,,,,,,,,,
2012-07-17,2.42400000,,,,,,,,,,,
2012-07-18,2.43100000,,,,,,,,,,,
2012-07-19,2.44900000,,,,,,,,,,,
2012-07-20,2.43400000,,,,,,,,,,,
2012-07-23,2.41600000,,,,,,,,,,,
2012-07-24,2.43100000,,,,,,,,,,,
2012-07-25,2.43300000,,,,,,,,,,,
2012-07-26,2.40900000,,,,,,,,,,,
2012-07-27,2.40000000,,,,,,,,,,,
2012-07-30,2.37600000,,,,,,,,,,,
2012-07-31,2.34900000,,,,,,,,,,,
2012-08-01,2.37000000,,,,,,,,,,,
2012-08-02,2.36900000,,,,,,,,,,,
2012-08-03,2.39000000,,,,,,,,,,,
2012-08-06,2.42600000,,,,,,,,,,,
2012-08-07,2.43200000,,,,,,,,,,,
2012-08-08,2.42400000,,,,,,,,,,,
2012-08-09,2.47300000,,,,,,,,,,,
2012-08-10,2.45900000,,,,,,,,,,,
2012-08-13,2.43900000,,,,,,,,,,,
2012-08-14,2.45100000,,,,,,,,,,,
2012-08-15,2.42800000,,,,,,,,,,,
2012-08-16,2.39500000,,,,,,,,,,,
2012-08-17,2.37500000,,,,,,,,,,,
2012-08-20,2.37800000,,,,,,,,,,,
2012-08-21,2.42200000,,,,,,,,,,,
2012-08-22,2.40500000,,,,,,,,,,,
2012-08-23,2.40700000,,,,,,,,,,,
2012-08-24,2.38400000,,,,,,,,,,,
2012-08-27,2.34600000,,,,,,,,,,,
2012-08-28,2.33600000,,,,,,,,,,,
2012-08-29,2.31500000,,,,,,,,,,,
2012-08-30,2.28000000,,,,,,,,,,,
2012-08-31,2.28600000,,,,,,,,,,,
2012-09-03,2.32400000,,,,,,,,,,,
2012-09-04,2.32100000,,,,,,,,,,,
2012-09-05,2.33600000,,,,,,,,,,,
2012-09-06,2.34300000,,,,,,,,,,,
2012-09-07,2.41800000,,,,,,,,,,,
2012-09-10,2.42500000,,,,,,,,,,,
2012-09-11,2.42600000,,,,,,,,,,,
2012-09-12,2.43400000,,,,,,,,,,,
2012-09-13,2.41500000,,,,,,,,,,,
2012-09-14,2.42900000,,,,,,,,,,,
2012-09-17,2.37200000,,,,,,,,,,,
2012-09-18,2.35300000,,,,,,,,,,,
2012-09-19,2.36800000,,,,,,,,,,,
2012-09-20,2.30700000,,,,,,,,,,,
2012-09-21,2.29800000,,,,,,,,,,,
2012-09-24,2.31800000,,,,,,,,,,,
2012-09-25,2.31100000,,,,,,,,,,,
2012-09-26,2.27500000,,,,,,,,,,,
2012-09-27,2.32500000,,,,,,,,,,,
2012-09-28,2.37500000,,,,,,,,,,,
2012-10-08,2.36700000,,,,,,,,,,,
2012-10-09,2.41400000,,,,,,,,,,,
2012-10-10,2.41900000,,,,,,,,,,,
2012-10-11,2.39700000,,,,,,,,,,,
2012-10-12,2.40100000,,,,,,,,,,,
2012-10-15,2.39400000,,,,,,,,,,,
2012-10-16,2.41200000,,,,,,,,,,,
2012-10-17,2.40800000,,,,,,,,,,,
2012-10-18,2.44900000,,,,,,,,,,,
2012-10-19,2.43700000,,,,,,,,,,,
2012-10-22,2.44000000,,,,,,,,,,,
2012-10-23,2.40000000,,,,,,,,,,,
2012-10-24,2.40500000,,,,,,,,,,,
2012-10-25,2.38400000,,,,,,,,,,,
2012-10-26,2.34000000,,,,,,,,,,,
2012-10-29,2.33700000,,,,,,,,,,,
2012-10-30,2.34100000,,,,,,,,,,,
2012-10-31,2.35600000,,,,,,,,,,,
2012-11-01,2.39400000,,,,,,,,,,,
2012-11-02,2.40100000,,,,,,,,,,,
2012-11-05,2.38900000,,,,,,,,,,,
2012-11-06,2.36500000,,,,,,,,,,,
2012-11-07,2.37000000,,,,,,,,,,,
2012-11-08,2.33900000,,,,,,,,,,,
2012-11-09,2.32400000,,,,,,,,,,,
2012-11-12,2.31000000,,,,,,,,,,,
2012-11-13,2.27300000,,,,,,,,,,,
2012-11-14,2.28500000,,,,,,,,,,,
2012-11-15,2.25800000,,,,,,,,,,,
2012-11-16,2.23900000,,,,,,,,,,,
2012-11-19,2.21600000,,,,,,,,,,,
2012-11-20,2.20700000,,,,,,,,,,,
2012-11-21,2.22100000,,,,,,,,,,,
2012-11-22,2.19900000,,,,,,,,,,,
2012-11-23,2.21500000,,,,,,,,,,,
2012-11-26,2.19300000,,,,,,,,,,,
2012-11-27,2.15100000,,,,,,,,,,,
2012-11-28,2.12100000,,,,,,,,,,,
2012-11-29,2.12100000,,,,,,,,,,,
2012-11-30,2.13300000,,,,,,,,,,,
2012-12-03,2.08600000,,,,,,,,,,,
2012-12-04,2.09300000,,,,,,,,,,,
2012-12-05,2.14100000,,,,,,,,,,,
2012-12-06,2.13100000,,,,,,,,,,,
2012-12-07,2.17700000,,,,,,,,,,,
2012-12-10,2.19300000,,,,,,,,,,,
2012-12-11,2.19200000,,,,,,,,,,,
2012-12-12,2.19200000,,,,,,,,,,,
2012-12-13,2.18000000,,,,,,,,,,,
2012-12-14,2.24900000,,,,,,,,,,,
2012-12-17,2.25700000,,,,,,,,,,,
2012-12-18,2.25500000,,,,,,,,,,,
2012-12-19,2.27100000,,,,,,,,,,,
2012-12-20,2.27000000,,,,,,,,,,,
2012-12-21,2.27500000,,,,,,,,,,,
2012-12-24,2.27500000,,,,,,,,,,,
2012-12-25,2.32000000,,,,,,,,,,,
2012-12-26,2.33300000,,,,,,,,,,,
2012-12-27,2.34600000,,,,,,,,,,,
2012-12-28,2.35900000,,,,,,,,,,,
2012-12-31,2.39100000,,,,,,,,,,,
2013-01-04,2.36800000,,,,,,,,,,,
2013-01-07,2.37000000,,,,,,,,,,,
2013-01-08,2.40100000,,,,,,,,,,,
2013-01-09,2.42300000,,,,,,,,,,,
2013-01-10,2.42500000,,,,,,,,,,,
2013-01-11,2.39000000,,,,,,,,,,,
2013-01-14,2.46000000,,,,,,,,,,,
2013-01-15,2.49000000,,,,,,,,,,,
2013-01-16,2.46800000,,,,,,,,,,,
2013-01-17,2.46100000,,,,,,,,,,,
2013-01-18,2.50300000,,,,,,,,,,,
2013-01-21,2.49300000,,,,,,,,,,,
2013-01-22,2.46600000,,,,,,,,,,,
2013-01-23,2.47500000,,,,,,,,,,,
2013-01-24,2.44000000,,,,,,,,,,,
2013-01-25,2.45100000,,,,,,,,,,,
2013-01-28,2.47900000,,,,,,,,,,,
2013-01-29,2.48900000,,,,,,,,,,,
2013-01-30,2.48200000,,,,,,,,,,,
2013-01-31,2.47100000,,,,,,,,,,,
2013-02-01,2.48100000,,,,,,,,,,,
2013-02-04,2.46200000,,,,,,,,,,,
2013-02-05,2.52200000,,,,,,,,,,,
2013-02-06,2.51800000,,,,,,,,,,,
2013-02-07,2.53600000,,,,,,,,,,,
2013-02-08,2.60600000,,,,,,,,,,,
2013-02-18,2.58100000,,,,,,,,,,,
2013-02-19,2.53500000,,,,,,,,,,,
2013-02-20,2.59500000,,,,,,,,,,,
2013-02-21,2.55100000,,,,,,,,,,,
2013-02-22,2.55000000,,,,,,,,,,,
2013-02-25,2.55000000,,,,,,,,,,,
2013-02-26,2.51900000,,,,,,,,,,,
2013-02-27,2.50300000,,,,,,,,,,,
2013-02-28,2.54600000,,,,,,,,,,,
2013-03-01,2.55500000,,,,,,,,,,,
2013-03-04,2.48900000,,,,,,,,,,,
2013-03-05,2.55100000,,,,,,,,,,,
2013-03-06,2.59300000,,,,,,,,,,,
2013-03-07,2.56800000,,,,,,,,,,,
2013-03-08,2.55600000,,,,,,,,,,,
2013-03-11,2.55200000,,,,,,,,,,,
2013-03-12,2.50200000,,,,,,,,,,,
2013-03-13,2.47300000,,,,,,,,,,,
2013-03-14,2.48500000,,,,,,,,,,,
2013-03-15,2.50900000,,,,,,,,,,,
2013-03-18,2.46700000,,,,,,,,,,,
2013-03-19,2.46500000,,,,,,,,,,,
2013-03-20,2.52900000,,,,,,,,,,,
2013-03-21,2.54500000,,,,,,,,,,,
2013-03-22,2.55800000,,,,,,,,,,,
2013-03-25,2.54900000,,,,,,,,,,,99.40800000
2013-03-26,2.55600000,,,,,,,,,,,99.64900000
2013-03-27,2.55600000,,,,,,,,,,,99.62500000
2013-03-28,2.53400000,,,,,,,,,,,99.73100000
2013-03-29,2.50000000,,,,,,,,,,,99.83300000
2013-04-01,2.49800000,,,,,,,,,,,99.94500000
2013-04-02,2.45700000,,,,,,,,,,,100.12200000
2013-04-03,2.43200000,,,,,,,,,,,100.36500000
2013-04-08,2.46200000,,,,,,,,,,,100.29100000
2013-04-09,2.46200000,,,,,,,,,,,100.26700000
2013-04-10,2.46300000,,,,,,,,,,,100.29600000
2013-04-11,2.45400000,,,,,,,,,,,100.30200000
2013-04-12,2.45100000,,,,,,,,,,,100.35200000
2013-04-15,2.44100000,,,,,,,,,,,100.42500000
2013-04-16,2.45000000,,,,,,,,,,,100.51600000
2013-04-17,2.49200000,,,,,,,,,,,100.60100000
2013-04-18,2.49100000,,,,,,,,,,,100.35900000
2013-04-19,2.53800000,,,,,,,,,,,100.11000000
2013-04-22,2.53000000,,,,,,,,,,,99.85900000
2013-04-23,2.46200000,,,,,,,,,,,100.14500000
2013-04-24,2.49800000,,,,,,,,,,,100.15400000
2013-04-25,2.50000000,,,,,,,,,,,100.28900000
2013-04-26,2.45800000,,,,,,,,,,,100.35700000
2013-05-02,2.45000000,,,,,,,,,,,100.49700000
2013-05-03,2.51300000,,,,,,,,,,,100.50300000
2013-05-06,2.55600000,,,,,,,,,,,100.48100000
2013-05-07,2.56300000,,,,,,,,,,,100.53000000
2013-05-08,2.58500000,1.02700000,,,,,,,,,,100.52000000
2013-05-09,2.58100000,1.02200000,,,,,,,,,,100.51900000
2013-05-10,2.58800000,1.02400000,,,,,,,,,,100.55200000
2013-05-13,2.58300000,1.02000000,,,,,,,,,,100.52100000
2013-05-14,2.54600000,1.01400000,,,,,,,,,,100.51300000
2013-05-15,2.56500000,1.03400000,,,,,,,,,,100.47400000
2013-05-16,2.59200000,1.03700000,,,,,,,,,,100.35100000
2013-05-17,2.61600000,1.04200000,,,,,,,,,,100.45600000
2013-05-20,2.60900000,1.00800000,,,,,,,,,,100.42800000
2013-05-21,2.61800000,1.01300000,,,,,,,,,,100.35000000
2013-05-22,2.62800000,1.01800000,,,,,,,,,,100.37100000
2013-05-23,2.61800000,1.02100000,,,,,,,,,,100.36400000
2013-05-24,2.63600000,1.03600000,,,,,,,,,,100.38000000
2013-05-27,2.64900000,1.05000000,,,,,,,,,,100.48400000
2013-05-28,2.67300000,1.05800000,,,,,,,,,,100.49000000
2013-05-29,2.69900000,1.06800000,,,,,,,,,,100.48500000
2013-05-30,2.69000000,1.08100000,,,,,,,,,,100.51100000
2013-05-31,2.66100000,1.08100000,,,,,,,,,,100.50300000
2013-06-03,2.66100000,1.07700000,,,,,,,,,,100.48958520
2013-06-04,2.61700000,1.05400000,,,,,,,,,,100.48557400
2013-06-05,2.61600000,1.06100000,,,,,,,,,,100.46050400
2013-06-06,2.59300000,1.04100000,,,,,,,,,,100.46351240
2013-06-07,2.55800000,1.02400000,,,,,,,,,,100.48657680
2013-06-13,2.51600000,1.01100000,,,,,,,,,,100.49159080
2013-06-14,2.55800000,1.03600000,,,,,,,,,,100.45047600
2013-06-17,2.56700000,1.05600000,,,,,,,,,,100.42139480
2013-06-18,2.57400000,1.05400000,,,,,,,,,,100.36824640
2013-06-19,2.57400000,1.04900000,,,,,,,,,,100.05035880
2013-06-20,2.51100000,1.02000000,,,,,,,,,,99.13680800
2013-06-21,2.49900000,1.01700000,,,,,,,,,,99.30828680
2013-06-24,2.38300000,0.97600000,,,,,,,,,,99.33636520
2013-06-25,2.41000000,0.96400000,,,,,,,,,,99.90294720
2013-06-26,2.44100000,0.99700000,,,,,,,,,,100.31309240
2013-06-27,2.43000000,0.98900000,,,,,,,,,,100.41337240
2013-06-28,2.43400000,0.98400000,,,,,,,,,,100.44847040
2013-07-01,2.48600000,1.01500000,,,,,,,,,,100.44145080
2013-07-02,2.53700000,1.05200000,,,,,,,,,,100.44847040
2013-07-03,2.56800000,1.06400000,,,,,,,,,,100.39131080
2013-07-04,2.54500000,1.05000000,,,,,,,,,,100.38830240
2013-07-05,2.54400000,1.03800000,,,,,,,,,,100.44847040
2013-07-08,2.49200000,1.01700000,,,,,,,,,,100.48557400
2013-07-09,2.47500000,1.02600000,,,,,,,,,,100.35521000
2013-07-10,2.51900000,1.04500000,,,,,,,,,,100.29303640
2013-07-11,2.59700000,1.06600000,,,,,,,,,,99.71742920
2013-07-12,2.57400000,1.07200000,,,,,,,,,,99.56299800
2013-07-15,2.63800000,1.10100000,,,,,,,,,,99.66528360
2013-07-16,2.64800000,1.11100000,,,,,,,,,,99.60812400
2013-07-17,2.59400000,1.08700000,,,,,,,,,,99.43463960
2013-07-18,2.56500000,1.08100000,,,,,,,,,,99.42260600
2013-07-19,2.51800000,1.06000000,,,,,,,,,,99.45168720
2013-07-22,2.55300000,1.08900000,,,,,,,,,,99.38349680
2013-07-23,2.60800000,1.10700000,,,,,,,,,,99.39151920
2013-07-24,2.62800000,1.12300000,,,,,,,,,,99.28020840
2013-07-25,2.61100000,1.10600000,,,,,,,,,,99.22706000
2013-07-26,2.59700000,1.10500000,,,,,,,,,,99.29625320
2013-07-29,2.55600000,1.09600000,,,,,,,,,,99.35742400
2013-07-30,2.53500000,1.07900000,,,,,,,,,,99.47274600
2013-07-31,2.53800000,1.07400000,,,,,,,,,,99.66026960
2013-08-01,2.55200000,1.09900000,,,,,,,,,,99.75954680
2013-08-02,2.58700000,1.09500000,,,,,,,,,,99.55798400
2013-08-05,2.61000000,1.12100000,,,,,,,,,,99.55798400
2013-08-06,2.70600000,1.13700000,,,,,,,,,,99.56801200
2013-08-07,2.69900000,1.11500000,,,,,,,,,,99.22304880
2013-08-08,2.67000000,1.13000000,,,,,,,,,,99.06661200
2013-08-09,2.68200000,1.13000000,,,,,,,,,,99.03753080
2013-08-12,2.69700000,1.13000000,,,,,,,,,,98.91619200
2013-08-13,2.66000000,1.12400000,,,,,,,,,,98.74571600
2013-08-14,2.66500000,1.12000000,,,,,,,,,,98.47596280
2013-08-15,2.63900000,1.08400000,,,,,,,,,,98.50704960
2013-08-16,2.62100000,1.05800000,,,,,,,,,,98.71262360
2013-08-19,2.62000000,1.07900000,,,,,,,,,,98.27841120
2013-08-20,2.62000000,1.06700000,,,,,,,,,,98.32153160
2013-08-21,2.61000000,1.06900000,,,,,,,,,,98.35562680
2013-08-22,2.62500000,1.07600000,,,,,,,,,,98.27640560
2013-08-23,2.60600000,1.08500000,,,,,,,,,,98.53312240
2013-08-26,2.67200000,1.09900000,,,,,,,,,,98.57824840
2013-08-27,2.69000000,1.10000000,,,,,,,,,,98.58125680
2013-08-28,2.64000000,1.06600000,,,,,,,,,,98.24030480
2013-08-29,2.62600000,1.06300000,,,,,,,,,,98.28944200
2013-08-30,2.61200000,1.04500000,,,,,,,,,,98.41178360
2013-09-02,2.61000000,1.04800000,,,,,,,,,,98.39874720
2013-09-03,2.64000000,1.06500000,,,,,,,,,,98.34760440
2013-09-04,2.62100000,1.05100000,,,,,,,,,,98.28843920
2013-09-05,2.63600000,1.05200000,,,,,,,,,,98.23127960
2013-09-06,2.66000000,1.05400000,,,,,,,,,,98.17913400
2013-09-09,2.69900000,1.05000000,,,,,,,,,,98.09790720
2013-09-10,2.68000000,1.04000000,,,,,,,,,,98.01066360
2013-09-11,2.66100000,1.03700000,,,,,,,,,,97.67472560
2013-09-12,2.67300000,1.03800000,,,,,,,,,,97.62358280
2013-09-13,2.73600000,1.04400000,,,,,,,,,,97.68375080
2013-09-16,2.70200000,1.05800000,,,,,,,,,,97.98158240
2013-09-17,2.66900000,1.04300000,,,,,,,,,,98.03272520
2013-09-18,2.70100000,1.05800000,,,,,,,,,,98.18113960
2013-09-23,2.78000000,1.08300000,,,,,,,,,,98.22225440
2013-09-24,2.79500000,1.08000000,,,,,,,,,,98.06180640
2013-09-25,2.80000000,1.07300000,,,,,,,,,,98.16108360
2013-09-26,2.76100000,1.09700000,,,,,,,,,,98.40376120
2013-09-27,2.77300000,1.11300000,,,,,,,,,,98.36565480
2013-09-30,2.81600000,1.11700000,,,,,,,,,,98.41278640
2013-10-08,2.85700000,1.11200000,,,,,,,,,,98.46092080
2013-10-09,2.86700000,1.10900000,,,,,,,,,,98.53412520
2013-10-10,2.86200000,1.10100000,,,,,,,,,,98.47596280
2013-10-11,2.87000000,1.11600000,,,,,,,,,,98.46192360
2013-10-14,2.95000000,1.10600000,,,,,,,,,,98.27941400
2013-10-15,2.94800000,1.12600000,,,,,,,,,,98.26537480
2013-10-16,2.90000000,1.10700000,,,,,,,,,,98.34359320
2013-10-17,2.89200000,1.09900000,,,,,,,,,,98.14704440
2013-10-18,2.85600000,1.10600000,,,,,,,,,,98.15807520
2013-10-21,2.96100000,1.12900000,,,,,,,,,,98.12799120
2013-10-22,2.92500000,1.12500000,,,,,,,,,,98.08286520
2013-10-23,2.88000000,1.10800000,,,,,,,,,,98.12398000
2013-10-24,2.84500000,1.10200000,,,,,,,,,,97.96052360
2013-10-25,2.80000000,1.06900000,,,,,,,,,,97.86525760
2013-10-28,2.78700000,1.05700000,,,,,,,,,,97.85021560
2013-10-29,2.70000000,1.03600000,,,,,,,,,,97.76196920
2013-10-30,2.70000000,1.05500000,,,,,,,,,,97.71082640
2013-10-31,2.71900000,1.03200000,,,,,,,,,,98.01066360
2013-11-01,2.69000000,1.03400000,,,,,,,,,,98.09088760
2013-11-04,2.69000000,1.02200000,,,,,,,,,,97.97556560
2013-11-05,2.73700000,1.02400000,,,,,,,,,,97.84821000
2013-11-06,2.68000000,1.00800000,,,,,,,,,,97.57043440
2013-11-07,2.62000000,0.99000000,,,,,,,,,,97.09009320
2013-11-08,2.59000000,0.97700000,,,,,,,,,,96.70602080
2013-11-11,2.61500000,1.00800000,,,,,,,,,,96.26880000
2013-11-12,2.65100000,1.02400000,,,,,,,,,,96.48239640
2013-11-13,2.63000000,1.00900000,,,,,,,,,,96.05921480
2013-11-14,2.66900000,1.02700000,,,,,,,,,,96.42523680
2013-11-15,2.72300000,1.03100000,,,,,,,,,,96.05219520
2013-11-18,2.76000000,1.04000000,,,,,,,,,,95.88171920
2013-11-19,2.75900000,1.03300000,,,,,,,,,,96.16852000
2013-11-20,2.77000000,1.03800000,,,,,,,,,,96.24874400
2013-11-21,2.74000000,1.04200000,,,,,,,,,,96.43927600
2013-11-22,2.73700000,1.03200000,,,,,,,,,,96.79326440
2013-11-25,2.72700000,1.03300000,,,,,,,,,,96.71203760
2013-11-26,2.71500000,1.03100000,,,,,,,,,,96.66992000
2013-11-27,2.75000000,1.03800000,,,,,,,,,,96.88151080
2013-11-28,2.76200000,1.05000000,,,,,,,,,,96.88451920
2013-11-29,2.77100000,1.06000000,,,,,,,,,,96.88752760
2013-12-02,2.74000000,1.02400000,,,,,,,,,,96.19860400
2013-12-03,2.78300000,1.04600000,,,,,,,,,,96.55560080
2013-12-04,2.80000000,1.06500000,,,,,,,,,,96.64785840
2013-12-05,2.77000000,1.06500000,,,,,,,,,,96.74111880
2013-12-06,2.77900000,1.06100000,,,,,,,,,,96.69398720
2013-12-09,2.78000000,1.06000000,,,,,,,,,,96.47738240
2013-12-10,2.83000000,1.04900000,,,,,,,,,,96.23971880
2013-12-11,2.81100000,1.04500000,,,,,,,,,,96.23370200
2013-12-12,2.79000000,1.05600000,,,,,,,,,,96.48440200
2013-12-13,2.79900000,1.06000000,,,,,,,,,,96.51649160
2013-12-16,2.79600000,1.04600000,,,,,,,,,,96.42022280
2013-12-17,2.69000000,1.05000000,,,,,,,,,,96.37609960
2013-12-18,2.72900000,1.05700000,,,,,,,,,,96.29286720
2013-12-19,2.68000000,1.04300000,,,,,,,,,,96.14445280
2013-12-20,2.68000000,1.03600000,,,,,,,,,,96.16852000
2013-12-23,,1.06500000,,,,,,,,,,96.28584760
2013-12-24,2.66100000,1.05700000,,,,,,,,,,96.26178040
2013-12-25,2.69000000,1.05600000,,,,,,,,,,96.35804920
2013-12-26,2.65300000,1.05300000,,,,,,,,,,96.41621160
2013-12-27,2.68900000,1.06000000,,,,,,,,,,96.31192040
2013-12-30,2.64500000,1.05900000,,,,,,,,,,96.32194840
2013-12-31,2.68800000,1.07000000,,,,,,,,,,96.54757840
2014-01-02,2.70000000,1.09300000,,,,,,,,,,96.37509680
2014-01-03,2.68000000,1.08400000,,,,,,,,,,96.11938280
2014-01-06,2.70400000,1.05300000,,,,,,,,,,95.93085640
2014-01-07,2.60700000,1.06600000,,,,,,,,,,96.10133240
2014-01-08,2.62500000,1.07500000,,,,,,,,,,96.36506880
2014-01-09,2.61100000,1.06800000,,,,,,,,,,96.26980280
2014-01-10,2.60000000,1.04600000,,,,,,,,,,96.33598760
2014-01-13,2.67800000,1.03300000,,,,,,,,,,96.44930400
2014-01-14,2.64200000,1.04300000,,,,,,,,,,96.36807720
2014-01-15,2.61000000,1.06000000,,,,,,,,,,96.44328720
2014-01-16,2.60000000,1.04900000,,,,,,,,,,96.44128160
2014-01-17,2.55500000,1.03700000,,,,,,,,,,96.29888400
2014-01-20,2.54000000,1.01800000,,,,,,,,,,96.24774120
2014-01-21,2.55500000,1.02800000,,,,,,,,,,96.59771840
2014-01-22,2.61300000,1.05100000,,,,,,,,,,96.89053600
2014-01-23,2.63600000,1.05200000,,,,,,,,,,96.96474320
2014-01-24,2.66600000,1.06100000,,,,,,,,,,96.89655280
2014-01-27,2.67000000,1.04700000,,,,,,,,,,97.31672600
2014-01-28,2.67200000,1.04900000,,,,,,,,,,97.27260280
2014-01-29,2.65000000,1.05900000,,,,,,,,,,97.23650200
2014-01-30,2.62000000,1.05800000,,,,,,,,,,97.27160000
2014-02-07,2.67000000,1.05300000,,,,,,,,,,97.33277080
2014-02-10,2.74000000,1.08900000,,,,,,,,,,97.34179600
2014-02-11,2.71300000,1.09900000,,,,,,,,,,97.39394160
2014-02-12,2.70200000,1.10200000,,,,,,,,,,97.39494440
2014-02-13,2.70200000,1.08300000,,,,,,,,,,97.44207600
2014-02-14,2.74000000,1.10100000,,,,,,,,,,97.58246800
2014-02-17,2.76700000,1.11200000,,,,,,,,,,97.54737000
2014-02-18,2.77500000,1.12000000,,,,,,,,,,97.59249600
2014-02-19,2.76800000,1.12300000,,,,,,,,,,97.84018760
2014-02-20,2.79000000,1.11500000,,,,,,,,,,97.77300000
2014-02-21,2.70200000,1.11200000,,,,,,,,,,97.63361080
2014-02-24,2.69700000,1.12100000,,,,,,,,,,97.79807000
2014-02-25,2.62000000,1.09700000,,,,,,,,,,98.00665240
2014-02-26,2.60000000,1.10500000,,,,,,,,,,98.00665240
2014-02-27,2.60000000,1.07000000,,,,,,,,,,98.24331320
2014-02-28,2.62700000,1.07500000,,,,,,,,,,98.20721240
2014-03-03,2.66800000,1.08500000,,,,,,,,,,98.13501080
2014-03-04,2.66000000,1.08000000,,,,,,,,,,97.77300000
2014-03-05,2.62100000,1.06500000,,,,,,,,,,97.72185720
2014-03-06,2.61300000,1.05600000,,,,,,,,,,97.79606440
2014-03-07,2.61700000,1.06000000,,,,,,,,,,97.74291600
2014-03-10,2.57000000,1.04000000,,,,,,,,,,97.73890480
2014-03-11,2.53000000,1.05400000,,,,,,,,,,97.80809800
2014-03-12,2.58500000,1.05600000,,,,,,,,,,97.81511760
2014-03-13,2.64700000,1.06300000,,,,,,,,,,98.08386800
2014-03-14,2.57800000,1.05000000,,,,,,,,,,98.12498280
2014-03-17,2.64700000,1.06300000,,,,,,,,,,98.22626560
2014-03-18,2.62700000,1.06800000,,,,,,,,,,98.03773920
2014-03-19,2.61200000,1.06100000,,,,,,,,,,97.96152640
2014-03-20,2.61800000,1.03500000,,,,,,,,,,97.91138640
2014-03-21,2.65000000,1.04800000,,,,,,,,,,98.12297720
2014-03-24,2.60400000,1.04500000,,,,,,,,,,98.13099960
2014-03-25,2.60000000,1.04500000,,,,,,,,,,98.07785120
2014-03-26,2.58700000,1.06000000,,,,,,,,,,98.07283720
2014-03-27,2.57000000,1.04400000,,,,,,,,,,98.04776720
2014-03-28,2.52900000,1.02800000,,,,,,,,,,97.88531360
2014-03-31,2.52800000,1.02600000,,,,,,,,,,97.83216520
2014-04-01,2.53800000,1.03200000,,,,,,,,,,97.78102240
2014-04-02,2.57400000,1.02000000,,,,,,,,,,97.69478160
2014-04-03,2.59900000,1.01500000,,,,,,,,,,97.69177320
2014-04-04,2.57000000,1.02300000,,,,,,,,,,97.59450160
2014-04-08,2.60600000,1.04200000,,,,,,,,,,97.66971160
2014-04-09,2.67600000,1.05000000,,,,,,,,,,97.76196920
2014-04-10,2.73000000,1.05100000,,,,,,,,,,97.87027160
2014-04-11,2.72000000,1.05700000,,,,,,,,,,98.12799120
2014-04-14,2.68600000,1.05500000,,,,,,,,,,98.22526280
2014-04-15,2.66200000,1.04700000,,,,,,,,,,98.55117280
2014-04-16,2.67000000,1.04600000,,,,,,,,,,98.24030480
2014-04-17,2.73200000,1.04100000,,,,,,,,,,98.80488120
2014-04-18,2.69700000,1.04000000,,,,,,,,,,98.82794560
2014-04-21,2.63000000,1.02900000,,,,,,,,,,98.95830960
2014-04-22,2.63000000,1.01400000,,,,,,,,,,98.56120080
2014-04-23,2.61800000,1.01000000,,,,,,,,,,98.62638280
2014-04-24,2.72200000,0.99700000,,,,,,,,,,98.29345320
2014-04-25,2.69900000,0.97900000,,,,,,,,,,98.58426520
2014-04-28,2.62100000,0.95400000,,,,,,,,,,98.44287040
2014-04-29,2.61700000,0.96300000,,,,,,,,,,98.56019800
2014-04-30,2.55300000,0.98000000,,,,,,,,,,98.89814160
2014-05-05,2.57000000,0.98800000,,,,,,,,,,99.03251680
2014-05-06,2.62000000,0.98900000,,,,,,,,,,99.11976040
2014-05-07,2.58000000,0.97700000,,,,,,,,,,98.97636000
2014-05-08,2.59900000,0.97700000,,,,,,,,,,99.13279680
2014-05-09,,0.97300000,,,,,,,,,,99.48979360
2014-05-12,2.60000000,0.98800000,,,,,,,,,,99.39753600
2014-05-13,,0.98600000,,,,,,,,,,99.36444360
2014-05-14,2.57800000,0.98900000,,,,,,,,,,99.23708800
2014-05-15,2.58000000,0.97700000,,,,,,,,,,99.32232600
2014-05-16,2.58400000,0.97000000,,,,,,,,,,99.32934560
2014-05-19,2.57900000,0.95600000,,,,,,,,,,99.26516640
2014-05-20,2.54800000,0.95600000,,,,,,,,,,99.28020840
2014-05-21,2.54800000,0.96500000,,,,,,,,,,99.22706000
2014-05-22,2.58000000,0.96500000,,,,,,,,,,99.35140720
2014-05-23,,0.97300000,,,,,,,,,,99.42160320
2014-05-26,2.50000000,0.99500000,,,,,,,,,,99.54595040
2014-05-27,2.54800000,0.99000000,,,,,,,,,,99.82573160
2014-05-28,2.54000000,0.99900000,,,,,,,,,,99.82874000
2014-05-29,2.64000000,0.99600000,,,,,,,,,,99.99821320
2014-05-30,2.53400000,0.99800000,,,,,,,,,,100.10651560
2014-06-03,2.53400000,1.00000000,,,,,,,,,,100.26997200
2014-06-04,2.51100000,0.98500000,,,,,,,,,,100.68212280
2014-06-05,2.52000000,0.99700000,,,,,,,,,,100.07041480
2014-06-06,2.53000000,0.99700000,,,,,,,,,,100.14161360
2014-06-09,2.51000000,0.99700000,,,,,,,,,,100.17671160
2014-06-10,2.51000000,1.00600000,,,,,,,,,,100.15765840
2014-06-11,2.50100000,1.01900000,,,,,,,,,,100.23988800
2014-06-12,2.53400000,1.01800000,,,,,,,,,,100.05838120
2014-06-13,2.54800000,1.02300000,,,,,,,,,,100.01526080
2014-06-16,2.55400000,1.01800000,,,,,,,,,,100.41537800
2014-06-17,2.52700000,1.01000000,,,,,,,,,,100.20278440
2014-06-18,2.53200000,1.00900000,,,,,,,,,,100.21582080
2014-06-19,2.50200000,0.99400000,,,,,,,,,,100.17972000
2014-06-20,2.51000000,1.00200000,,,,,,,,,,100.26896920
2014-06-23,2.48200000,1.00600000,,,,,,,,,,100.27899720
2014-06-24,2.53900000,1.01700000,,,,,,,,,,100.52468320
2014-06-25,2.53000000,1.01500000,,,,,,,,,,100.49459920
2014-06-26,2.53900000,1.02300000,,,,,,,,,,100.30005600
2014-06-27,2.45000000,1.02700000,,,,,,,,,,100.22083480
2014-06-30,2.55500000,1.03200000,,,,,,,,,,100.16568080
2014-07-01,2.52100000,1.03300000,,,,,,,,,,100.06540080
2014-07-02,2.56000000,1.03500000,,,,,,,,,,99.98718240
2014-07-03,2.65400000,1.05000000,,,,,,,,,,100.00322720
2014-07-04,2.60100000,1.03800000,,,,,,,,,,100.00122160
2014-07-07,2.54300000,1.03100000,,,,,,,,,,99.95910400
2014-07-08,2.53400000,1.03400000,,,,,,,,,,99.61514360
2014-07-09,2.52300000,1.01400000,,,,,,,,,,99.32232600
2014-07-10,2.50200000,1.01100000,,,,,,,,,,98.95931240
2014-07-11,2.52700000,1.01500000,,,,,,,,,,99.69035360
2014-07-14,2.52900000,1.02300000,,,,,,,,,,99.79665040
2014-07-15,2.55300000,1.02900000,,,,,,,,,,99.71843200
2014-07-16,2.55400000,1.02100000,,,,,,,,,,99.48177120
2014-07-17,2.52000000,1.01300000,,,,,,,,,,99.17190600
2014-07-18,2.55000000,1.01800000,,,,,,,,,,99.13981640
2014-07-21,2.57800000,1.02600000,,,,,,,,,,99.19196200
2014-07-22,2.58700000,1.03100000,,,,,,,,,,99.28221400
2014-07-23,2.57200000,1.01800000,,,,,,,,,,99.29123920
2014-07-24,2.56700000,1.02100000,,,,,,,,,,99.25112720
2014-07-25,2.62200000,1.02800000,,,,,,,,,,99.41458360
2014-07-28,2.68800000,1.03900000,,,,,,,,,,99.41157520
2014-07-29,2.70100000,1.04300000,,,,,,,,,,99.38750800
2014-07-30,2.70500000,1.05600000,,,,,,,,,,99.56400080
2014-07-31,2.76000000,1.05900000,,,,,,,,,,99.58405680
2014-08-01,2.73000000,1.06600000,,,,,,,,,,100.07442600
2014-08-04,2.75000000,1.07300000,,,,,,,,,,100.08244840
2014-08-05,2.78000000,1.06800000,,,,,,,,,,100.16367520
2014-08-06,2.77000000,1.06900000,,,,,,,,,,100.26094680
2014-08-07,2.75000000,1.06000000,,,,,,,,,,100.08545680
2014-08-08,2.75000000,1.06300000,,,,,,,,,,100.18172560
2014-08-11,2.75100000,1.07900000,,,,,,,,,,100.22685160
2014-08-12,2.79900000,1.07700000,,,,,,,,,,100.15966400
2014-08-13,2.75000000,1.06900000,,,,,,,,,,100.23387120
2014-08-14,2.72600000,1.06000000,,,,,,,,,,100.29504200
2014-08-15,2.80000000,1.07000000,,,,,,,,,,100.42139480
2014-08-18,2.80000000,1.08000000,,,,,,,,,,100.35420720
2014-08-19,2.81000000,1.08000000,,,,,,,,,,100.31710360
2014-08-20,2.79000000,1.07600000,,,,,,,,,,100.27799440
2014-08-21,2.81000000,1.07100000,,,,,,,,,,100.21983200
2014-08-22,2.80000000,1.08200000,,,,,,,,,,100.19275640
2014-08-25,2.80000000,1.07300000,,,,,,,,,,100.19175360
2014-08-26,2.77500000,1.05800000,,,,,,,,,,100.26796640
2014-08-27,2.76500000,1.05600000,,,,,,,,,,100.18874520
2014-08-28,2.75900000,1.04900000,,,,,,,,,,100.25192160
2014-08-29,2.76300000,1.05700000,,,,,,,,,,100.27298040
2014-09-01,2.79900000,1.07100000,,,,,,,,,,100.33014000
2014-09-02,2.84000000,1.08000000,,,,,,,,,,100.29604480
2014-09-03,2.90000000,1.08700000,,,,,,,,,,100.27498600
2014-09-04,2.86100000,1.08800000,,,,,,,,,,100.25392720
2014-09-05,2.90000000,1.09300000,,,,,,,,,,100.25192160
2014-09-09,2.75700000,1.10100000,,,,,,,,,,100.28100280
2014-09-10,2.92200000,1.09800000,,,,,,,,,,100.21582080
2014-09-11,2.91300000,1.08900000,,,,,,,,,,100.20378720
2014-09-12,2.91100000,1.09700000,,,,,,,,,,100.18172560
2014-09-15,2.92400000,1.10000000,,,,,,,,,,100.27598880
2014-09-16,2.87500000,1.07700000,,,,,,,,,,100.25994400
2014-09-17,2.84400000,1.09300000,,,,,,,,,,100.27899720
2014-09-18,2.86000000,1.11300000,,,,,,,,,,100.77137200
2014-09-19,2.90000000,1.11900000,,,,,,,,,,100.87365760
2014-09-22,2.86800000,1.10200000,,,,,,,,,,100.97494040
2014-09-23,2.89000000,1.11100000,,,,,,,,,,101.23466560
2014-09-24,2.94000000,1.12000000,,,,,,,,,,100.76936640
2014-09-25,2.90700000,1.11400000,,,,,,,,,,100.81750080
2014-09-26,2.90800000,1.11600000,,,,,,,,,,100.74128800
2014-09-29,2.93800000,1.12600000,,,,,,,,,,100.97895160
2014-09-30,2.96500000,1.13200000,,,,,,,,,,101.42118640
2014-10-08,2.98000000,1.17100000,,,,,,,,,,101.36202120
2014-10-09,2.96000000,1.16400000,,,,,,,,,,101.39511360
2014-10-10,2.93400000,1.16300000,,,,,,,,,,101.35099040
2014-10-13,2.93600000,1.16800000,,,,,,,,,,101.43622840
2014-10-14,2.93000000,1.16500000,,,,,,,,,,102.14119680
2014-10-15,2.94000000,1.18600000,,,,,,,,,,102.51423840
2014-10-16,2.91800000,1.17100000,,,,,,,,,,102.81808680
2014-10-17,2.88700000,1.16000000,,,,,,,,,,103.08784000
2014-10-20,2.93000000,1.17000000,,,,,,,,,,103.26433280
2014-10-21,2.89300000,1.15500000,,,,,,,,,,103.01864680
2014-10-22,2.88800000,1.13500000,,,,,,,,,,102.50822160
2014-10-23,2.85000000,1.12000000,,,,,,,,,,102.62354360
2014-10-24,2.84700000,1.12200000,,,,,,,,,,102.66666400
2014-10-27,2.83500000,1.13800000,,,,,,,,,,102.58944840
2014-10-28,2.87700000,1.15200000,,,,,,,,,,102.96549840
2014-10-29,2.89000000,1.15600000,,,,,,,,,,103.21218720
2014-10-30,2.93800000,1.16100000,,,,,,,,,,103.12694920
2014-10-31,2.93100000,1.15300000,,,,,,,,,,103.09285400
2014-11-03,2.91000000,1.15400000,,,,,,,,,,103.31146440
2014-11-04,2.87800000,1.14000000,,,,,,,,,,103.82890920
2014-11-05,2.88800000,1.14000000,,,,,,,,,,104.09966520
2014-11-06,2.87700000,1.14400000,,,,,,,,,,103.84094280
2014-11-07,2.86000000,1.13000000,,,,,,,,,,104.27014120
2014-11-10,2.91500000,1.14200000,,,,,,,,,,104.55694200
2014-11-11,2.89000000,1.12300000,,,,,,,,,,104.48273480
2014-11-12,2.92500000,1.13300000,,,,,,,,,,104.44863960
2014-11-13,2.94800000,1.12400000,,,,,,,,,,104.22902640
2014-11-14,2.99100000,1.13700000,,,,,,,,,,104.09364840
2014-11-17,2.96100000,1.14100000,,,,,,,,,,103.75670760
2014-11-18,2.93700000,1.13600000,,,,,,,,,,104.13175480
2014-11-19,2.93000000,1.15200000,,,,,,,,,,103.89108280
2014-11-20,2.92100000,1.14000000,,,,,,,,,,103.88506600
2014-11-21,2.95400000,1.14300000,,,,,,,,,,103.93320040
2014-11-24,3.00100000,1.14000000,,,,,,,,,,104.14679680
2014-11-25,3.02500000,1.15300000,,,,,,,,,,104.28217480
2014-11-26,3.03200000,1.15500000,,,,,,,,,,104.26111600
2014-11-27,3.07500000,1.16200000,,,,,,,,,,104.33432040
2014-11-28,3.04800000,1.15800000,,,,,,,,,,104.38646600
2014-12-01,3.08500000,1.16600000,,,,,,,,,,104.51181600
2014-12-02,3.10200000,1.17000000,,,,,,,,,,104.34334560
2014-12-03,3.15100000,1.18100000,,,,,,,,,,103.61230440
2014-12-04,3.17500000,1.20500000,,,,,,,,,,103.17608640
2014-12-05,3.18300000,1.18100000,,,,,,,,,,102.82310080
2014-12-08,3.18000000,1.18200000,,,,,,,,,,102.59145400
2014-12-09,3.10100000,1.15400000,,,,,,,,,,102.54532520
2014-12-10,3.30700000,1.19300000,,,,,,,,,,102.74688800
2014-12-11,3.26000000,1.19000000,,,,,,,,,,102.82410360
2014-12-12,3.25200000,1.19800000,,,,,,,,,,102.96148720
2014-12-15,3.35500000,1.22500000,,,,,,,,,,103.07781200
2014-12-16,3.35000000,1.22000000,,,,,,,,,,103.19513960
2014-12-17,3.26000000,1.19600000,,,,,,,,,,103.70957600
2014-12-18,3.26000000,1.18500000,,,,,,,,,,103.40973880
2014-12-19,3.23500000,1.17500000,,,,,,,,,,103.47492080
2014-12-22,3.16000000,1.14300000,,,,,,,,,,103.49397400
2014-12-23,3.31000000,1.13400000,,,,,,,,,,103.67949200
2014-12-24,3.30900000,1.15100000,,,,,,,,,,103.96829840
2014-12-25,3.35100000,1.15600000,,,,,,,,,,103.91414720
2014-12-26,3.30000000,1.16200000,,,,,,,,,,103.79381120
2014-12-29,3.26100000,1.14700000,,,,,,,,,,103.79280840
2014-12-30,3.26900000,1.14700000,,,,,,,,,,103.55414200
2014-12-31,3.20300000,1.14800000,,,,,,,,,,103.68751440
2015-01-05,3.35000000,1.16600000,,,,,,,,,,103.58522880
2015-01-06,3.41500000,1.20200000,,,,,,,,,,103.65141360
2015-01-07,3.40500000,1.18800000,,,,,,,,,,103.78177760
2015-01-08,3.30500000,1.19100000,,,,,,,,,,103.80785040
2015-01-09,3.35800000,1.18600000,,,,,,,,,,104.00540200
2015-01-12,3.30000000,1.19000000,,,,,,,,,,104.28117200
2015-01-13,3.36900000,1.20800000,,,,,,,,,,104.51983840
2015-01-14,3.36600000,1.21000000,,,,,,,,,,104.63415760
2015-01-15,3.38800000,1.21200000,,,,,,,,,,104.95003960
2015-01-16,3.33500000,1.21800000,,,,,,,,,,105.51160760
2015-01-19,3.23000000,1.19200000,,,,,,,,,,105.83852040
2015-01-20,3.31500000,1.22700000,,,,,,,,,,105.84353440
2015-01-21,3.38900000,1.24500000,,,,,,,,,,105.91072200
2015-01-22,3.47100000,1.26500000,,,,,,,,,,105.93880040
2015-01-23,3.47000000,1.25300000,,,,,,,,,,105.98894040
2015-01-26,3.48700000,1.27500000,,,,,,,,,,106.11629600
2015-01-27,3.46700000,1.27200000,,,,,,,,,,106.21557320
2015-01-28,3.49500000,1.26200000,,,,,,,,,,106.14537720
2015-01-29,3.43000000,1.23900000,,,,,,,,,,105.98492920
2015-01-30,3.36700000,1.23500000,,,,,,,,,,105.60787640
2015-02-02,3.32900000,1.24800000,,,,,,,,,,105.75227960
2015-02-03,3.40000000,1.25100000,,,,,,,,,,105.96888440
2015-02-04,3.33800000,1.23400000,,,,,,,,,,106.12732680
2015-02-05,3.34000000,1.22100000,,,,,,,,,,106.32989240
2015-02-06,3.30000000,1.20900000,,,,,,,,,,106.75006560
2015-02-09,3.30000000,1.20800000,,,,,,,,,,106.89346600
2015-02-10,3.29100000,1.21000000,,,,,,,,,,106.23663200
2015-02-11,3.32200000,1.22400000,,,,,,,,,,106.78516360
2015-02-12,3.37000000,1.22700000,,,,,,,,,,107.07196440
2015-02-13,3.49800000,1.24600000,,,,,,,,,,107.26149360
2015-02-16,3.50000000,1.26100000,,,,,,,,,,106.97569560
2015-02-17,3.56500000,1.26800000,,,,,,,,,,107.19731440
2015-02-25,3.51100000,1.26600000,,,,,,,,,,107.20333120
2015-02-26,3.55000000,1.27100000,,,,,,,,,,107.00577960
2015-02-27,3.57800000,1.26900000,,,,,,,,,,107.02784120
2015-03-02,3.60100000,1.27900000,,,,,,,,,,106.70493960
2015-03-03,3.57200000,1.28100000,,,,,,,,,,106.65680520
2015-03-04,3.64200000,1.32300000,,,,,,,,,,106.73301800
2015-03-05,3.70400000,1.32300000,,,,,,,,,,106.55351680
2015-03-06,3.79000000,1.30400000,,,,,,,,,,106.51942160
2015-03-09,3.68500000,1.31900000,,,,,,,,,,106.17145000
2015-03-10,3.67100000,1.33600000,,,,,,,,,,106.04309160
2015-03-11,3.66000000,1.32400000,,,,,,,,,,106.59764000
2015-03-12,3.69000000,1.32300000,,,,,,,,,,106.60064840
2015-03-13,3.73000000,1.33900000,,,,,,,,,,106.51440760
2015-03-16,3.84600000,1.37600000,,,,,,,,,,106.51240200
2015-03-17,3.94200000,1.37400000,,,,,,,,,,106.57557840
2015-03-18,3.92000000,1.39700000,,,,,,,,,,106.55151120
2015-03-19,3.88400000,1.38900000,,,,,,,,,,106.55351680
2015-03-20,3.91900000,1.40000000,,,,,,,,,,106.57056440
2015-03-23,3.99500000,1.41900000,,,,,,,,,,106.64076040
2015-03-24,4.01800000,1.44600000,,,,,,,,,,106.63975760
2015-03-25,4.05800000,1.46400000,,,,,,,,,,106.64978560
2015-03-26,4.04900000,1.45400000,,,,,,,,,,106.62070440
2015-03-27,4.05200000,1.47100000,,,,,,,,,,106.53747200
2015-03-30,4.12100000,1.49400000,,,,,,,,,,106.03406640
2015-03-31,4.14700000,1.48900000,,,,,,,,,,105.34012880
2015-04-01,4.16900000,1.52400000,,,,,,,,,,105.71417320
2015-04-02,4.20600000,1.53200000,,,,,,,,,,105.91573600
2015-04-03,4.23000000,1.54700000,,,,,,,,,,105.79439720
2015-04-07,4.31800000,1.58700000,,,,,,,,,,105.71918720
2015-04-08,4.29200000,1.56900000,,,,,,,,,,105.54971400
2015-04-09,4.18000000,1.55600000,,,,,,,,,,105.62392120
2015-04-10,4.30000000,1.60300000,,,,,,,,,,105.68208360
2015-04-13,4.49900000,1.67200000,,,,,,,,,,105.76130480
2015-04-14,4.52900000,1.67400000,,,,,,,,,,105.93880040
2015-04-15,4.49500000,1.62400000,,,,,,,,,,105.90771360
2015-04-16,4.48800000,1.66000000,,,,,,,,,,106.59463160
2015-04-17,4.48600000,1.67000000,,,,,,,,,,106.61067640
2015-04-20,4.41800000,1.61200000,,,,,,,,,,106.95864800
2015-04-21,4.58700000,1.67700000,,,,,,,,,,107.01580760
2015-04-22,4.76500000,1.72000000,,,,,,,,,,107.24143760
2015-04-23,4.68500000,1.70600000,,,,,,,,,,107.13614360
2015-04-24,4.75000000,1.73600000,,,,,,,,,,106.94862000
2015-04-27,4.80500000,1.75000000,,,,,,,,,,107.23943200
2015-04-28,4.37700000,1.71500000,,,,,,,,,,107.35876520
2015-04-29,4.80400000,1.73600000,,,,,,,,,,107.39887720
2015-04-30,4.75200000,1.73500000,,,,,,,,,,107.53024400
2015-05-04,4.78400000,1.72300000,,,,,,,,,,107.21135360
2015-05-05,4.56700000,1.69600000,,,,,,,,,,107.16723040
2015-05-06,4.56000000,1.69100000,,,,,,,,,,106.75307400
2015-05-07,4.45200000,1.65500000,,,,,,,,,,106.95664240
2015-05-08,4.53800000,1.69000000,,,,,,,,,,107.32868120
2015-05-11,4.70000000,1.75500000,,,,,,,,,,107.49815440
2015-05-12,4.72900000,1.77700000,,,,,,,,,,107.48010400
2015-05-13,4.75500000,1.77500000,,,,,,,,,,107.43196960
2015-05-14,4.79900000,1.77600000,,,,,,,,,,107.65759960
2015-05-15,4.77200000,1.74000000,,,,,,,,,,107.67264160
2015-05-18,4.71000000,1.77700000,,,,,,,,,,107.70072000
2015-05-19,4.69000000,1.81500000,,,,,,,,,,107.49314040
2015-05-20,4.80000000,1.83000000,,,,,,,,,,107.38483800
2015-05-21,4.92000000,1.90500000,,,,,,,,,,107.24544880
2015-05-22,5.10500000,1.93400000,,,,,,,,,,107.33971200
2015-05-25,5.38900000,1.97400000,,,,,,,,,,107.33469800
2015-05-26,5.45000000,2.00200000,,,,,,,,,,107.31363920
2015-05-27,5.39800000,2.03100000,,,,,,,,,,107.20533680
2015-05-28,5.02200000,1.93100000,,,,,,,,,,107.22840120
2015-05-29,4.97800000,1.99000000,,,,,,,,,,106.60867080
2015-06-01,5.29700000,2.08400000,,,,,,,,,,106.09624000
2015-06-02,5.30200000,2.10000000,,,,,,,,,,106.26671600
2015-06-03,5.36000000,2.09000000,,,,,,,,,,106.89346600
2015-06-04,5.39600000,2.07100000,,,,,,,,,,106.98873200
2015-06-05,5.45000000,2.11000000,,,,,,,,,,107.35074280
2015-06-08,5.55900000,2.08500000,,,,,,,,,,107.45102280
2015-06-09,5.55300000,2.07200000,,,,,,,,,,107.23842920
2015-06-10,6.00000000,2.09200000,,,,,,,,,,106.99174040
2015-06-11,5.98600000,2.13300000,,,,,,,,,,107.03887200
2015-06-12,5.87000000,2.14600000,,,,,,,,,,106.90850800
2015-06-15,5.86300000,2.10700000,,,,,,,,,,106.49635720
2015-06-16,5.75300000,2.02500000,,,,,,,,,,106.49334880
2015-06-17,5.68400000,2.05000000,,,,,,,,,,106.34694000
2015-06-18,5.85000000,1.97500000,,,,,,,,,,106.41813880
2015-06-19,5.49300000,1.87500000,,,,,,,,,,106.49535440
2015-06-23,5.16000000,1.92300000,,,,,,,,,,106.68989760
2015-06-24,5.18000000,1.94900000,,,,,,,,,,106.95463680
2015-06-25,5.11000000,1.89900000,,,,,,,,,,106.49736000
2015-06-26,4.76400000,1.71300000,,,,,,,,,,106.09122600
2015-06-29,4.33000000,1.64300000,,,,,,,,,,106.24666000
2015-06-30,4.76300000,1.80600000,,,,,,,,,,106.18448640
2015-07-01,4.84000000,1.74800000,,,,,,,,,,106.36699600
2015-07-02,4.43200000,1.64600000,,,,,,,,,,106.11930440
2015-07-03,4.22100000,1.51600000,,,,,,,,,,106.20353960
2015-07-06,4.53800000,1.59300000,,,,,,,,,,106.88845200
2015-07-07,4.13800000,1.43400000,,,,,,,,,,107.59943720
2015-07-08,3.72400000,1.29100000,,,,,,,,,,108.11989040
2015-07-09,4.09600000,1.42000000,,,,,,,,,,107.95442840
2015-07-10,4.50600000,1.56200000,,,,,,,,,,107.34171760
2015-07-13,4.75900000,1.71800000,,,,,,,,,,107.48411520
2015-07-14,4.50300000,1.70800000,,,,,,,,,,107.37982400
2015-07-15,4.07500000,1.56000000,,,,,,,,,,107.63353240
2015-07-16,4.11500000,1.60300000,,,,,,,,,,108.20212000
2015-07-17,4.34900000,1.70200000,,,,,,,,,,108.90909400
2015-07-20,4.43300000,1.68700000,,,,,,,,,,108.70452280
2015-07-21,4.41500000,1.69600000,,,,,,,,,,108.66340800
2015-07-22,4.41900000,1.71000000,,,,,,,,,,108.61928480
2015-07-23,4.48200000,1.76800000,,,,,,,,,,108.75366000
2015-07-24,4.38700000,1.71400000,,,,,,,,,,108.34552040
2015-07-27,4.18500000,1.55400000,,,,,,,,,,108.40167720
2015-07-28,4.06300000,1.57400000,,,,,,,,,,108.67744720
2015-07-29,4.25100000,1.63900000,,,,,,,,,,109.02541880
2015-07-30,4.18000000,1.60700000,,,,,,,,,,108.56914480
2015-07-31,4.15000000,1.57800000,,,,,,,,,,108.48290400
2015-08-03,4.05300000,1.61000000,,,,,,,,,,108.69650040
2015-08-04,4.20000000,1.67700000,,,,,,,,,,108.48490960
2015-08-05,4.12000000,1.64100000,,,,,,,,,,108.72658440
2015-08-06,4.10400000,1.63100000,,,,,,,,,,108.92614160
2015-08-07,4.21500000,1.66500000,,,,,,,,,,108.99332920
2015-08-10,4.48500000,1.74200000,,,,,,,,,,108.96725640
2015-08-11,4.42900000,1.72700000,,,,,,,,,,108.89706040
2015-08-12,4.40000000,1.69400000,,,,,,,,,,108.82586160
2015-08-13,4.46000000,1.70900000,,,,,,,,,,108.71154240
2015-08-14,4.61000000,1.72100000,,,,,,,,,,108.66140240
2015-08-17,4.70800000,1.77300000,,,,,,,,,,108.32045040
2015-08-18,4.61000000,1.67900000,,,,,,,,,,107.93637800
2015-08-19,4.60700000,1.70500000,,,,,,,,,,107.99955440
2015-08-20,4.58800000,1.64500000,,,,,,,,,,107.98752080
2015-08-21,4.44200000,1.58500000,,,,,,,,,,108.01459640
2015-08-24,4.41700000,1.42700000,,,,,,,,,,108.18507240
2015-08-25,3.97500000,1.28400000,,,,,,,,,,108.30240000
2015-08-26,3.81200000,1.30500000,,,,,,,,,,108.40268000
2015-08-27,3.64600000,1.39300000,,,,,,,,,,108.68145840
2015-08-28,3.75000000,1.44700000,,,,,,,,,,108.83588960
2015-08-31,3.71500000,1.40800000,,,,,,,,,,109.07054480
2015-09-01,3.65000000,1.34000000,,,,,,,,,,109.43556400
2015-09-02,3.67000000,1.35600000,,,,,,,,,,109.42052200
2015-09-07,3.69800000,1.36200000,,,,,,,,,,109.32425320
2015-09-08,3.73300000,1.41500000,,,,,,,,,,108.94318920
2015-09-09,3.75300000,1.42800000,,,,,,,,,,108.97126760
2015-09-10,3.75000000,1.42000000,,,,,,,,,,108.75366000
2015-09-11,3.87800000,1.40900000,,,,,,,,,,108.51699920
2015-09-14,3.64600000,1.35500000,,,,,,,,,,108.69248920
2015-09-15,3.62000000,1.31500000,,,,,,,,,,108.73159840
2015-09-16,3.81000000,1.40500000,,,,,,,,,,108.70352000
2015-09-17,3.70000000,1.34400000,,,,,,,,,,108.67544160
2015-09-18,3.78400000,1.35300000,,,,,,,,,,108.66140240
2015-09-21,3.78400000,1.39000000,,,,,,,,,,108.68045560
2015-09-22,3.77000000,1.39500000,,,,,,,,,,108.60825400
2015-09-23,3.76900000,1.36900000,,,,,,,,,,108.62429880
2015-09-24,3.80000000,1.39200000,,,,,,,,,,108.61828200
2015-09-25,3.73400000,1.35600000,,,,,,,,,,108.58117840
2015-09-28,3.72900000,1.36700000,,,,,,,,,,108.60424280
2015-09-29,3.58000000,1.35100000,,,,,,,,,,108.73260120
2015-09-30,3.69900000,1.35700000,,,,,,,,,,108.99533480
2015-10-08,3.70100000,1.43500000,,,,,,,,,,108.88302120
2015-10-09,3.77800000,1.44000000,,,,,,,,,,109.16510600
2015-10-12,3.88000000,1.48500000,,,,,,,,,,109.75212400
2015-10-13,3.81900000,1.47500000,,,,,,,,,,109.61245420
2015-10-14,3.81000000,1.45800000,,,,,,,,,,109.93733830
2015-10-15,3.84800000,1.49000000,,,,,,,,,,109.76325710
2015-10-16,3.85600000,1.49100000,,,,,,,,,,109.32299360
2015-10-19,3.84800000,1.50000000,,,,,,,,,,109.37157440
2015-10-20,3.85600000,1.51500000,,,,,,,,,,109.90292690
2015-10-21,3.80100000,1.49000000,,,,,,,,,,109.81183790
2015-10-22,3.83600000,1.52900000,,,,,,,,,,109.71771260
2015-10-23,3.89900000,1.57700000,,,,,,,,,,109.85232190
2015-10-26,3.92000000,1.58700000,,,,,,,,,,109.97883440
2015-10-27,3.93600000,1.59000000,,,,,,,,,,110.16708500
2015-10-28,3.90400000,1.56000000,,,,,,,,,,110.35938400
2015-10-29,3.90600000,1.57200000,,,,,,,,,,110.06385080
2015-10-30,3.93700000,1.57200000,,,,,,,,,,110.12154050
2015-11-02,3.92700000,1.54200000,,,,,,,,,,110.15291560
2015-11-03,3.88100000,1.53300000,,,,,,,,,,110.08915330
2015-11-04,3.92100000,1.60400000,,,,,,,,,,109.71771260
2015-11-05,3.98100000,1.59800000,,,,,,,,,,109.70354320
2015-11-06,4.01400000,1.61700000,,,,,,,,,,109.53148620
2015-11-09,4.05000000,1.61900000,,,,,,,,,,108.51128940
2015-11-10,4.01500000,1.61800000,,,,,,,,,,108.80176210
2015-11-11,4.04700000,1.62900000,,,,,,,,,,109.22279570
2015-11-12,4.03300000,1.64200000,,,,,,,,,,109.31995730
2015-11-13,3.96200000,1.60200000,,,,,,,,,,109.30983630
2015-11-16,3.97900000,1.62800000,,,,,,,,,,109.33918720
2015-11-17,4.16300000,1.62600000,,,,,,,,,,109.45861500
2015-11-18,4.03300000,1.59800000,,,,,,,,,,109.25923130
2015-11-19,4.09700000,1.62100000,,,,,,,,,,109.31894520
2015-11-20,4.38200000,1.62400000,,,,,,,,,,109.33007830
2015-11-23,4.39500000,1.60400000,,,,,,,,,,109.32906620
2015-11-24,4.35400000,1.60500000,,,,,,,,,,109.57804280
2015-11-25,4.20100000,1.62700000,,,,,,,,,,109.58310330
2015-11-26,4.20000000,1.61400000,,,,,,,,,,109.80778950
2015-11-27,3.99500000,1.53400000,,,,,,,,,,109.75516030
2015-11-30,4.07800000,1.53600000,,,,,,,,,,109.89179380
2015-12-01,4.00100000,1.56100000,,,,,,,,,,109.74503930
2015-12-02,4.16000000,1.58000000,,,,,,,,,,109.91406000
2015-12-03,4.15900000,1.60300000,,,,,,,,,,109.94948350
2015-12-04,4.08300000,1.59200000,,,,,,,,,,109.93025360
2015-12-07,4.09500000,1.63500000,,,,,,,,,,109.98591910
2015-12-08,4.02300000,1.61500000,,,,,,,,,,110.04057250
2015-12-09,3.97200000,1.60800000,,,,,,,,,,110.02640310
2015-12-10,4.02100000,1.61400000,,,,,,,,,,110.07295970
2015-12-11,4.12900000,1.60400000,,,,,,,,,,110.07498390
2015-12-14,4.00300000,1.61600000,,,,,,,,,,109.94442300
2015-12-15,4.10000000,1.62500000,,,,,,,,,,110.01931840
2015-12-16,4.18400000,1.62000000,,,,,,,,,,110.10129850
2015-12-17,4.19500000,1.65000000,,,,,,,,,,110.13773410
2015-12-18,4.20000000,1.66500000,,,,,,,,,,110.42011000
2015-12-21,4.23900000,1.72100000,,,,,,,,,,110.84620410
2015-12-22,4.22000000,1.71300000,,,,,,,,,,110.78345390
2015-12-23,4.24800000,1.71900000,,,,,,,,,,110.82596210
2015-12-24,4.18900000,1.70200000,,,,,,,,,,110.97474080
2015-12-25,4.20200000,1.71000000,,,,,,,,,,110.92616000
2015-12-28,4.16300000,1.68300000,,,,,,,,,,111.39678650
2015-12-29,4.10700000,1.69000000,,,,,,,,,,111.32897580
2015-12-30,4.18100000,1.69500000,,,,,,,,,,111.29760070
2015-12-31,4.21200000,1.70200000,,,,,,,,,,111.17412450
2016-01-04,4.00000000,1.56400000,,,,,,,,,,110.83001050
2016-01-05,3.95000000,1.55500000,,,,,,,,,,110.76422400
2016-01-06,4.00100000,1.57700000,,,,,,,,,,110.79964750
2016-01-07,3.99000000,1.48800000,,,,,,,,,,110.91705110
2016-01-08,4.07900000,1.48000000,,,,,,,,,,111.17918500
2016-01-11,4.07600000,1.38600000,,,,,,,,,,111.22979000
2016-01-12,3.80000000,1.39200000,,,,,,,,,,111.52532320
2016-01-13,3.79900000,1.34900000,,,,,,,,,,111.65892040
2016-01-14,3.57700000,1.39100000,,,,,,,,,,111.51823850
2016-01-15,3.45100000,1.34400000,,,,,,,,,,111.62248480
2016-01-18,3.38200000,1.35300000,,,,,,,,,,111.50204490
2016-01-19,3.48500000,1.39900000,,,,,,,,,,111.20954800
2016-01-20,3.47600000,1.38100000,,,,,,,,,,111.17210030
2016-01-21,3.39500000,1.35100000,,,,,,,,,,111.42917370
2016-01-22,3.38800000,1.34600000,,,,,,,,,,111.44435520
2016-01-25,3.39900000,1.36500000,,,,,,,,,,111.29760070
2016-01-26,3.24100000,1.28400000,,,,,,,,,,111.35933880
2016-01-27,3.22100000,1.27500000,,,,,,,,,,111.15793090
2016-01-28,3.16500000,1.23100000,,,,,,,,,,111.08404760
2016-01-29,3.24800000,1.27500000,,,,,,,,,,111.13465260
2016-02-01,3.19900000,1.26900000,,,,,,,,,,111.13262840
2016-02-02,3.26000000,1.30700000,,,,,,,,,,111.11744690
2016-02-03,3.25400000,1.30900000,,,,,,,,,,111.23991100
2016-02-04,3.25700000,1.33100000,,,,,,,,,,111.20347540
2016-02-05,3.28400000,1.32900000,,,,,,,,,,111.23485050
2016-02-15,3.26300000,1.33400000,,,,,,,,,,111.44233100
2016-02-16,3.37400000,1.37600000,,,,,,,,,,111.43828260
2016-02-17,3.36100000,1.37700000,,,,,,,,,,111.44131890
2016-02-18,3.37900000,1.36500000,,,,,,,,,,111.37350820
2016-02-19,3.37100000,1.36900000,,,,,,,,,,111.47168190
2016-02-22,3.41900000,1.38600000,,,,,,,,,,111.46763350
2016-02-23,3.41900000,1.38000000,,,,,,,,,,111.53038370
2016-02-24,3.42500000,1.38000000,,,,,,,,,,111.70142860
2016-02-25,3.23900000,1.29200000,,,,,,,,,,111.61337590
2016-02-26,3.25500000,1.30400000,,,,,,,,,,111.69738020
2016-02-29,3.14000000,1.26000000,,,,,,,,,,111.70851330
2016-03-01,3.19900000,1.27100000,,,,,,,,,,111.86741300
2016-03-02,3.30000000,1.31700000,,,,,,,,,,111.90789700
2016-03-03,3.32900000,1.32100000,,,,,,,,,,111.83502580
2016-03-04,3.32800000,1.31000000,,,,,,,,,,111.77126350
2016-03-07,3.34500000,1.31800000,,,,,,,,,,111.73482790
2016-03-08,3.36100000,1.32100000,,,,,,,,,,111.75709410
2016-03-09,3.31400000,1.30900000,,,,,,,,,,111.83705000
2016-03-10,3.26600000,1.28700000,,,,,,,,,,111.97773190
2016-03-11,3.27800000,1.28100000,,,,,,,,,,112.27933770
2016-03-14,3.34700000,1.32100000,,,,,,,,,,112.01113120
2016-03-15,3.33600000,1.33000000,,,,,,,,,,111.97469560
2016-03-16,3.37600000,1.33200000,,,,,,,,,,112.16193410
2016-03-17,3.39000000,1.35100000,,,,,,,,,,112.16092200
2016-03-18,3.42500000,1.37300000,,,,,,,,,,112.15990990
2016-03-21,3.48800000,1.39500000,,,,,,,,,,112.05363940
2016-03-22,3.48800000,1.38900000,,,,,,,,,,112.17104300
2016-03-23,3.49800000,1.38900000,,,,,,,,,,112.29249500
2016-03-24,3.45300000,1.37500000,,,,,,,,,,112.53944740
2016-03-25,3.48600000,1.38100000,,,,,,,,,,112.66191150
2016-03-28,3.48200000,1.38300000,,,,,,,,,,112.70441970
2016-03-29,3.49300000,1.35700000,,,,,,,,,,112.74692790
2016-03-30,3.49900000,1.40100000,,,,,,,,,,112.80866600
2016-03-31,3.50000000,1.40000000,,,,,,,,,,112.77830300
2016-04-01,3.48900000,1.39300000,,,,,,,,,,113.09407820
2016-04-05,3.55500000,1.41600000,,,,,,,,,,112.92809380
2016-04-06,3.54900000,1.42700000,,,,,,,,,,112.96048100
2016-04-07,3.53700000,1.41100000,,,,,,,,,,112.87242830
2016-04-08,,1.40300000,,,,,,,,,,112.86939200
2016-04-11,3.54000000,1.43200000,,,,,,,,,,112.87242830
2016-04-12,3.50000000,1.42000000,,,,,,,,,,112.84510160
2016-04-13,3.55300000,1.43100000,,,,,,,,,,112.65482680
2016-04-14,3.54800000,1.43500000,,,,,,,,,,112.49491500
2016-04-15,3.56000000,1.43800000,,,,,,,,,,112.48884240
2016-04-18,3.53800000,1.41500000,,,,,,,,,,112.55968940
2016-04-19,3.52800000,1.41800000,,,,,,,,,,112.60624600
2016-04-20,3.49700000,1.37100000,,,,,,,,,,112.47366090
2016-04-21,3.47900000,1.35500000,,,,,,,,,,111.99190130
2016-04-22,3.48300000,1.36400000,,,,,,,,,,111.96356250
2016-04-25,3.47500000,1.35800000,,,,,,,,,,111.36136300
2016-04-26,3.38100000,1.36700000,,,,,,,,,,111.53240790
2016-04-27,3.48000000,1.36000000,,,,,,,,,,111.63159370
2016-04-28,3.39300000,1.35100000,,,,,,,,,,111.98279240
2016-04-29,3.45300000,1.35700000,,,,,,,,,,112.02833690
2016-05-03,3.54000000,1.38600000,,,,,,,,,,112.09209920
2016-05-04,3.51700000,1.38700000,,,,,,,,,,112.06983300
2016-05-05,3.57400000,1.38500000,,,,,,,,,,112.14371630
2016-05-06,3.59900000,1.35100000,,,,,,,,,,112.07286930
2016-05-09,3.43700000,1.32000000,,,,,,,,,,112.16193410
2016-05-10,3.46900000,1.32100000,,,,,,,,,,112.32488220
2016-05-11,3.48600000,1.35400000,,,,,,,,,,112.39066870
2016-05-12,3.41800000,1.33900000,,,,,,,,,,112.58802820
2016-05-13,3.49500000,1.34000000,,,,,,,,,,112.65077840
2016-05-16,3.51900000,1.35300000,,,,,,,,,,112.36941460
2016-05-17,3.50000000,1.35600000,,,,,,,,,,112.38763240
2016-05-18,3.41000000,1.33500000,,,,,,,,,,112.27427720
2016-05-19,3.43000000,1.33500000,,,,,,,,,,112.17610350
2016-05-20,3.42800000,1.34000000,,,,,,,,,,112.32285800
2016-05-23,3.45000000,1.34600000,,,,,,,,,,112.22772060
2016-05-24,3.43600000,1.34000000,,,,,,,,,,112.24087790
2016-05-25,,1.33000000,,,,,,,,,,112.29553130
2016-05-26,3.43300000,1.32600000,,,,,,,,,,112.22468430
2016-05-27,3.39500000,1.32900000,,,,,,,,,,112.23784160
2016-05-30,3.42500000,1.32300000,,,,,,,,,,112.19432130
2016-05-31,3.50000000,1.36000000,,,,,,,,,,112.23278110
2016-06-01,3.54700000,1.36000000,,,,,,,,,,112.24593840
2016-06-02,3.54600000,1.35900000,,,,,,,,,,112.14068000
2016-06-03,3.55000000,1.38000000,,,,,,,,,,112.09513550
2016-06-06,3.52600000,1.37600000,,,,,,,,,,112.11132910
2016-06-07,3.54600000,1.36800000,,,,,,,,,,112.13460740
2016-06-08,3.54100000,1.36200000,,,,,,,,,,112.23885370
2016-06-13,3.45600000,1.32200000,,,,,,,,,,112.25201100
2016-06-14,,1.32400000,,,,,,,,,,112.42204380
2016-06-15,3.51300000,1.34100000,,,,,,,,,,112.43621320
2016-06-16,3.50700000,1.33400000,,,,,,,,,,112.52224170
2016-06-17,3.50700000,1.34200000,,,,,,,,,,112.56879830
2016-06-20,3.50700000,1.34400000,,,,,,,,,,112.46758830
2016-06-21,3.83800000,1.33100000,,,,,,,,,,112.48175770
2016-06-22,3.77800000,1.34600000,,,,,,,,,,112.54754420
2016-06-23,3.66800000,1.35200000,,,,,,,,,,112.60219760
2016-06-24,3.44400000,1.33500000,,,,,,,,,,112.77121830
2016-06-27,3.52800000,1.35500000,,,,,,,,,,113.00501340
2016-06-28,3.53500000,1.39800000,,,,,,,,,,112.98072300
2016-06-29,3.51400000,1.38100000,,,,,,,,,,112.89975500
2016-06-30,3.53300000,1.38900000,,,,,,,,,,112.90886390
2016-07-01,3.55100000,1.38700000,,,,,,,,,,113.20338500
2016-07-04,3.64800000,1.40700000,,,,,,,,,,113.20338500
2016-07-05,3.64200000,1.40900000,,,,,,,,,,113.21046970
2016-07-06,3.65000000,1.42700000,,,,,,,,,,113.34710320
2016-07-07,3.72700000,1.44900000,,,,,,,,,,113.45742210
2016-07-08,3.68600000,1.43400000,,,,,,,,,,113.35317580
2016-07-11,3.74300000,1.44700000,,,,,,,,,,113.31674020
2016-07-12,3.81400000,1.48500000,,,,,,,,,,113.27119570
2016-07-13,3.82300000,1.48400000,,,,,,,,,,113.21451810
2016-07-14,3.80400000,1.47800000,,,,,,,,,,113.24488110
2016-07-15,3.81000000,1.48400000,,,,,,,,,,113.38151460
2016-07-18,3.80900000,1.47700000,,,,,,,,,,113.40884130
2016-07-19,3.84500000,1.47200000,,,,,,,,,,113.48576090
2016-07-20,3.79300000,1.47200000,,,,,,,,,,113.55357160
2016-07-21,3.81900000,1.47500000,,,,,,,,,,113.61834600
2016-07-22,3.78200000,1.46500000,,,,,,,,,,113.59810400
2016-07-25,3.76500000,1.46700000,,,,,,,,,,113.58494670
2016-07-26,3.81300000,1.49300000,,,,,,,,,,113.65579370
2016-07-27,3.82200000,1.47800000,,,,,,,,,,113.67704780
2016-07-28,3.83600000,1.49000000,,,,,,,,,,113.70639870
2016-07-29,3.83600000,1.50700000,,,,,,,,,,113.78028200
2016-08-01,3.80700000,1.47300000,,,,,,,,,,114.01205290
2016-08-02,3.76400000,1.48200000,,,,,,,,,,113.97865360
2016-08-03,3.76400000,1.48000000,,,,,,,,,,113.98978670
2016-08-04,3.75400000,1.47800000,,,,,,,,,,113.93310910
2016-08-05,3.80000000,1.47400000,,,,,,,,,,114.08188780
2016-08-08,3.81100000,1.48800000,,1.01700000,,,,,,,,114.15475900
2016-08-09,3.81500000,1.50300000,,1.01600000,,,,,,,,114.34098540
2016-08-10,3.81500000,1.50100000,,1.01300000,,,,,,,,114.49583670
2016-08-11,3.81500000,1.49000000,,0.99600000,,,,,,,,114.42802600
2016-08-12,3.79900000,1.49900000,,1.00100000,,,,,,,,114.40373560
2016-08-15,3.85000000,1.52200000,,1.02200000,,,,,,,,114.23775120
2016-08-16,3.88400000,1.52100000,,1.02900000,,,,,,,,114.39057830
2016-08-17,3.88800000,1.53000000,,1.03900000,,,,,,,,114.41284450
2016-08-18,3.85600000,1.52000000,,1.03300000,,,,,,,,114.34604590
2016-08-19,3.84800000,1.52000000,,1.03100000,,,,,,,,114.21143660
2016-08-22,3.88100000,1.52300000,,1.00500000,,,,,,,,114.31669500
2016-08-23,3.96800000,1.52800000,,1.01000000,,,,,,,,114.25394480
2016-08-24,3.86100000,1.52500000,,1.01800000,,,,,,,,114.03937960
2016-08-25,3.85000000,1.52700000,,1.01000000,,,,,,,,114.04444010
2016-08-26,3.83300000,1.53400000,,1.01200000,,,,,,,,114.17297680
2016-08-29,3.84000000,1.52800000,,1.01800000,,,,,,,,114.21548500
2016-08-30,3.80000000,1.52400000,,1.02700000,,,,,,,,114.15374690
2016-08-31,3.82000000,1.52300000,,1.02300000,,,,,,,,114.16184370
2016-09-01,3.79700000,1.52100000,,1.01300000,,,,,,,,114.02419810
2016-09-02,3.80000000,1.52600000,,1.00100000,,,,,,,,114.01407710
2016-09-05,3.81600000,1.52600000,,1.00300000,,,,,,,,114.03634330
2016-09-06,3.97000000,1.53700000,,1.01200000,,,,,,,,113.88250410
2016-09-07,3.85500000,1.53400000,,1.01900000,,,,,,,,113.91792760
2016-09-08,3.82600000,1.53700000,,1.02000000,,,,,,,,113.96246000
2016-09-09,3.87500000,1.53100000,,1.01800000,,,,,,,,114.13046860
2016-09-12,3.81800000,1.50400000,,0.99200000,,,,,,,,113.99484720
2016-09-13,3.83400000,1.50400000,,0.99400000,,,,,,,,114.04848850
2016-09-14,3.78800000,1.50100000,0.98000000,0.98700000,,,,,,,,114.14868640
2016-09-19,3.76000000,1.51300000,0.98200000,0.99200000,,,,,,,,114.17601310
2016-09-20,3.80900000,1.51800000,0.98000000,0.98600000,,,,,,,,114.23775120
2016-09-21,3.76300000,1.51900000,0.98900000,0.98900000,,,,,,,,114.21953340
2016-09-22,3.78800000,1.52600000,0.98900000,0.99000000,,,,,,,,114.21548500
2016-09-23,3.75900000,1.52800000,0.98300000,0.98700000,,,,,,,,114.23876330
2016-09-26,3.72000000,1.50200000,0.96200000,0.96200000,,,,,,,,114.26912630
2016-09-27,3.69500000,1.50900000,0.97600000,0.96300000,,,,,,,,114.28734410
2016-09-28,3.72100000,1.50800000,0.97000000,0.96500000,,,,,,,,114.35616690
2016-09-29,3.69100000,1.51500000,0.98300000,0.96600000,,,,,,,,114.46243740
2016-09-30,3.79100000,1.52600000,0.98100000,0.97100000,,,,,,,,114.52619970
2016-10-10,3.78300000,1.55400000,0.99700000,0.99600000,,,,,,,,114.54441750
2016-10-11,3.80000000,1.56000000,0.99900000,1.00700000,,,,,,,,114.56668370
2016-10-12,3.86300000,1.55600000,0.99700000,1.00600000,,,,,,,,114.56769580
2016-10-13,3.81100000,1.55600000,0.99900000,1.00600000,,,,,,,,114.59704670
2016-10-14,3.81000000,1.55800000,0.99500000,1.00600000,,,,,,,,114.68813570
2016-10-17,3.80300000,1.56100000,0.98400000,0.99200000,,,,,,,,114.78732150
2016-10-18,3.88300000,1.57000000,1.00500000,1.00500000,,,,,,,,114.80250300
2016-10-19,3.80300000,1.56600000,0.99800000,1.00800000,,,,,,,,114.84703540
2016-10-20,3.81900000,1.55600000,0.99600000,1.00700000,,,,,,,,114.98164470
2016-10-21,3.82100000,1.55200000,1.00200000,1.00600000,,,,,,,,115.13852020
2016-10-24,3.82100000,1.55600000,1.02500000,1.01400000,,,,,,,,115.13345970
2016-10-25,3.84900000,1.55500000,1.01900000,1.01200000,,,,,,,,115.02314080
2016-10-26,3.87000000,1.55500000,1.01600000,1.00500000,,,,,,,,114.86727740
2016-10-27,3.89600000,1.55000000,1.01700000,1.00500000,,,,,,,,114.70432930
2016-10-28,3.85900000,1.54800000,1.02400000,0.99800000,,,,,,,,114.89764040
2016-10-31,3.85700000,1.54400000,1.02400000,0.99500000,,,,,,,,114.83590230
2016-11-01,3.85800000,1.56100000,1.03100000,0.99800000,,,,,,,,114.87436210
2016-11-02,3.85000000,1.55500000,1.02800000,0.99400000,,,,,,,,114.78327310
2016-11-03,3.85200000,1.56400000,1.05000000,0.99600000,,,,,,,,114.85209590
2016-11-04,3.88600000,1.55300000,1.04500000,0.98900000,,,,,,,,114.98569310
2016-11-07,3.87700000,1.54500000,1.04800000,0.98500000,,,,,,,,114.86727740
2016-11-08,3.86000000,1.55400000,1.04900000,0.99100000,,,,,,,,114.86019270
2016-11-09,3.84600000,1.54400000,1.03700000,0.98200000,,,,,,,,114.88853150
2016-11-10,3.86300000,1.55400000,1.05300000,0.99400000,,,,,,,,114.82476920
2016-11-11,3.86100000,1.54500000,1.08800000,0.99800000,,,,,,,,114.84197490
2016-11-14,3.85000000,1.54100000,1.09700000,1.00500000,,,,,,,,114.55049010
2016-11-15,3.89300000,1.54800000,1.08900000,1.00500000,,,,,,,,114.27621100
2016-11-16,3.89100000,1.55300000,1.09300000,1.00300000,,,,,,,,114.28936830
2016-11-17,3.88800000,1.55200000,1.09200000,1.00700000,,,,,,,,114.09200880
2016-11-18,3.88800000,1.54700000,1.07200000,1.00300000,,,,,,,,113.86226210
2016-11-21,3.87000000,1.54500000,1.07800000,1.00400000,,,,,,,,113.93614540
2016-11-22,3.87400000,1.55500000,1.08800000,1.00800000,,,,,,,,114.05658530
2016-11-23,3.85600000,1.55000000,1.08100000,1.01100000,,,,,,,,114.12540810
2016-11-24,3.94900000,1.55600000,1.08700000,1.00000000,,,,,,,,113.91590340
2016-11-25,3.92100000,1.56400000,1.09200000,1.00700000,,,,,,,,113.65579370
2016-11-28,3.97200000,1.55600000,1.08700000,1.00800000,,,,,,,,113.67704780
2016-11-29,3.99200000,1.56200000,1.09000000,1.01400000,,,,,,,,113.05663050
2016-11-30,3.99100000,1.55500000,1.08200000,1.00500000,,,,,,,,113.04549740
2016-12-01,3.98800000,1.55500000,1.09100000,1.01700000,,,,,,,,113.02829170
2016-12-02,3.92000000,1.54600000,1.07500000,1.00300000,,,,,,,,113.05561840
2016-12-05,3.91600000,1.53500000,1.03400000,1.00400000,,,,,,,,113.01513440
2016-12-06,3.98000000,1.54300000,1.03200000,1.00700000,,,,,,,,112.89064610
2016-12-07,3.90000000,1.55000000,1.03700000,1.02000000,,,,,,,,112.84712580
2016-12-08,3.98500000,1.54400000,1.02600000,1.00500000,,,,,,,,112.93416640
2016-12-09,3.95800000,1.54200000,1.02900000,1.00100000,,,,,,,,112.88254930
2016-12-12,3.88000000,1.50200000,1.00100000,0.96000000,,,,,,,,112.07691770
2016-12-13,3.83800000,1.50400000,1.00100000,0.97200000,,,,,,,,111.73381580
2016-12-14,3.83100000,1.49100000,0.98800000,0.97800000,,,,,,,,111.36136300
2016-12-15,3.78000000,1.48600000,0.98200000,0.98700000,,,,,,,,109.49403850
2016-12-16,3.92800000,1.49800000,0.98300000,0.98400000,,,,,,,,109.95859240
2016-12-19,3.85800000,1.49600000,0.97600000,0.98100000,,,,,,,,110.60532430
2016-12-20,3.79800000,1.49000000,0.97500000,0.97500000,,,,,,,,110.50310220
2016-12-21,3.81500000,1.49700000,0.98100000,0.99200000,,,,,,,,111.21359640
2016-12-22,3.82000000,1.50100000,0.97400000,0.99200000,,,,,,,,111.48180290
2016-12-23,3.89500000,1.49000000,0.96300000,0.99000000,,,,,,,,111.20651170
2016-12-26,3.79600000,1.49500000,0.97200000,0.99200000,,,,,,,,111.20853590
2016-12-27,3.75600000,1.49600000,0.96900000,0.98800000,,,,,,,,111.32695160
2016-12-28,3.80000000,1.49000000,0.96700000,0.98500000,,,,,,,,111.57390400
2016-12-29,3.80000000,1.49000000,0.96500000,0.98400000,,,,,,,,112.02024010
2016-12-30,3.79000000,1.49700000,0.96900000,0.97800000,,,,,,,,112.05869990
2017-01-03,3.88600000,1.50800000,0.97800000,1.00400000,,,,,,,,112.05566360
2017-01-04,3.88100000,1.51400000,0.98100000,1.01300000,,,,,,,,111.92712690
2017-01-05,3.87000000,1.51300000,0.97900000,1.02400000,,,,,,,,111.95344150
2017-01-06,3.87000000,1.50300000,0.97000000,1.01700000,,,,,,,,111.95141730
2017-01-09,3.85000000,1.50400000,0.97000000,1.04800000,,,,,,,,112.00101020
2017-01-10,3.89200000,1.50300000,0.97200000,1.03500000,,,,,,,,112.04453050
2017-01-11,3.88900000,1.49900000,0.96900000,1.03600000,,,,,,,,111.99898600
2017-01-12,3.95900000,1.49500000,0.97100000,1.02100000,,,,,,,,112.06578460
2017-01-13,3.93800000,1.47900000,0.97100000,1.01000000,,,,,,,,112.09412340
2017-01-16,3.81300000,1.47900000,0.97100000,0.98100000,,,,,,,,111.71964640
2017-01-17,3.88000000,1.48100000,0.96300000,0.99600000,,,,,,,,111.76519090
2017-01-18,3.88700000,1.48700000,0.96500000,0.99200000,,,,,,,,111.87753400
2017-01-19,3.88600000,1.48000000,0.96500000,0.98100000,,,,,,,,112.06477250
2017-01-20,3.87600000,1.49700000,0.97300000,0.99500000,,,,,,,,112.22266010
2017-01-23,3.87600000,1.50100000,0.97500000,1.01300000,,,,,,,,112.49390290
2017-01-24,3.86500000,1.50000000,0.97000000,1.00800000,,,,,,,,112.22367220
2017-01-25,3.87000000,1.51200000,0.97100000,1.00800000,,,,,,,,112.04250630
2017-01-26,3.87800000,1.51800000,0.97700000,1.01900000,,,,,,,,112.21759960
2017-02-03,,1.51000000,0.96900000,1.02300000,,,,,,,,112.16800670
2017-02-06,3.87800000,1.52100000,0.96900000,1.03300000,,,,,,,,112.05465150
2017-02-07,3.92800000,1.51300000,0.96300000,1.02300000,,,,,,,,112.03440950
2017-02-08,3.90000000,1.51700000,0.98200000,1.04300000,,,,,,,,112.01315540
2017-02-09,3.95500000,1.51700000,0.98200000,1.04300000,,,,,,,,111.93724790
2017-02-10,3.95200000,1.51500000,0.98600000,1.03600000,,,,,,,,111.63361790
2017-02-13,3.94800000,1.51800000,0.99100000,1.03700000,,,,,,,,111.70750120
2017-02-14,3.90500000,1.52200000,0.99000000,1.03400000,,,,,,,,111.72167060
2017-02-15,3.94900000,1.51100000,0.98500000,1.02000000,,,,,,,,111.93826000
2017-02-16,3.91900000,1.51300000,0.99400000,1.02500000,,,,,,,,112.17003090
2017-02-17,3.93200000,1.51000000,0.99400000,1.03100000,,,,,,,,112.12145010
2017-02-20,3.93200000,1.52000000,1.00200000,1.03800000,,,,,,,,112.05566360
2017-02-21,3.95700000,1.53000000,1.00700000,1.04100000,,,,,,,,112.10829280
2017-02-22,3.97700000,1.53800000,1.00500000,1.03700000,,,,,,,,112.24189000
2017-02-23,3.95900000,1.56200000,0.99900000,1.03100000,,,,,,,,112.41495910
2017-02-24,3.97800000,1.56900000,0.99900000,1.04100000,,,,,,,,112.26618040
2017-02-27,3.98300000,1.56000000,0.99100000,1.03200000,,,,,,,,112.35524520
2017-02-28,3.94900000,1.56000000,0.99200000,1.03500000,,,,,,,,112.47568510
2017-03-01,3.96700000,1.55800000,0.99000000,1.04400000,,,,,,,,112.50402390
2017-03-02,3.96400000,1.55100000,0.99000000,1.03700000,,,,,,,,112.30666440
2017-03-03,3.94500000,1.55400000,0.98300000,1.04300000,,,,,,,,112.36334200
2017-03-06,3.92900000,1.55900000,0.98900000,1.05700000,,,,,,,,112.26314410
2017-03-07,3.95000000,1.56900000,0.99000000,1.05400000,,,,,,,,112.28541030
2017-03-08,3.95000000,1.57200000,0.98600000,1.05700000,,,,,,,,112.29350710
2017-03-09,3.92700000,1.55700000,0.98000000,1.04600000,,,,,,,,112.22164800
2017-03-10,3.93500000,1.56500000,0.98100000,1.04000000,,,,,,,,111.93826000
2017-03-13,3.99800000,1.57300000,0.98300000,1.04900000,,,,,,,,111.79352970
2017-03-14,3.95100000,1.57800000,0.98300000,1.04800000,,,,,,,,111.99797390
2017-03-15,3.94300000,1.58500000,0.98300000,1.04100000,,,,,,,,111.89170340
2017-03-16,3.99700000,1.58800000,1.00100000,1.05000000,,,,,,,,112.22367220
2017-03-17,3.97300000,1.58600000,0.98700000,1.04200000,,,,,,,,112.24492630
2017-03-20,4.02700000,1.58800000,0.97900000,1.04100000,,,,,,,,112.28136190
2017-03-21,4.00200000,1.60600000,0.97400000,1.04000000,,,,,,,,112.12043800
2017-03-22,3.95400000,1.62200000,0.96200000,1.02900000,,,,,,,,112.11234120
2017-03-23,4.03400000,1.64000000,0.96500000,1.03600000,,,,,,,,112.16092200
2017-03-24,4.06700000,1.62800000,0.97600000,1.04100000,,,,,,,,112.37649930
2017-03-27,4.12800000,1.62500000,0.97500000,1.04700000,,,,,,,,112.43317690
2017-03-28,4.18800000,1.61700000,0.97000000,1.04300000,,,,,,,,112.26111990
2017-03-29,4.03700000,1.62000000,0.96000000,1.04300000,,,,,,,,112.27326510
2017-03-30,4.03200000,1.59700000,0.95900000,1.02400000,,,,,,,,111.96457460
2017-03-31,4.14000000,1.61100000,0.95900000,1.04400000,,,,,,,,112.16395830
2017-04-05,4.14000000,1.62000000,0.97200000,1.05800000,,,,,,,,112.15080100
2017-04-06,4.10000000,1.61900000,0.97100000,1.05700000,,,,,,,,112.23986580
2017-04-07,4.08700000,1.62400000,0.97500000,1.07000000,,,,,,,,112.28338610
2017-04-10,4.05700000,1.61100000,0.96700000,1.07200000,,,,,,,,112.33095480
2017-04-11,4.02000000,1.61000000,0.96800000,1.11800000,,,,,,,,112.26719250
2017-04-12,4.18700000,1.60800000,0.97400000,1.10400000,,,,,,,,112.24087790
2017-04-13,4.09600000,1.62400000,0.97000000,1.09500000,,,,,,,,112.25808360
2017-04-14,4.09400000,1.61100000,0.96000000,1.08400000,,,,,,,,112.28237400
2017-04-17,4.09300000,1.61000000,0.96200000,1.05300000,,,,,,,,112.03643370
2017-04-18,4.08100000,1.62000000,0.95100000,1.04400000,,,,,,,,111.93826000
2017-04-19,4.07600000,1.62200000,0.94400000,1.02800000,,,,,,,,111.79251760
2017-04-20,4.13600000,1.65100000,0.94200000,1.02500000,,,,,,,,111.72369480
2017-04-21,4.08700000,1.64600000,0.94600000,1.01500000,,,,,,,,111.60831540
2017-04-24,4.06700000,1.63100000,0.94700000,0.98800000,,,,,,,,111.36541140
2017-04-25,4.09000000,1.62300000,0.94300000,0.99700000,,,,,,,,111.39982280
2017-04-26,4.09000000,1.63000000,0.94500000,0.98700000,,,,,,,,111.41500430
2017-04-27,4.08700000,1.62300000,0.94300000,0.97900000,,,,,,,,111.27735870
2017-04-28,4.08600000,1.63200000,0.94300000,0.98700000,,,,,,,,111.31986690
2017-05-02,4.01700000,1.60800000,0.93700000,0.97900000,,,,,,,,111.38160500
2017-05-03,4.00000000,1.61000000,0.93200000,0.98100000,,,,,,,,111.23889890
2017-05-04,4.02500000,1.61300000,0.92600000,0.96500000,,,,,,,,110.91401480
2017-05-05,,1.60500000,0.90600000,0.93900000,,,,,,,,110.79762330
2017-05-08,3.98800000,1.59200000,0.90700000,0.90300000,,,,,,,,110.52132000
2017-05-09,4.06000000,1.57800000,0.90600000,0.91100000,,,,,,,,110.55168300
2017-05-10,3.97000000,1.57700000,0.89800000,0.88200000,,,,,,,,110.13874620
2017-05-11,,1.57500000,0.90000000,0.87600000,,,,,,,,110.26222240
2017-05-12,3.99000000,1.58600000,0.90900000,0.87100000,,,,,,,,110.21769000
2017-05-15,3.99900000,1.60300000,0.91400000,0.87700000,,,,,,,,110.35229930
2017-05-16,4.09800000,1.63300000,0.91700000,0.88900000,,,,,,,,110.19846010
2017-05-17,4.05200000,1.62200000,0.91500000,0.89700000,,,,,,,,110.12154050
2017-05-18,4.04000000,1.62500000,0.90700000,0.88500000,,,,,,,,110.30776690
2017-05-19,4.12200000,1.61900000,0.90600000,0.88000000,,,,,,,,109.95251980
2017-05-22,4.11800000,1.62800000,0.89300000,0.86800000,,,,,,,,109.84928560
2017-05-23,4.11700000,1.63000000,0.89400000,0.83200000,,,,,,,,109.82297100
2017-05-24,4.11500000,1.62500000,0.89900000,0.83900000,,,,,,,,110.02437890
2017-05-25,4.11000000,1.62500000,0.93200000,0.84400000,,,,,,,,110.52132000
2017-05-26,4.11100000,1.62200000,0.93200000,0.84500000,,,,,,,,110.36849290
2017-05-31,4.11700000,1.62700000,0.93800000,0.84500000,,,,,,,,110.55573140
2017-06-01,4.12000000,1.63500000,0.93400000,0.82400000,,,,,,,,110.83810730
2017-06-02,4.19500000,1.63000000,0.93500000,0.83500000,,,,,,,,111.05672090
2017-06-05,4.12900000,1.62400000,0.93200000,0.84300000,,,,,,,,111.15084620
2017-06-06,4.11900000,1.63500000,0.93400000,0.85300000,,,,,,,,111.05773300
2017-06-07,4.16400000,1.65000000,0.94100000,0.86300000,,,,,,,,110.97271660
2017-06-08,4.25000000,1.67000000,0.94100000,0.86100000,,,,,,,,110.88263970
2017-06-09,4.30000000,1.67000000,0.93900000,0.86300000,,,,,,,,111.01724900
2017-06-12,4.28600000,1.67600000,0.92800000,0.84900000,,,,,,,,111.18222130
2017-06-13,4.30100000,1.68200000,0.93200000,0.85400000,,,,,,,,111.22472950
2017-06-14,4.30800000,1.66900000,0.93000000,0.86100000,,,,,,,,111.33403630
2017-06-15,4.26100000,1.67000000,0.94100000,0.87000000,,,,,,,,111.44030680
2017-06-16,4.44000000,1.66800000,0.93900000,0.87400000,,,,,,,,111.29152810
2017-06-19,4.32800000,1.67200000,0.95600000,0.89200000,,,,,,,,111.44941570
2017-06-20,4.31200000,1.66700000,0.95500000,0.89100000,,,,,,,,111.51115380
2017-06-21,4.33000000,1.68400000,0.95600000,0.89200000,,,,,,,,111.32695160
2017-06-22,4.30600000,1.67200000,0.95800000,0.87500000,,,,,,,,111.14780990
2017-06-23,4.35800000,1.68500000,0.95500000,0.87800000,,,,,,,,111.14578570
2017-06-26,4.38800000,1.70500000,0.96500000,0.88600000,,,,,,,,111.22574160
2017-06-27,4.46900000,1.70600000,0.96300000,0.89100000,,,,,,,,111.42006480
2017-06-28,4.40800000,1.69100000,0.96100000,0.88000000,,,,,,,,111.37249610
2017-06-29,4.46000000,1.70500000,0.96100000,0.88500000,,,,,,,,111.24193520
2017-06-30,4.45000000,1.71800000,0.96100000,0.88300000,,,,,,,,111.05570880
2017-07-03,,1.71700000,0.95600000,0.88700000,,,,,,,,111.14780990
2017-07-04,4.44100000,1.69900000,0.94900000,0.89100000,,,,,,,,111.21764480
2017-07-05,4.31100000,1.70500000,0.95300000,0.89700000,,,,,,,,111.13161630
2017-07-06,4.38000000,1.69300000,0.95200000,0.89600000,,,,,,,,111.32290320
2017-07-07,4.38000000,1.68700000,0.96400000,0.90400000,,,,,,,,111.30974590
2017-07-10,4.38500000,1.66800000,0.96900000,0.90400000,,,,,,,,111.18626970
2017-07-11,4.35000000,1.68600000,0.97400000,0.89600000,,,,,,,,111.23991100
2017-07-12,4.28800000,1.65700000,0.96900000,0.88500000,,,,,,,,111.23586260
2017-07-13,4.39900000,1.65700000,0.98500000,0.89200000,,,,,,,,111.14578570
2017-07-14,4.35400000,1.65600000,0.98600000,0.88800000,,,,,,,,111.11643480
2017-07-17,4.56600000,1.61600000,0.96000000,0.83600000,,,,,,,,111.16703980
2017-07-18,4.26200000,1.61900000,0.95100000,0.84000000,,,,,,,,110.88263970
2017-07-19,4.31300000,1.63500000,1.00800000,0.84700000,,,,,,,,110.95854720
2017-07-20,4.35500000,1.64000000,1.00500000,0.85000000,,,,,,,,111.03546680
2017-07-21,4.43100000,1.63700000,0.99800000,0.85800000,,,,,,,,111.07190240
2017-07-24,4.36100000,1.63900000,0.99800000,0.87200000,,,,,,,,111.01421270
2017-07-25,4.34000000,1.64500000,0.98900000,0.86700000,,,,,,,,110.96664400
2017-07-26,4.32400000,1.62200000,0.99400000,0.87000000,0.99800000,,,,,,,110.97069240
2017-07-27,4.33800000,1.62600000,1.00100000,0.88000000,0.99700000,,,,,,,110.99903120
2017-07-28,4.31700000,1.63500000,0.99300000,0.87100000,0.99900000,,,,,,,111.00307960
2017-07-31,4.34500000,1.64000000,0.99800000,0.86400000,0.99600000,,,,,,,111.00712800
2017-08-01,4.31500000,1.63700000,1.01000000,0.86000000,1.00800000,,,,,,,111.09214440
2017-08-02,4.32200000,1.64000000,1.01900000,0.84300000,1.01900000,,,,,,,111.09720490
2017-08-03,4.28000000,1.62100000,1.01100000,0.84700000,1.00400000,,,,,,,111.09821700
2017-08-04,4.26400000,1.62200000,1.01900000,0.89000000,1.00600000,,,,,,,111.22270530
2017-08-07,4.32700000,1.63000000,1.00700000,0.88500000,0.99900000,,,,,,,111.19841490
2017-08-08,4.25000000,1.63800000,1.00700000,0.88800000,0.99500000,,,,,,,111.08809600
2017-08-09,4.33400000,1.67300000,0.99600000,0.88100000,0.98400000,,,,,,,111.09214440
2017-08-10,4.45000000,1.66100000,0.99600000,0.88400000,0.97900000,,,,,,,111.10428960
2017-08-11,4.31500000,1.66300000,0.97400000,0.88300000,0.96400000,,,,,,,111.19436650
2017-08-14,4.33400000,1.69000000,0.98600000,0.89100000,0.96300000,,,,,,,111.24395940
2017-08-15,4.36400000,1.67600000,0.98200000,0.89300000,0.97600000,,,,,,,111.43119790
2017-08-16,4.36100000,1.67500000,0.98200000,0.90400000,0.97000000,,,,,,,111.17007610
2017-08-17,4.37900000,1.67700000,0.99000000,0.91500000,0.97100000,,,,,,,111.27432240
2017-08-18,4.37800000,1.68300000,0.98300000,0.90600000,0.97300000,,,,,,,111.29355230
2017-08-21,4.38700000,1.69500000,0.98800000,0.90600000,0.97200000,,,,,,,111.25408040
2017-08-22,4.40000000,1.68500000,0.98600000,0.89300000,0.97800000,,,,,,,111.25711670
2017-08-23,4.36200000,1.68700000,0.99600000,0.89600000,0.99200000,,,,,,,111.33100000
2017-08-24,4.41100000,1.67200000,0.98100000,0.89000000,0.99200000,,,,,,,111.32391530
2017-08-25,4.37000000,1.68800000,1.00500000,0.89800000,1.02000000,,,,,,,111.34921780
2017-08-28,4.42100000,1.68800000,1.06200000,0.90600000,1.02000000,,,,,,,111.31683060
2017-08-29,4.40000000,1.67800000,1.05400000,0.89100000,1.02600000,,,,,,,111.29355230
2017-08-30,4.39900000,1.68300000,1.05600000,0.89500000,1.01700000,,,,,,,111.26622560
2017-08-31,4.40000000,1.68000000,1.06600000,0.89500000,1.01000000,,,,,,,111.22068110
2017-09-01,,1.68500000,1.07500000,0.89900000,1.00500000,1.03600000,,,,,,111.28140710
2017-09-04,4.49800000,1.69800000,1.07100000,0.91200000,1.01200000,1.05600000,,,,,,111.32492740
2017-09-05,4.43400000,1.70500000,1.06800000,0.90900000,1.02200000,1.05500000,,,,,,111.25306830
2017-09-06,4.41000000,1.69700000,1.06300000,0.91800000,1.01500000,1.06400000,,,,,,111.32492740
2017-09-07,4.37900000,1.70700000,1.05300000,0.90900000,1.00600000,1.04600000,,,,,,111.37452030
2017-09-08,4.38100000,1.70900000,1.04800000,0.90800000,1.00700000,1.05800000,,,,,,111.48382710
2017-09-11,4.38300000,1.69800000,1.04900000,0.91200000,1.00600000,1.09100000,,,,,,111.50103280
2017-09-12,4.38500000,1.69700000,1.05900000,0.90900000,1.00800000,1.09200000,,,,,,111.47674240
2017-09-13,4.38100000,1.70500000,1.05500000,0.91100000,1.00400000,1.08800000,,,,,,111.37553240
2017-09-14,4.41000000,1.70800000,1.05400000,0.90600000,0.99500000,1.07000000,,,,,,111.44435520
2017-09-15,4.39800000,1.71000000,1.05600000,0.91600000,0.99400000,1.04300000,,,,,,111.42208900
2017-09-18,4.49700000,1.71600000,1.06900000,0.91900000,0.99500000,1.04800000,,,,,,111.34516940
2017-09-19,4.42600000,1.70700000,1.05500000,0.91300000,0.99500000,1.04200000,,,,,,111.35225410
2017-09-20,4.46600000,1.71700000,1.05600000,0.92500000,0.99500000,1.06700000,,,,,,111.22371740
2017-09-21,4.46000000,1.71000000,1.05400000,0.91700000,1.00200000,1.03900000,,,,,,111.18525760
2017-09-22,,1.70000000,1.04900000,0.91400000,1.00200000,1.02200000,,,,,,111.21764480
2017-09-25,4.44100000,1.71200000,1.04100000,0.91200000,1.00300000,1.00300000,0.95000000,,,,,111.27432240
2017-09-26,4.46400000,1.71000000,1.04200000,0.91400000,1.00300000,1.01300000,0.95600000,,,,,111.29557650
2017-09-27,4.47100000,1.70800000,1.04200000,0.92100000,0.99600000,1.02900000,0.96300000,,,,,111.21460850
2017-09-28,4.84500000,1.71900000,1.03900000,0.92500000,0.99400000,1.02100000,0.94600000,,,,,111.23788680
2017-09-29,4.60000000,1.72700000,1.05100000,0.93300000,0.99800000,1.02400000,0.94900000,,,,,111.19942700
2017-10-09,4.75000000,1.75100000,1.05200000,0.93300000,1.01000000,1.02900000,0.96000000,,,,,111.17918500
2017-10-10,4.79400000,1.77300000,1.05100000,0.93700000,1.01300000,1.01800000,0.96100000,,,,,111.20954800
2017-10-11,4.82400000,1.79800000,1.04600000,0.93100000,1.01400000,1.00200000,0.95800000,,,,,111.22270530
2017-10-12,4.78000000,1.80300000,1.04200000,0.94500000,1.01700000,0.99500000,0.95400000,,,,,111.19436650
2017-10-13,4.82500000,1.80700000,1.04300000,0.94100000,1.01300000,0.99800000,0.95400000,,,,,111.18626970
2017-10-16,4.88000000,1.80200000,1.03900000,0.93900000,1.02000000,1.00700000,0.94100000,,,,,111.11137430
2017-10-17,4.88000000,1.80100000,1.03000000,0.93100000,1.01900000,0.98600000,0.94200000,,,,,111.10327750
2017-10-18,4.83000000,1.81600000,1.03000000,0.92800000,1.02300000,0.97100000,0.94300000,,,,,110.94235360
2017-10-19,5.00000000,1.84500000,1.00800000,0.91000000,1.02300000,0.96900000,0.93300000,,,,,111.02737000
2017-10-20,4.98700000,1.83900000,1.01100000,0.91700000,1.01900000,0.98700000,0.94400000,,,,,111.04255150
2017-10-23,4.99900000,1.86200000,1.00400000,0.91700000,1.01000000,0.98500000,0.94500000,,,,,110.98688600
2017-10-24,4.93200000,1.86600000,1.01500000,0.90800000,1.01600000,0.98900000,0.95600000,,,,,110.97980130
2017-10-25,5.10300000,1.89900000,1.01500000,0.91000000,1.01400000,0.98600000,0.96100000,,,,,110.94134150
2017-10-26,4.99300000,1.87700000,1.02000000,0.91700000,1.00500000,0.99600000,0.96000000,,,,,110.83405890
2017-10-27,5.04000000,1.87900000,1.01000000,0.90900000,1.02400000,0.98200000,0.95400000,,,,,110.67414710
2017-10-30,5.05800000,1.87900000,0.98700000,0.88600000,1.02000000,0.96300000,0.95400000,,,,,110.45350930
2017-10-31,5.03200000,1.87500000,0.98100000,0.88800000,1.01400000,0.97500000,0.95700000,,,,,110.59621540
2017-11-01,5.19000000,1.87000000,0.97600000,0.89000000,1.00500000,0.97800000,0.95700000,,,,,110.57900970
2017-11-02,5.04900000,1.87000000,0.98000000,0.88200000,1.00700000,0.97000000,0.95200000,,,,,110.53548940
2017-11-03,5.05100000,1.89500000,0.97700000,0.87800000,1.00300000,0.95400000,0.94200000,,,,,110.32193630
2017-11-06,5.18900000,1.95100000,0.97500000,0.88800000,0.99700000,0.95500000,0.93300000,,,,,110.41909790
2017-11-07,5.13000000,1.94200000,0.98700000,0.90400000,1.00900000,0.96200000,0.94000000,,,,,110.52536840
2017-11-08,5.18300000,1.91600000,1.00500000,0.90300000,1.01100000,0.96600000,0.94100000,,,,,110.68932860
2017-11-09,5.26000000,1.92800000,1.00600000,0.90700000,1.00800000,0.96400000,0.94500000,,,,,110.67515920
2017-11-10,5.26300000,1.94500000,1.00900000,0.90500000,1.00400000,0.96000000,0.94000000,,,,,110.84519200
2017-11-13,5.30000000,1.94500000,1.00400000,0.90100000,1.01700000,0.95800000,0.94000000,,,,,110.52840470
2017-11-14,5.16100000,1.89400000,0.99400000,0.90800000,1.01400000,0.94900000,0.94500000,,,,,110.39784380
2017-11-15,5.16000000,1.91300000,0.99100000,0.89600000,1.01300000,0.91900000,0.94800000,,,,,110.44946090
2017-11-16,5.16200000,1.94100000,0.97500000,0.89200000,1.00900000,0.91000000,0.95500000,,,,,110.57293710
2017-11-17,5.20600000,1.91700000,0.98100000,0.85800000,1.03700000,0.89300000,0.94800000,,,,,110.61038480
2017-11-20,5.10800000,1.91800000,0.97200000,0.86200000,1.05300000,0.90200000,0.94500000,,,,,110.51221110
2017-11-21,5.16800000,1.93600000,1.00900000,0.86400000,1.06000000,0.89800000,0.97000000,,,,,110.46464240
2017-11-22,5.18300000,1.92000000,1.01000000,0.88600000,1.08600000,0.90500000,0.97700000,,,,,110.26222240
2017-11-23,5.02800000,1.86600000,0.98500000,0.86700000,1.06600000,0.90000000,0.95600000,,,,,110.15089140
2017-11-24,4.99700000,1.84800000,0.98800000,0.86300000,1.07200000,0.91900000,0.96500000,,,,,110.23691990
2017-11-27,4.81800000,1.83400000,0.98800000,0.85400000,1.06400000,0.89900000,0.95800000,,,,,110.36950500
2017-11-28,4.84800000,1.85000000,0.98900000,0.86300000,1.04700000,0.91200000,0.95500000,,,,,110.43832780
2017-11-29,4.94700000,1.83000000,0.98800000,0.85900000,1.05300000,0.93100000,0.99100000,,,,,110.56281610
2017-11-30,4.91000000,1.83000000,0.98700000,0.85700000,1.04700000,0.92300000,0.96300000,,,,,110.51625950
2017-12-01,4.81600000,1.83600000,0.98500000,0.86500000,1.03800000,0.92000000,0.96700000,,,,,110.64783250
2017-12-04,4.83800000,1.84100000,0.97300000,0.85500000,1.04300000,0.92000000,0.96400000,,,,,110.79762330
2017-12-05,4.83500000,1.82700000,0.98300000,0.84100000,1.06400000,0.89000000,0.95800000,,,,,110.93628100
2017-12-06,4.80100000,1.82800000,0.98200000,0.85200000,1.04500000,0.88600000,0.95300000,,,,,110.20352060
2017-12-07,4.80000000,1.82500000,0.97000000,0.86500000,1.03400000,0.88600000,0.95300000,,,,,110.77636920
2017-12-08,4.81700000,1.83600000,0.96800000,0.86600000,1.04000000,0.89200000,0.95500000,,,,,110.69438910
2017-12-11,4.89500000,1.88900000,0.97000000,0.87500000,1.04100000,0.90500000,0.95900000,,,,,110.67515920
2017-12-12,4.88000000,1.87900000,0.95300000,0.86500000,1.03000000,0.90200000,0.95500000,,,,,110.62253000
2017-12-13,4.91600000,1.88800000,0.95500000,0.87100000,1.03300000,0.90300000,0.95700000,,,,,110.63366310
2017-12-14,4.93000000,1.89000000,0.93900000,0.87600000,1.02900000,0.90100000,0.95500000,,,,,110.66605030
2017-12-15,4.88000000,1.86600000,0.93200000,0.87500000,1.01800000,0.89700000,0.94400000,,,,,110.69236490
2017-12-18,4.86500000,1.85300000,0.92800000,0.86700000,1.02000000,0.89900000,0.93400000,,,,,110.76118770
2017-12-19,4.89500000,1.87400000,0.93200000,0.86900000,1.03500000,0.89800000,0.94600000,,,,,110.85126460
2017-12-20,4.95800000,1.87800000,0.91700000,0.85900000,1.03500000,0.88400000,0.93400000,,,,,110.84519200
2017-12-21,4.97200000,1.89900000,0.92300000,0.86300000,1.03500000,0.89000000,0.94800000,,,,,110.82697420
2017-12-22,4.90600000,1.90200000,0.91600000,0.85500000,1.02800000,0.90100000,0.94500000,,,,,110.86948240
2017-12-25,5.01500000,1.89800000,0.90200000,0.83400000,1.02800000,0.89600000,0.95300000,,,,,110.89782120
2017-12-26,5.06100000,1.89700000,0.90900000,0.84000000,1.03900000,0.90200000,0.95900000,,,,,110.91705110
2017-12-27,5.00800000,1.86300000,0.89900000,0.83500000,1.02700000,0.91100000,0.95400000,,,,,110.93122050
2017-12-28,4.95000000,1.87600000,0.90400000,0.83700000,1.02800000,0.94600000,0.95300000,,,,,110.51929580
2017-12-29,5.05900000,1.89000000,0.90400000,0.84200000,1.03200000,0.94200000,0.96700000,,,,,110.70957060
2018-01-02,5.07900000,1.89500000,0.91600000,0.84900000,1.04800000,0.94800000,0.99400000,,,,,110.84519200
2018-01-03,5.09900000,1.90300000,0.93000000,0.85700000,1.05100000,0.95800000,1.00400000,,,,,110.88972440
2018-01-04,5.13800000,1.91200000,0.92800000,0.85600000,1.04800000,0.97200000,1.00600000,,,,,110.90996640
2018-01-05,5.16500000,1.90900000,0.93200000,0.85100000,1.05000000,0.96400000,1.04200000,,,,,110.91907530
2018-01-08,5.13000000,1.91200000,0.95000000,0.85000000,1.04600000,0.98500000,1.06700000,,,,,110.98283760
2018-01-09,5.18500000,1.95000000,0.94400000,0.85000000,1.04600000,0.98500000,1.06900000,,,,,111.00409170
2018-01-10,5.24500000,1.93900000,0.94000000,0.84000000,1.07000000,0.97300000,1.06800000,,,,,110.99599490
2018-01-11,5.21500000,1.94000000,0.93700000,0.84600000,1.07200000,0.97800000,1.06400000,,,,,110.89680910
2018-01-12,5.24900000,1.94600000,0.93500000,0.83600000,1.08100000,0.97200000,1.07900000,,,,,110.99397070
2018-01-15,5.23300000,1.92800000,0.92000000,0.80300000,1.09600000,0.93600000,1.07200000,,,,,110.86745820
2018-01-16,5.23200000,1.94200000,0.94100000,0.79900000,1.09900000,0.94400000,1.13500000,,,,,110.87049450
2018-01-17,5.26000000,1.92400000,0.97300000,0.80400000,1.11100000,0.92900000,1.12100000,,,,,110.85632510
2018-01-18,5.27500000,1.92300000,0.98000000,0.80300000,1.13500000,0.93000000,1.11200000,,,,,110.73790940
2018-01-19,5.20300000,1.90800000,1.00200000,0.81200000,1.14700000,0.93500000,1.11400000,1.00100000,,,,110.88263970
2018-01-22,5.23900000,1.93700000,1.00000000,0.81600000,1.13800000,0.94600000,1.11000000,1.02300000,,,,110.97170450
2018-01-23,5.25800000,1.93400000,1.00500000,0.81600000,1.17100000,0.95900000,1.14300000,1.02900000,,,,111.01320060
2018-01-24,5.24000000,1.93900000,1.04300000,0.82600000,1.18000000,0.95300000,1.12900000,1.06500000,,,,111.14376150
2018-01-25,5.21900000,1.93100000,1.02200000,0.83600000,1.17000000,0.96400000,1.11500000,1.06500000,,,,111.23788680
2018-01-26,5.22500000,1.92900000,1.02100000,0.83000000,1.17400000,0.95400000,1.12800000,1.06900000,,,,111.26723770
2018-01-29,5.21100000,1.87700000,1.00500000,0.81600000,1.16500000,0.95400000,1.11900000,1.05600000,,,,111.32290320
2018-01-30,5.13100000,1.86800000,0.98900000,0.81800000,1.14600000,0.94900000,1.09200000,1.04600000,,,,111.31683060
2018-01-31,5.13500000,1.87300000,0.97000000,0.79600000,1.16700000,0.94100000,1.10700000,1.02000000,,,,111.17412450
2018-02-01,5.13600000,1.83100000,0.95800000,0.76800000,1.17800000,0.90900000,1.08300000,0.99400000,,,,111.19740280
2018-02-02,5.13800000,1.83800000,0.95700000,0.76900000,1.17300000,0.93300000,1.08100000,0.99900000,,,,111.25003200
2018-02-05,5.07000000,1.81800000,0.96200000,0.76400000,1.21300000,0.92700000,1.08500000,0.98900000,,,,111.32695160
2018-02-06,4.91000000,1.74700000,0.91900000,0.71800000,1.19300000,0.89000000,1.03000000,0.94300000,,,,111.31278220
2018-02-07,4.94000000,1.74500000,0.90500000,0.71600000,1.15700000,0.89000000,0.98300000,0.95000000,,,,111.37856870
2018-02-08,5.15000000,1.76600000,0.90100000,0.73100000,1.11700000,0.87900000,0.97900000,0.95300000,,,,111.37047190
2018-02-09,5.11900000,1.70000000,0.83700000,0.70500000,1.07900000,0.83500000,0.92100000,0.91800000,,,,111.72470690
2018-02-12,5.03000000,1.75300000,0.83300000,0.71900000,1.06800000,0.86500000,0.94300000,0.94300000,,,,111.85121940
2018-02-13,4.98000000,1.77500000,0.84100000,0.72500000,1.08600000,0.87600000,0.96600000,0.94000000,,,,111.84919520
2018-02-14,5.00000000,1.80000000,0.83900000,0.72400000,1.08400000,0.88700000,0.97200000,0.93500000,,,,111.85729200
2018-02-22,5.05800000,1.81000000,0.84900000,0.73500000,1.10600000,0.91700000,0.98500000,0.95300000,,,,111.70446490
2018-02-23,5.05800000,1.81200000,0.85200000,0.74000000,1.11400000,0.92500000,0.99800000,0.94500000,,,,111.66296880
2018-02-26,5.00400000,1.83100000,0.87500000,0.76000000,1.11700000,0.93200000,0.99500000,0.96800000,,,,111.70851330
2018-02-27,5.05000000,1.82600000,0.86500000,0.78000000,1.09300000,0.91200000,0.97200000,0.98900000,,,,111.83097740
2018-02-28,5.03500000,1.82600000,0.85900000,0.78200000,1.08100000,0.92000000,0.98800000,0.98900000,,,,111.98481660
2018-03-01,5.03800000,1.84700000,0.86200000,0.79200000,1.08100000,0.92300000,0.97600000,1.00400000,,,,112.24189000
2018-03-02,4.97900000,1.83900000,0.85400000,0.78800000,1.07300000,0.91800000,0.97600000,1.00100000,,,,112.31880960
2018-03-05,5.00900000,1.84400000,0.85200000,0.80200000,1.07200000,0.91700000,0.97700000,1.00200000,,,,112.33803950
2018-03-06,5.02000000,1.88200000,0.86900000,0.80900000,1.07200000,0.92900000,1.00700000,1.00800000,,,,112.34208790
2018-03-07,5.05900000,1.88800000,0.86100000,0.79700000,1.08000000,0.91200000,0.99700000,1.00200000,,,,112.27933770
2018-03-08,5.12000000,1.92400000,0.86400000,0.79700000,1.08000000,0.91500000,1.00900000,1.00300000,,,,112.31273700
2018-03-09,5.14000000,1.95100000,0.87700000,0.81400000,1.08000000,0.91700000,1.00400000,1.02700000,,,,112.20241810
2018-03-12,5.14100000,1.96600000,0.89100000,0.82600000,1.07800000,0.94600000,0.98900000,1.04400000,,,,112.18420030
2018-03-13,5.19800000,1.93900000,0.87700000,0.81800000,1.07800000,0.94200000,0.98800000,1.04200000,,,,112.15383730
2018-03-14,5.17300000,1.93000000,0.87000000,0.80000000,1.06800000,0.94700000,0.99000000,1.03400000,,,,112.10424440
2018-03-15,5.21300000,1.94200000,0.86700000,0.80300000,1.06800000,0.94400000,0.98200000,1.02500000,,,,112.11942590
2018-03-16,5.23000000,1.94000000,0.85700000,0.79600000,1.05800000,0.93000000,0.98700000,1.02200000,,,,112.15586150
2018-03-19,5.21900000,1.98100000,0.85800000,0.80200000,1.05900000,0.92700000,0.97200000,1.02200000,,,,112.19330920
2018-03-20,5.21100000,2.04000000,0.85700000,0.80800000,1.06700000,0.92100000,0.96600000,1.02200000,,,,112.17003090
2018-03-21,5.18600000,2.02200000,0.86000000,0.81300000,1.06600000,0.91100000,0.97100000,1.00600000,,,,112.17205510
2018-03-22,5.21300000,2.00300000,0.85800000,0.80000000,1.06200000,0.91200000,0.96100000,1.00400000,,,,112.17306720
2018-03-23,5.11800000,1.95100000,0.81400000,0.77200000,1.03400000,0.86700000,0.92700000,0.95500000,,,,112.39370500
2018-03-26,5.18800000,1.99700000,0.81800000,0.81200000,1.01200000,0.88600000,0.92200000,0.97300000,,,,112.84611370
2018-03-27,5.17700000,2.02000000,0.82800000,0.83300000,1.00700000,0.91200000,0.93600000,1.00000000,,,,112.68620190
2018-03-28,5.16500000,2.00400000,0.82000000,0.82800000,1.00700000,0.89200000,0.93500000,0.99500000,,,,112.63458480
2018-03-29,5.18500000,1.99600000,0.83700000,0.82200000,1.02500000,0.89600000,0.97100000,0.99500000,,,,112.35220890
2018-03-30,5.07200000,2.03100000,0.84300000,0.85100000,1.01600000,0.89300000,0.96100000,1.00800000,,,,112.55867730
2018-04-02,5.15500000,2.01900000,0.85300000,0.86800000,1.00800000,0.89300000,0.96100000,1.01100000,,,,112.53944740
2018-04-03,5.14400000,2.02000000,0.85300000,0.85800000,1.00000000,0.88100000,0.95400000,0.99100000,,,,112.65280260
2018-04-04,5.14300000,2.01400000,0.84500000,0.85600000,1.00000000,0.87600000,0.94700000,0.98000000,,,,112.68114140
2018-04-09,5.14700000,2.01500000,0.84900000,0.88000000,1.00100000,0.87900000,0.93900000,0.97700000,,,,112.84105320
2018-04-10,5.08100000,2.03100000,0.86300000,0.85600000,1.02800000,0.89900000,0.96000000,0.97700000,,,,112.85522260
2018-04-11,5.10500000,2.02600000,0.85900000,0.85900000,1.04100000,0.90600000,0.97100000,0.98400000,,,,112.86635570
2018-04-12,5.08400000,2.03000000,0.85200000,0.85000000,1.02600000,0.89500000,0.95900000,0.97400000,,,,112.93619060
2018-04-13,5.04500000,1.98600000,0.84300000,0.85500000,1.01700000,0.88900000,0.95000000,0.97700000,,,,113.12848960
2018-04-16,4.99400000,1.98500000,0.82400000,0.86200000,0.99100000,0.88000000,0.92800000,0.98000000,,,,113.44224060
2018-04-17,4.94600000,1.93300000,0.82500000,0.84400000,0.98500000,0.85600000,0.91600000,0.95200000,,,,113.35924840
2018-04-18,4.95000000,1.93900000,0.83700000,0.87000000,0.99600000,0.86000000,0.92100000,0.95800000,,,,113.85517740
2018-04-19,4.93000000,1.95000000,0.84100000,0.89200000,0.99800000,0.88100000,0.92200000,0.96200000,,,,113.62239440
2018-04-20,4.93100000,1.95000000,0.81400000,0.88500000,0.98900000,0.86200000,0.90600000,0.93900000,,,,113.47159150
2018-04-23,4.99000000,1.93000000,0.82000000,0.84800000,0.99400000,0.85400000,0.90700000,0.92200000,,,,113.46147050
2018-04-24,5.06600000,1.96300000,0.84100000,0.86900000,1.01100000,0.86300000,0.92900000,0.95200000,,,,113.61024920
2018-04-25,5.00100000,2.00500000,0.83800000,0.87000000,1.00200000,0.85800000,0.92000000,0.95600000,,,,113.70336240
2018-04-26,5.09000000,1.97000000,0.82000000,0.85400000,0.99800000,0.84400000,0.90300000,0.93900000,,,,113.66996310
2018-04-27,5.11800000,2.00800000,0.83200000,0.84300000,1.00100000,0.84300000,0.90000000,0.94500000,,,,113.71854390
2018-05-02,4.97500000,2.02100000,0.83500000,0.83100000,0.99900000,0.83900000,0.90100000,0.93800000,,,,113.63352750
2018-05-03,5.08800000,2.03200000,0.85500000,0.83600000,0.99700000,0.84300000,0.90300000,0.94500000,,,,113.78837880
2018-05-04,5.02600000,2.06900000,0.84900000,0.83700000,0.99000000,0.84000000,0.90400000,0.93900000,,,,113.65984210
2018-05-07,5.17700000,2.10100000,0.85800000,0.84700000,0.99700000,0.85600000,0.91400000,0.95000000,,,,113.66085420
2018-05-08,5.10800000,2.10900000,0.86200000,0.85100000,1.00600000,0.86500000,0.92800000,0.95700000,,,,113.55964420
2018-05-09,5.10200000,2.11200000,0.85300000,0.84500000,1.00600000,0.86300000,0.92400000,0.95400000,,,,113.36228470
2018-05-10,5.20000000,2.16500000,0.85800000,0.83500000,1.00800000,0.86300000,0.93000000,0.95900000,,,,113.36633310
2018-05-11,5.14300000,2.11000000,0.84800000,0.82800000,1.01400000,0.87600000,0.92200000,0.95200000,,,,113.43920430
2018-05-14,5.24000000,2.11800000,0.85200000,0.81200000,1.01900000,0.87900000,0.91700000,0.94700000,,,,113.44527690
2018-05-15,5.28600000,2.18000000,0.84900000,0.82200000,1.01600000,0.88200000,0.92100000,0.96000000,,,,113.42199860
2018-05-16,5.29600000,2.20000000,0.83900000,0.82300000,1.00600000,0.86700000,0.91500000,0.95600000,,,,113.44325270
2018-05-17,5.22700000,2.17000000,0.83200000,0.81500000,1.00400000,0.86700000,0.91100000,0.95300000,,,,113.39973240
2018-05-18,5.26300000,2.18000000,0.84200000,0.81700000,1.01500000,0.87100000,0.91600000,0.95900000,,,,113.40276870
2018-05-21,5.27800000,2.19000000,0.84800000,0.82800000,1.01500000,0.87600000,0.91600000,0.96900000,,,,113.41896230
2018-05-22,5.33900000,2.23300000,0.84300000,0.82600000,1.00900000,0.87600000,0.90700000,0.96800000,,,,113.47260360
2018-05-23,5.29200000,2.23400000,0.83400000,0.82200000,0.99700000,0.85900000,0.89700000,0.96000000,,,,113.57178940
2018-05-24,5.26000000,2.24300000,0.82600000,0.81600000,0.99000000,0.85800000,0.89400000,0.95800000,,,,113.65376950
2018-05-25,5.29800000,2.27500000,0.81900000,0.81000000,0.98900000,0.84800000,0.88800000,0.94400000,,,,113.85416530
2018-05-28,5.39200000,2.30900000,0.81600000,0.79000000,0.98700000,0.84200000,0.88300000,0.93500000,,,,113.66895100
2018-05-29,5.30900000,2.20900000,0.80600000,0.78100000,0.98600000,0.84100000,0.87000000,0.93500000,,,,113.52928120
2018-05-30,5.31900000,2.18000000,0.77600000,0.76100000,0.96700000,0.81700000,0.84800000,0.90400000,,,,113.49486980
2018-05-31,5.58900000,2.23400000,0.78600000,0.76100000,0.97400000,0.82200000,0.86000000,0.91700000,,,,113.50600290
2018-06-01,5.34000000,2.16300000,0.79000000,0.75100000,0.97300000,0.82300000,0.85800000,0.90400000,,,,113.54648690
2018-06-04,5.39900000,2.15800000,0.78500000,0.74800000,0.98400000,0.81300000,0.87100000,0.90000000,,,,113.63150330
2018-06-05,5.50200000,2.24800000,0.79100000,0.76300000,0.98200000,0.82200000,0.87600000,0.91200000,,,,113.51106340
2018-06-06,5.50800000,2.25300000,0.78900000,0.76000000,0.97400000,0.83500000,0.87200000,0.91000000,,,,113.50397870
2018-06-07,5.45300000,2.25100000,0.79600000,0.75100000,0.97700000,0.83300000,0.87800000,0.90800000,,,,113.47462780
2018-06-08,5.42800000,2.21700000,0.77700000,0.74000000,0.96000000,0.81800000,0.86600000,0.89300000,,,,113.48778510
2018-06-11,5.34000000,2.17200000,0.77900000,0.73100000,0.95700000,0.82400000,0.87400000,0.88900000,,,,113.60316450
2018-06-12,5.45000000,2.19400000,0.78200000,0.73600000,0.96300000,0.82600000,0.87700000,0.89700000,,,,113.43616800
2018-06-13,5.38300000,2.15300000,0.77000000,0.71800000,0.95700000,0.81600000,0.87300000,0.88400000,,,,113.44932530
2018-06-14,5.33100000,2.12100000,0.77300000,0.71100000,0.95800000,0.81400000,0.87000000,0.87500000,,,,113.45337370
2018-06-15,5.25300000,2.09800000,0.76600000,0.69300000,0.96700000,0.80200000,0.87600000,0.86200000,,,,113.51308760
2018-06-19,5.12800000,2.03700000,0.71500000,0.65200000,0.95800000,0.74900000,0.83200000,0.81000000,,,,113.77825780
2018-06-20,5.30000000,2.08400000,0.71000000,0.67100000,0.95100000,0.75200000,0.84400000,0.81000000,,,,113.76307630
2018-06-21,5.17300000,2.07300000,0.68900000,0.65100000,0.94700000,0.72900000,0.84700000,0.78800000,,,,113.69931400
2018-06-22,5.20700000,2.10500000,0.69700000,0.66400000,0.94800000,0.74100000,0.84900000,0.80000000,,,,113.77623360
2018-06-25,5.24500000,2.10000000,0.69200000,0.65900000,0.93100000,0.73600000,0.82700000,0.79700000,,,,113.92400020
2018-06-26,5.16500000,2.08600000,0.69500000,0.67900000,0.91500000,0.73900000,0.80500000,0.80700000,,,,113.97258100
2018-06-27,5.01700000,2.06800000,0.69100000,0.67700000,0.90100000,0.73400000,0.78300000,0.79900000,,,,113.90881870
2018-06-28,4.93500000,2.02300000,0.69700000,0.67100000,0.89500000,0.73000000,0.77200000,0.79100000,,,,113.59709190
2018-06-29,5.06500000,2.05700000,0.71500000,0.69500000,0.91000000,0.74800000,0.79300000,0.82400000,,,,114.22155760
2018-07-02,4.97100000,2.04000000,0.69700000,0.69000000,0.87800000,0.73100000,0.76100000,0.81400000,,,,114.20738820
2018-07-03,4.89300000,2.02600000,0.70600000,0.71900000,0.88200000,0.73300000,0.76500000,0.82600000,,,,114.13755330
2018-07-04,4.83400000,2.00000000,0.69600000,0.70800000,0.88000000,0.72600000,0.75200000,0.81100000,,,,114.36730000
2018-07-05,4.79000000,1.94800000,0.68900000,0.69200000,0.88400000,0.70300000,0.73900000,0.80000000,,,,114.36325160
2018-07-06,4.87500000,1.93600000,0.69400000,0.69900000,0.89200000,0.70800000,0.74100000,0.80300000,,,,114.35819110
2018-07-09,4.95600000,2.00000000,0.70600000,0.71500000,0.92300000,0.72200000,0.75500000,0.81600000,,,,114.30151350
2018-07-10,4.97400000,2.02400000,0.70600000,0.72000000,0.91900000,0.73300000,0.76300000,0.81500000,,,,114.20637610
2018-07-11,4.92600000,2.01800000,0.68400000,0.69900000,0.90800000,0.72400000,0.74600000,0.78900000,,,,114.17095260
2018-07-12,5.04500000,2.06800000,0.70600000,0.71700000,0.92800000,0.73500000,0.76000000,0.81200000,,,,114.13755330
2018-07-13,5.11300000,2.12300000,0.70400000,0.71200000,0.92400000,0.74300000,0.76400000,0.81600000,,,,114.26406580
2018-07-16,5.09900000,2.11900000,0.70200000,0.72300000,0.91000000,0.73900000,0.75400000,0.81700000,,,,114.46547370
2018-07-17,5.04500000,2.09500000,0.69600000,0.72200000,0.90500000,0.73700000,0.75100000,0.81600000,,,,114.61324030
2018-07-18,5.03500000,2.08600000,0.69100000,0.71100000,0.90400000,0.73000000,0.74400000,0.80500000,,,,114.65170010
2018-07-19,4.98900000,2.05400000,0.68800000,0.69500000,0.90200000,0.72100000,0.74000000,0.80900000,,,,114.77011580
2018-07-20,5.01600000,2.06200000,0.70900000,0.71200000,0.94200000,0.72700000,0.75100000,0.81900000,,,,114.72153500
2018-07-23,4.91600000,1.98600000,0.72000000,0.74000000,0.96200000,0.74200000,0.76500000,0.82700000,,,,114.83185390
2018-07-24,5.01100000,2.02500000,0.73300000,0.74300000,0.96300000,0.75800000,0.78500000,0.83200000,,,,114.58186520
2018-07-25,5.02400000,2.04500000,0.72700000,0.74400000,0.96400000,0.75300000,0.78600000,0.83700000,,,,114.59502250
2018-07-26,4.95800000,2.03000000,0.72200000,0.73500000,0.95900000,0.74600000,0.78300000,0.83000000,,,,114.78226100
2018-07-27,4.93000000,2.01900000,0.71800000,0.73200000,0.95700000,0.74100000,0.78200000,0.82100000,,,,114.60919190
2018-07-30,4.85700000,1.94400000,0.71400000,0.72500000,0.96900000,0.73900000,0.77500000,0.80400000,,,,114.68105100
2018-07-31,4.86600000,1.96300000,0.71600000,0.72200000,0.97200000,0.73400000,0.78400000,0.80400000,,,,114.79035780
2018-08-01,4.79000000,1.92500000,0.70000000,0.70000000,0.95500000,0.72000000,0.75700000,0.79500000,,,,115.08589100
2018-08-02,4.69800000,1.91000000,0.68100000,0.67300000,0.93600000,0.70700000,0.73400000,0.77100000,,,,115.17394370
2018-08-03,4.59000000,1.87000000,0.67500000,0.66500000,0.93800000,0.69600000,0.72700000,0.75800000,,,,115.27110530
2018-08-06,4.44800000,1.79800000,0.66700000,0.64800000,0.94300000,0.66900000,0.71100000,0.74600000,,,,115.34903700
2018-08-07,4.56100000,1.82900000,0.68600000,0.66600000,0.95900000,0.68200000,0.73200000,0.76500000,,,,115.41482350
2018-08-08,4.48700000,1.79200000,0.67600000,0.65300000,0.95000000,0.67100000,0.72400000,0.75500000,,,,115.29843200
2018-08-09,4.63700000,1.85500000,0.68800000,0.67600000,0.96300000,0.68500000,0.74100000,0.77500000,,,,115.15370170
2018-08-10,4.67000000,1.89900000,0.68800000,0.68200000,0.95400000,0.68600000,0.75600000,0.77800000,,,,115.02516500
2018-08-13,4.69900000,1.91800000,0.68500000,0.69500000,0.94400000,0.68800000,0.75000000,0.77900000,,,,114.88347100
2018-08-14,4.65500000,1.90600000,0.68200000,0.68700000,0.94100000,0.68800000,0.73600000,0.77200000,,,,115.13649600
2018-08-15,4.49900000,1.83700000,0.67100000,0.67700000,0.92400000,0.66900000,0.73200000,0.75600000,,,,114.79339410
2018-08-16,4.55700000,1.83500000,0.67600000,0.67000000,0.92500000,0.66200000,0.73100000,0.74500000,,,,114.75392220
2018-08-17,4.36700000,1.79700000,0.67100000,0.66100000,0.92000000,0.65200000,0.72500000,0.72900000,,,,113.99687140
2018-08-20,4.37200000,1.76100000,0.68000000,0.67100000,0.93400000,0.66200000,0.72800000,0.73500000,,,,114.04241590
2018-08-21,4.50000000,1.82000000,0.68500000,0.67900000,0.94200000,0.67000000,0.73500000,0.74300000,,,,114.04747640
2018-08-22,4.44600000,1.80000000,0.68100000,0.67600000,0.93600000,0.66300000,0.73600000,0.73300000,,,,114.10111770
2018-08-23,4.50000000,1.81100000,0.68700000,0.68000000,0.94100000,0.66500000,0.73800000,0.73900000,,,,114.21649710
2018-08-24,4.49900000,1.80600000,0.68900000,0.67200000,0.96100000,0.66300000,0.73500000,0.73600000,,,,114.38146940
2018-08-27,4.59600000,1.87000000,0.69900000,0.69500000,0.97000000,0.67300000,0.75200000,0.75400000,,,,114.34503380
2018-08-28,4.66000000,1.87000000,0.69600000,0.70000000,0.97000000,0.68000000,0.75700000,0.75800000,,,,114.50494560
2018-08-29,4.57100000,1.86200000,0.69000000,0.70100000,0.96600000,0.67400000,0.75600000,0.75400000,,,,114.66080900
2018-08-30,4.68100000,1.83200000,0.68200000,0.68900000,0.95800000,0.66700000,0.75000000,0.74300000,,,,114.65170010
2018-08-31,4.51200000,1.79300000,0.68200000,0.68500000,0.96300000,0.65700000,0.75300000,0.72800000,,,,114.83185390
2018-09-03,4.43900000,1.78800000,0.68100000,0.70100000,0.96300000,0.65700000,0.74900000,0.72800000,,,,114.68105100
2018-09-04,4.43100000,1.79800000,0.68900000,0.72300000,0.97300000,0.66000000,0.76100000,0.74100000,,,,114.51000610
2018-09-05,4.36000000,1.77800000,0.67700000,0.71700000,0.95500000,0.64700000,0.74500000,0.73300000,,,,114.64866380
2018-09-06,4.37500000,1.75600000,0.67600000,0.72600000,0.95100000,0.64300000,0.73700000,0.73100000,,,,114.60311930
2018-09-07,4.47900000,1.78100000,0.67700000,0.71700000,0.95500000,0.64100000,0.74100000,0.72500000,,,,114.51101820
2018-09-10,4.29900000,1.75400000,0.65600000,0.70300000,0.94900000,0.62700000,0.73600000,0.70600000,,,,114.52923600
2018-09-11,4.30900000,1.77600000,0.65900000,0.71500000,0.94100000,0.62500000,0.73200000,0.70300000,,,,114.31770710
2018-09-12,4.24000000,1.72400000,0.66200000,0.72300000,0.94300000,0.62800000,0.72900000,0.70600000,,,,114.50089720
2018-09-13,4.24000000,1.72000000,0.67100000,0.73600000,0.95600000,0.63700000,0.73600000,0.70600000,,,,114.47154630
2018-09-14,4.28000000,1.68700000,0.66800000,0.71200000,0.95400000,0.64200000,0.73700000,0.70000000,,,,114.45029220
2018-09-17,4.21100000,1.65200000,0.66600000,0.70600000,0.94700000,0.62600000,0.72800000,0.69000000,,,,114.45130430
2018-09-18,4.28400000,1.68600000,0.67700000,0.71800000,0.96100000,0.63700000,0.73400000,0.70100000,,,,114.41790500
2018-09-19,4.37000000,1.71700000,0.68200000,0.72800000,0.96600000,0.64400000,0.76200000,0.70800000,,,,114.45636480
2018-09-20,4.36600000,1.71300000,0.68000000,0.71700000,0.97000000,0.64500000,0.75900000,0.70500000,,,,114.49280040
2018-09-21,4.53700000,1.76100000,0.69600000,0.72100000,1.00600000,0.66000000,0.78100000,0.71700000,,,,114.63044600
2018-09-25,4.50200000,1.75500000,0.68800000,0.72500000,0.99400000,0.65900000,0.75800000,0.71500000,,,,114.62842180
2018-09-26,4.61100000,1.78600000,0.69200000,0.72500000,1.00500000,0.66200000,0.75800000,0.71800000,,,,114.74683750
2018-09-27,4.57900000,1.79500000,0.68800000,0.71300000,1.00600000,0.65500000,0.74900000,0.70900000,,,,114.80047880
2018-09-28,4.63300000,1.81600000,0.69500000,0.71400000,1.02000000,0.66300000,0.75200000,0.71400000,,,,115.10410880
2018-10-08,4.54000000,1.73500000,0.67000000,0.68900000,0.98300000,0.64600000,0.71900000,0.68400000,,,,115.37940000
2018-10-09,4.44600000,1.72600000,0.66700000,0.67200000,0.98300000,0.65300000,0.71200000,0.68100000,,,,115.37433950
2018-10-10,4.44100000,1.72900000,0.66800000,0.67800000,0.98600000,0.65000000,0.70900000,0.67900000,,,,114.91990660
2018-10-11,4.14200000,1.63300000,0.61900000,0.62400000,0.94900000,0.59600000,0.66700000,0.63500000,,,,115.31664980
2018-10-12,4.23900000,1.66100000,0.61100000,0.63600000,0.96800000,0.60100000,0.67000000,0.63400000,,,,115.44721070
2018-10-15,4.23800000,1.64600000,0.60300000,0.63300000,0.95600000,0.59100000,0.65800000,0.62100000,,,,115.58080790
2018-10-16,4.16400000,1.62300000,0.59600000,0.62200000,0.96200000,0.57200000,0.64000000,0.61100000,,,,115.57068690
2018-10-17,4.05500000,1.59400000,0.60300000,0.62200000,0.96900000,0.57100000,0.64800000,0.62300000,,,,115.63242500
2018-10-18,3.99000000,1.53100000,0.59200000,0.60600000,0.95300000,0.55100000,0.63300000,0.61400000,,,,115.86520800
2018-10-19,4.00700000,1.53900000,0.61000000,0.61900000,0.98100000,0.56100000,0.65400000,0.63300000,,,,115.89860730
2018-10-22,4.29000000,1.61500000,0.67100000,0.65200000,1.00500000,0.59300000,0.67900000,0.66400000,,,,115.71136880
2018-10-23,4.27200000,1.58100000,0.67900000,0.64200000,0.98700000,0.57700000,0.67200000,0.64900000,,,,115.73768340
2018-10-24,4.01600000,1.56400000,0.68800000,0.64200000,1.00600000,0.58600000,0.67400000,0.64700000,,,,115.75893750
2018-10-25,4.00300000,1.54800000,0.71800000,0.63300000,1.01400000,0.58600000,0.68900000,0.64600000,,,,115.68100580
2018-10-26,3.91900000,1.54800000,0.69200000,0.63100000,1.01500000,0.59000000,0.72600000,0.64200000,,,,115.67898160
2018-10-29,3.70800000,1.50300000,0.68800000,0.62200000,0.99600000,0.57700000,0.69000000,0.63800000,,,,115.69112680
2018-10-30,3.79200000,1.52900000,0.72500000,0.62700000,1.00700000,0.58400000,0.71000000,0.64000000,,,,115.64963070
2018-10-31,3.81800000,1.56600000,0.71500000,0.63400000,1.01100000,0.60200000,0.71400000,0.64700000,,,,115.68809050
2018-11-01,3.89500000,1.58000000,0.72300000,0.64200000,1.00500000,0.60300000,0.71900000,0.65700000,,,,115.77411900
2018-11-02,4.09300000,1.65600000,0.74100000,0.66000000,1.02600000,0.61900000,0.72800000,0.68300000,,,,115.55246910
2018-11-05,4.07400000,1.63400000,0.74200000,0.66200000,1.01300000,0.61300000,0.72100000,0.68200000,,,,115.71440510
2018-11-06,3.98500000,1.63800000,0.73700000,0.66000000,1.00800000,0.60700000,0.72800000,0.67800000,,,,115.82978450
2018-11-07,4.01100000,1.63100000,0.72200000,0.65500000,1.00400000,0.62200000,0.72200000,0.67600000,,,,116.00690200
2018-11-08,4.03200000,1.63900000,0.71000000,0.64600000,1.01000000,0.60700000,0.72200000,0.66800000,,,,116.15466860
2018-11-09,4.01800000,1.61000000,0.71100000,0.64600000,0.98000000,0.59800000,0.72000000,0.66600000,,,,116.08888210
2018-11-12,4.03300000,1.64300000,0.72500000,0.66000000,0.98300000,0.60800000,0.73300000,0.68700000,,,,116.32267720
2018-11-13,4.04000000,1.65800000,0.74200000,0.66500000,0.98600000,0.61700000,0.74900000,0.71300000,,,,116.21539460
2018-11-14,3.96500000,1.64800000,0.73000000,0.66000000,0.97300000,0.61300000,0.74700000,0.70500000,,,,116.42894770
2018-11-15,3.97200000,1.65700000,0.75000000,0.67700000,0.98300000,0.62100000,0.75500000,0.72300000,,,,116.82569090
2018-11-16,4.02200000,1.65400000,0.77100000,0.67600000,0.98400000,0.62100000,0.77300000,0.72900000,,,,116.94613080
2018-11-19,4.04700000,1.75000000,0.79500000,0.67700000,0.99600000,0.62300000,0.79900000,0.72400000,,,,116.90261050
2018-11-20,3.99500000,1.68500000,0.76000000,0.67300000,0.98200000,0.61500000,0.77300000,0.70200000,,,,116.65970650
2018-11-21,4.02200000,1.64700000,0.76100000,0.67200000,0.98300000,0.61300000,0.79100000,0.70400000,,,,116.72448090
2018-11-22,4.03600000,1.65000000,0.75200000,0.67300000,0.97900000,0.61100000,0.77900000,0.70700000,,,,116.65464600
2018-11-23,3.96600000,1.62400000,0.72900000,0.64600000,0.96700000,0.58100000,0.75100000,0.68000000,,,,116.07876110
2018-11-26,3.95400000,1.60100000,0.72400000,0.64600000,0.97000000,0.57700000,0.74800000,0.67700000,,,,116.07268850
2018-11-27,4.02400000,1.61600000,0.72800000,0.65400000,0.96700000,0.58200000,0.74600000,0.68300000,,,,116.10608780
2018-11-28,3.97500000,1.62000000,0.74800000,0.66100000,0.97400000,0.58700000,0.76200000,0.70400000,,,,116.11013620
2018-11-29,3.94900000,1.60100000,0.72300000,0.65100000,0.97100000,0.58500000,0.74400000,0.68000000,,,,116.11317250
2018-11-30,4.01200000,1.61000000,0.73400000,0.65300000,0.97500000,0.59100000,0.74900000,0.68000000,,,,116.14353550
2018-12-03,4.12400000,1.66200000,0.75600000,0.67100000,0.99300000,0.60600000,0.75400000,0.70000000,,,,116.22956400
2018-12-04,4.14900000,1.68100000,0.76200000,0.66800000,0.99500000,0.60800000,0.75300000,0.70400000,,,,116.56861750
2018-12-05,4.16200000,1.69000000,0.75200000,0.66200000,0.99000000,0.60800000,0.74500000,0.70000000,,,,116.83783610
2018-12-06,4.03700000,1.63800000,0.73300000,0.65700000,0.97800000,0.60300000,0.73500000,0.68700000,,,,117.09693370
2018-12-07,3.98200000,1.59900000,0.73600000,0.65600000,0.97500000,0.60000000,0.73900000,0.68900000,,,,117.05037710
2018-12-10,3.97000000,1.55200000,0.72600000,0.64500000,0.96700000,0.59600000,0.73000000,0.68900000,,,,117.23356720
2018-12-11,3.97500000,1.57100000,0.72800000,0.64900000,0.96700000,0.60100000,0.75100000,0.69900000,,,,117.39145480
2018-12-12,3.99800000,1.55900000,0.73100000,0.64700000,0.96900000,0.60100000,0.75000000,0.69600000,,,,117.41068470
2018-12-13,4.06100000,1.57500000,0.73800000,0.65600000,0.97700000,0.60400000,0.76900000,0.70400000,,,,117.22040990
2018-12-14,4.02800000,1.54900000,0.71600000,0.64600000,0.96800000,0.58600000,0.74700000,0.68800000,,,,117.06454650
2018-12-17,3.96300000,1.52100000,0.72100000,0.64500000,0.96600000,0.59100000,0.74900000,0.68400000,,,,117.16069600
2018-12-18,3.95300000,1.52200000,0.70800000,0.63900000,0.96000000,0.59200000,0.73300000,0.68000000,,,,117.25178500
2018-12-19,3.88100000,1.47700000,0.70300000,0.62900000,0.95000000,0.58500000,0.73100000,0.67300000,,,,117.39853950
2018-12-20,3.89000000,1.46700000,0.70900000,0.62800000,0.93100000,0.58400000,0.73100000,0.67400000,,,,117.20522840
2018-12-21,3.81000000,1.43600000,0.69500000,0.62000000,0.92200000,0.57700000,0.71600000,0.67500000,,,,117.45116870
2018-12-24,3.87000000,1.47100000,0.69100000,0.62700000,0.92100000,0.57800000,0.71200000,0.67600000,,,,117.43497510
2018-12-25,3.85800000,1.46600000,0.67500000,0.62400000,0.91600000,0.56900000,0.70800000,0.66500000,,,,117.38538220
2018-12-26,3.84800000,1.45000000,0.67100000,0.61900000,0.91500000,0.56800000,0.71000000,0.66400000,,,,117.37222490
2018-12-27,3.83900000,1.43500000,0.67100000,0.61500000,0.91600000,0.56100000,0.70500000,0.66100000,,,,117.41169680
2018-12-28,3.87200000,1.44300000,0.68400000,0.61600000,0.92100000,0.56700000,0.70600000,0.65500000,,,,118.00377530
2019-01-02,3.80800000,1.38600000,0.68100000,0.61900000,0.90600000,0.55700000,0.70100000,0.64800000,,,,117.67383070
2019-01-03,3.70900000,1.34600000,0.69600000,0.63400000,0.91300000,0.56400000,0.70200000,0.64900000,,,,117.72747200
2019-01-04,3.77500000,1.38000000,0.74700000,0.64600000,0.93100000,0.57900000,0.72000000,0.66500000,,,,117.93697670
2019-01-07,3.81100000,1.38600000,0.74500000,0.67100000,0.93300000,0.59000000,0.73300000,0.67600000,,,,118.04931980
2019-01-08,3.79700000,1.38900000,0.74500000,0.66100000,0.92600000,0.58100000,0.72200000,0.67400000,,,,118.03312620
2019-01-09,3.87600000,1.40500000,0.74800000,0.65700000,0.93600000,0.57800000,0.72700000,0.67500000,,,,118.03515040
2019-01-10,3.86200000,1.40000000,0.73600000,0.65300000,0.93300000,0.57600000,0.72200000,0.67600000,,,,118.02806570
2019-01-11,3.88100000,1.40000000,0.74400000,0.66500000,0.94300000,0.58100000,0.72700000,0.68200000,,,,117.98150910
2019-01-14,3.83500000,1.37600000,0.74100000,0.65800000,0.93500000,0.57800000,0.71900000,0.66900000,,,,117.87928700
2019-01-15,3.98900000,1.40400000,0.76000000,0.66400000,0.94700000,0.58300000,0.72700000,0.68200000,,,,117.91369840
2019-01-16,3.98100000,1.41800000,0.75300000,0.65900000,0.94600000,0.58000000,0.73400000,0.68200000,,,,118.00984790
2019-01-17,3.96300000,1.41300000,0.74400000,0.65100000,0.94400000,0.57600000,0.72700000,0.67500000,,,,118.08271910
2019-01-18,4.04000000,1.45000000,0.75400000,0.65600000,0.95900000,0.59000000,0.73300000,0.68100000,,,,118.01389630
2019-01-21,4.07200000,1.45100000,0.74900000,0.66000000,0.96100000,0.59000000,0.73200000,0.68300000,,,,117.88940800
2019-01-22,3.99400000,1.42500000,0.73800000,0.65000000,0.95400000,0.58100000,0.72800000,0.67200000,,,,117.92483150
2019-01-23,3.98600000,1.41800000,0.73600000,0.65100000,0.95800000,0.58200000,0.72600000,0.67100000,,,,117.89750480
2019-01-24,4.01200000,1.42300000,0.74900000,0.65900000,0.96500000,0.58000000,0.72800000,0.67500000,,,,117.93495250
2019-01-25,4.06600000,1.42000000,0.74800000,0.65500000,0.98300000,0.57800000,0.73200000,0.67700000,,,,117.93090410
2019-01-28,4.01100000,1.40200000,0.74300000,0.65200000,0.98100000,0.57600000,0.74000000,0.67500000,,,,117.90762580
2019-01-29,4.00300000,1.41100000,0.73700000,0.64000000,0.98800000,0.56500000,0.73400000,0.66300000,,,,117.98049700
2019-01-30,3.96800000,1.41800000,0.72800000,0.64100000,0.98500000,0.56100000,0.73700000,0.65000000,,,,118.06551340
2019-01-31,3.98800000,1.40700000,0.73700000,0.63600000,0.99900000,0.55300000,0.74100000,0.64400000,,,,118.13636040
2019-02-01,4.07900000,1.44500000,0.75600000,0.65000000,1.00000000,0.56500000,0.74600000,0.66100000,,,,118.24364300
2019-02-11,4.21000000,1.46000000,0.76900000,0.66300000,1.00200000,0.58300000,0.75900000,0.67500000,,,,118.35699820
2019-02-12,4.21300000,1.50300000,0.77400000,0.66900000,1.00300000,0.58500000,0.76100000,0.68100000,,,,118.42480890
2019-02-13,4.28800000,1.53100000,0.80100000,0.68300000,1.01500000,0.60100000,0.77500000,0.69600000,,,,118.44808720
2019-02-14,4.33800000,1.54000000,0.79900000,0.68400000,1.01000000,0.59900000,0.77600000,0.70000000,,,,118.35902240
2019-02-15,4.25100000,1.52400000,0.78200000,0.67800000,0.99100000,0.59800000,0.76000000,0.69100000,,,,118.48452280
2019-02-18,4.38300000,1.58500000,0.82700000,0.70600000,1.01000000,0.61700000,0.78000000,0.71700000,,,,118.35396190
2019-02-19,4.35500000,1.57400000,0.83400000,0.71600000,1.00800000,0.61900000,0.78700000,0.71900000,,,,118.29728430
2019-02-20,4.32800000,1.55500000,0.83600000,0.71100000,1.01000000,0.63000000,0.79300000,0.71800000,,,,118.33776830
2019-02-21,4.32000000,1.54300000,0.84300000,0.70300000,1.00500000,0.62900000,0.78000000,0.72500000,,,,118.29526010
2019-02-22,4.37000000,1.57000000,0.92700000,0.71900000,1.01800000,0.63400000,0.79500000,0.75600000,,,,118.21935260
2019-02-25,4.57000000,1.63700000,1.02000000,0.76500000,1.08400000,0.69700000,0.85300000,0.80900000,,,,117.97037600
2019-02-26,4.49000000,1.65700000,0.99800000,0.75000000,1.06000000,0.68900000,0.83800000,0.81900000,,,,117.66269760
2019-02-27,4.50000000,1.64000000,0.98900000,0.76200000,1.07900000,0.67600000,0.84100000,0.81400000,,,,118.00984790
2019-02-28,4.54100000,1.67500000,0.95600000,0.75900000,1.07200000,0.67300000,0.84200000,0.80900000,,,,117.85297240
2019-03-01,4.59200000,1.68500000,0.98700000,0.76300000,1.10600000,0.67700000,0.84300000,0.81900000,,,,117.83070620
2019-03-04,4.64800000,1.70800000,0.99500000,0.77400000,1.11400000,0.68900000,0.87800000,0.84400000,,,,117.77099230
2019-03-05,4.67000000,1.71800000,0.99500000,0.79100000,1.11000000,0.69500000,0.89500000,0.86700000,,,,117.71937520
2019-03-06,4.65000000,1.73000000,1.05100000,0.79700000,1.11500000,0.71800000,0.89900000,0.89000000,,,,117.64447980
2019-03-07,4.56900000,1.72400000,1.10400000,0.78900000,1.09900000,0.73500000,0.89100000,0.90500000,,,,117.76491970
2019-03-08,4.45800000,1.67600000,0.99500000,0.76700000,1.05400000,0.68600000,0.85000000,0.86700000,,,,117.89750480
2019-03-11,4.56300000,1.72500000,1.01000000,0.79500000,1.06300000,0.70100000,0.86400000,0.89400000,,,,117.80135530
2019-03-12,4.57500000,1.73900000,1.02000000,0.82500000,1.06500000,0.70300000,0.87400000,0.93900000,,,,117.83880300
2019-03-13,4.53700000,1.73400000,1.00200000,0.80500000,1.06400000,0.70000000,0.89900000,0.90300000,,,,117.85196030
2019-03-14,4.51500000,1.70000000,0.96800000,0.78300000,1.06500000,0.69400000,0.88300000,0.87400000,,,,117.77504070
2019-03-15,4.63900000,1.73000000,0.98100000,0.78200000,1.06900000,0.70000000,0.91100000,0.86600000,,,,117.77402860
2019-03-18,4.78700000,1.79900000,1.00500000,0.79700000,1.08700000,0.72000000,0.93200000,0.89100000,,,,117.76087130
2019-03-19,4.73000000,1.78700000,0.99400000,0.80800000,1.08200000,0.71600000,0.93300000,0.90100000,,,,117.77099230
2019-03-20,4.72800000,1.78900000,1.00800000,0.79600000,1.08200000,0.70600000,0.94300000,0.90600000,,,,117.80236740
2019-03-21,4.74600000,1.80000000,1.02200000,0.80100000,1.07900000,0.71500000,0.94100000,0.93600000,,,,117.80742790
2019-03-22,4.77500000,1.81500000,1.01100000,0.80500000,1.07200000,0.71000000,0.94200000,0.92300000,,,,117.89345640
2019-03-25,4.66600000,1.78200000,0.97300000,0.84100000,1.05000000,0.69500000,0.92800000,0.89700000,,,,118.10498530
2019-03-26,4.62700000,1.75600000,0.94300000,0.80000000,1.04000000,0.68700000,0.91700000,0.86500000,,,,118.26995760
2019-03-27,4.74500000,1.80100000,0.94800000,0.79000000,1.05100000,0.67900000,0.91900000,0.86300000,,,,118.18089280
2019-03-28,4.76800000,1.78600000,0.94000000,0.78700000,1.04500000,0.67200000,0.89900000,0.84700000,,,,118.29019960
2019-03-29,4.90000000,1.82600000,1.02000000,0.81900000,1.07600000,0.68900000,0.94000000,0.87500000,,,,118.27603020
2019-04-01,5.06800000,1.86600000,1.03500000,0.86000000,1.09700000,0.72400000,0.98200000,0.90800000,,,,118.15154190
2019-04-02,4.97200000,1.85400000,1.03100000,0.86000000,1.09900000,0.73800000,0.99000000,0.90500000,,,,118.13332410
2019-04-03,4.97500000,1.87200000,1.08400000,0.86700000,1.10600000,0.73800000,0.99800000,0.91300000,,,,117.86511760
2019-04-04,5.07500000,1.87300000,1.08500000,0.86900000,1.12600000,0.74700000,0.99900000,0.91300000,,,,117.83273040
2019-04-08,5.04400000,1.86600000,1.05900000,0.85200000,1.13500000,0.76000000,0.98700000,0.89400000,,,,117.53922140
2019-04-09,5.15800000,1.89300000,1.05900000,0.84900000,1.12300000,0.73900000,1.01500000,0.90300000,,,,117.54731820
2019-04-10,5.22000000,1.92900000,1.04400000,0.84600000,1.11500000,0.73400000,1.01000000,0.89800000,,,,117.17688960
2019-04-11,5.07900000,1.87400000,1.02300000,0.82800000,1.10900000,0.72000000,0.98900000,0.87100000,,,,117.58274170
2019-04-12,5.04200000,1.86100000,1.02700000,0.82600000,1.11000000,0.71400000,0.99300000,0.87800000,,,,117.46533810
2019-04-15,5.00200000,1.82800000,1.00500000,0.82400000,1.12200000,0.71000000,0.97700000,0.86400000,,,,117.27506330
2019-04-16,5.09400000,1.85900000,1.03100000,0.83600000,1.15600000,0.73300000,0.99200000,0.88000000,,,,117.18599850
2019-04-17,5.15600000,1.85700000,1.02300000,0.83700000,1.15300000,0.72900000,0.98200000,0.88200000,,,,117.25886970
2019-04-18,5.14200000,1.83700000,1.01500000,0.84500000,1.14200000,0.71900000,0.97800000,0.87700000,,,,117.26089390
2019-04-19,5.18400000,1.84200000,1.02700000,0.84200000,1.15000000,0.72500000,0.97800000,0.88300000,,,,117.36109180
2019-04-22,5.08500000,1.81000000,1.00400000,0.83300000,1.12100000,0.71000000,0.94800000,0.87100000,,,,117.43092670
2019-04-23,5.08400000,1.81100000,1.00900000,0.80500000,1.11700000,0.70200000,0.94800000,0.86700000,,,,117.33174090
2019-04-24,5.08900000,1.80500000,1.01700000,0.81100000,1.12500000,0.70600000,0.94400000,0.87400000,,,,117.18802270
2019-04-25,5.01200000,1.78600000,0.98900000,0.77700000,1.11400000,0.68300000,0.92100000,0.83600000,,,,117.31858360
2019-04-26,4.93100000,1.75000000,0.99500000,0.77500000,1.09700000,0.66900000,0.90500000,0.82500000,,,,117.41068470
2019-04-29,5.00000000,1.78100000,0.95200000,0.75200000,1.11500000,0.63800000,0.89800000,0.79800000,,,,117.24065190
2019-04-30,5.04600000,1.78600000,0.95700000,0.75900000,1.12000000,0.64500000,0.90600000,0.79900000,,,,117.48861640
2019-05-06,4.79900000,1.67500000,0.86400000,0.70100000,1.08900000,0.59600000,0.84700000,0.74100000,,,,117.50481000
2019-05-07,4.87200000,1.70100000,0.87700000,0.70900000,1.08500000,0.60400000,0.85500000,0.75100000,,,,117.75075030
2019-05-08,4.83000000,1.68300000,0.86600000,0.71300000,1.06900000,0.60400000,0.85800000,0.74700000,,,,117.74467770
2019-05-09,4.70000000,1.63000000,0.85400000,0.71500000,1.04800000,0.60100000,0.83700000,0.74100000,,,,117.78819800
2019-05-10,4.84000000,1.68900000,0.89200000,0.74700000,1.07100000,0.61600000,0.86700000,0.76900000,,,,117.79325850
2019-05-13,4.78700000,1.66500000,0.87300000,0.73900000,1.05600000,0.60600000,0.86500000,0.75300000,,,,117.89446850
2019-05-14,4.73800000,1.65400000,0.86200000,0.73300000,1.05200000,0.60700000,0.86100000,0.75100000,,,,117.79528270
2019-05-15,4.88900000,1.68800000,0.87600000,0.74100000,1.06600000,0.61400000,0.87400000,0.76200000,,,,117.79022220
2019-05-16,4.91000000,1.70500000,0.87900000,0.75100000,1.06800000,0.64100000,0.87800000,0.76000000,,,,117.82969410
2019-05-17,4.79300000,1.66000000,0.84300000,0.72800000,1.05700000,0.61100000,0.85300000,0.72700000,,,,117.99365430
2019-05-20,4.70100000,1.63000000,0.85000000,0.74200000,1.05300000,0.61900000,0.84200000,0.72600000,,,,117.98656960
2019-05-21,4.74600000,1.64200000,0.86200000,0.75100000,1.06400000,0.64200000,0.85300000,0.73700000,,,,117.89446850
2019-05-22,4.76000000,1.62500000,0.85300000,0.74700000,1.06300000,0.63000000,0.85100000,0.73500000,,,,117.86714180
2019-05-23,4.66200000,1.59300000,0.85100000,0.73800000,1.05700000,0.61800000,0.84400000,0.71700000,,,,117.98555750
2019-05-24,4.64000000,1.59000000,0.85200000,0.71900000,1.06100000,0.61200000,0.83800000,0.71100000,,,,118.07259810
2019-05-27,4.67300000,1.61000000,0.87600000,0.74500000,1.06500000,0.62900000,0.84700000,0.72800000,,,,117.86309340
2019-05-28,4.70800000,1.60700000,0.87200000,0.74200000,1.06700000,0.62400000,0.85700000,0.72700000,,,,118.02300520
2019-05-29,4.72800000,1.61200000,0.87300000,0.74500000,1.06600000,0.63600000,0.85400000,0.72700000,,,,118.10802160
2019-05-30,4.71100000,1.59800000,0.86100000,0.73900000,1.06200000,0.64200000,0.84800000,0.72200000,,,,118.23352200
2019-05-31,4.71200000,1.60000000,0.85500000,0.73900000,1.05900000,0.65100000,0.85000000,0.72200000,,,,118.37116760
2019-06-03,4.71700000,1.60300000,0.85600000,0.73200000,1.06100000,0.63700000,0.84900000,0.70900000,,,,118.41165160
2019-06-04,4.65600000,1.57200000,0.85300000,0.71700000,1.06100000,0.62800000,0.83400000,0.70500000,,,,118.41671210
2019-06-05,4.64600000,1.53200000,0.86000000,0.71300000,1.06500000,0.63400000,0.84500000,0.71100000,,,,118.47237760
2019-06-06,4.56300000,1.50200000,0.85100000,0.69800000,1.06300000,0.63000000,0.83700000,0.69600000,,,,118.40760320
2019-06-10,4.61600000,1.51600000,0.84100000,0.70400000,1.08100000,0.63600000,0.84500000,0.70100000,,,,118.34282880
2019-06-11,4.76100000,1.55400000,0.88400000,0.72600000,1.09000000,0.65300000,0.87500000,0.72700000,,,,118.14445720
2019-06-12,4.73500000,1.55300000,0.87500000,0.71700000,1.09000000,0.66100000,0.86000000,0.71900000,,,,118.20720740
2019-06-13,4.73600000,1.55500000,0.88100000,0.71700000,1.09000000,0.66000000,0.85800000,0.72600000,,,,118.20720740
2019-06-14,4.70600000,1.55200000,0.86400000,0.71300000,1.08600000,0.65500000,0.85500000,0.71100000,,,,118.35902240
2019-06-17,4.70900000,1.56200000,0.87000000,0.70600000,1.09200000,0.66200000,0.86100000,0.70800000,,,,118.41873630
2019-06-18,4.71500000,1.56200000,0.86800000,0.70000000,1.09600000,0.65100000,0.84800000,0.71000000,,,,118.44505090
2019-06-19,4.78800000,1.58700000,0.88600000,0.71300000,1.10800000,0.65200000,0.85400000,0.72100000,,,,118.47743810
2019-06-20,4.92000000,1.61200000,0.94000000,0.72700000,1.13700000,0.66400000,0.86900000,0.73300000,,,,118.50678900
2019-06-21,4.96100000,1.63500000,0.95200000,0.74000000,1.13100000,0.67500000,0.87500000,0.74900000,,,,118.62115630
2019-06-24,4.95300000,1.64000000,0.95000000,0.73700000,1.12700000,0.67900000,0.87200000,0.74500000,,,,118.57459970
2019-06-25,4.93100000,1.62400000,0.95200000,0.73300000,1.10900000,0.68200000,0.86700000,0.73300000,,,,118.60698690
2019-06-26,4.95800000,1.65400000,0.93200000,0.74400000,1.10500000,0.66500000,0.86500000,0.73200000,,,,118.59281750
2019-06-27,5.01200000,1.66600000,0.94700000,0.74700000,1.11200000,0.66800000,0.86500000,0.73400000,,,,118.56447870
2019-06-28,5.05900000,1.65200000,0.94300000,0.73800000,1.11000000,0.66300000,0.86500000,0.72600000,,,,118.58067230
2019-07-01,5.15500000,1.69200000,0.96400000,0.75600000,1.12500000,0.67300000,0.88600000,0.74700000,,,,118.60192640
2019-07-02,5.18100000,1.72900000,0.95400000,0.76300000,1.12300000,0.67600000,0.88500000,0.74700000,,,,118.73855990
2019-07-03,5.09100000,1.70100000,0.93700000,0.77200000,1.12100000,0.67200000,0.89600000,0.73500000,,,,119.12315790
2019-07-04,5.03900000,1.67800000,0.93800000,0.78200000,1.12200000,0.66300000,0.89900000,0.73400000,,,,118.97235500
2019-07-05,5.08500000,1.70500000,0.93700000,0.77800000,1.12200000,0.66500000,0.88500000,0.73600000,,,,118.94907670
2019-07-08,5.02000000,1.66800000,0.91400000,0.75000000,1.10400000,0.64100000,0.86400000,0.70900000,,,,118.93490730
2019-07-09,4.99800000,1.67700000,0.92000000,0.75200000,1.10100000,0.64200000,0.86400000,0.70700000,,,,119.00271800
2019-07-10,4.99400000,1.67500000,0.91700000,0.74800000,1.09300000,0.63200000,0.85900000,0.69900000,,,,118.93288310
2019-07-11,4.98600000,1.67000000,0.91900000,0.74800000,1.10000000,0.64300000,0.85700000,0.70100000,,,,118.93591940
2019-07-12,5.00400000,1.68600000,0.92200000,0.74700000,1.11400000,0.63800000,0.86400000,0.70400000,,,,118.93490730
2019-07-15,4.99600000,1.68600000,0.93900000,0.76500000,1.11200000,0.64200000,0.86500000,0.71500000,,,,118.97539130
2019-07-16,4.95000000,1.69100000,0.93600000,0.76700000,1.11100000,0.64300000,0.87300000,0.71600000,,,,118.97842760
2019-07-17,4.93000000,1.67500000,0.93400000,0.76700000,1.10700000,0.64200000,0.87800000,0.71700000,,,,118.97741550
2019-07-18,4.88200000,1.64300000,0.92000000,0.75400000,1.10800000,0.64000000,0.86600000,0.70500000,,,,119.02498420
2019-07-19,4.90700000,1.65000000,0.93900000,0.75800000,1.12200000,0.65300000,0.89000000,0.71100000,,,,119.06040770
2019-07-22,4.92700000,1.63200000,0.92000000,0.74100000,1.12700000,0.63800000,0.88700000,0.70100000,,,,119.06546820
2019-07-23,4.89000000,1.67100000,0.92200000,0.75300000,1.13800000,0.63700000,0.87300000,0.70400000,,,,119.10595220
2019-07-24,4.90800000,1.67400000,0.93000000,0.76400000,1.14500000,0.64400000,0.87500000,0.71200000,,,,119.09380700
2019-07-25,4.92600000,1.68200000,0.93200000,0.76800000,1.16200000,0.64200000,0.87500000,0.71500000,,,,119.06445610
2019-07-26,4.96000000,1.70600000,0.92900000,0.77800000,1.16200000,0.63800000,0.87600000,0.71600000,,,,119.08469810
2019-07-29,4.95500000,1.69000000,0.91500000,0.77900000,1.16000000,0.63700000,0.87100000,0.71400000,,,,119.07052870
2019-07-30,4.97300000,1.69500000,0.92300000,0.77900000,1.16700000,0.64400000,0.87900000,0.73100000,,,,119.06445610
2019-07-31,4.93900000,1.69900000,0.91700000,0.78100000,1.16000000,0.64600000,0.85700000,0.72600000,,,,119.11404900
2019-08-01,4.89700000,1.69300000,0.90600000,0.77200000,1.14900000,0.64100000,0.84000000,0.72400000,,,,119.18084760
2019-08-02,4.87400000,1.67500000,0.87800000,0.75700000,1.14100000,0.64400000,0.82800000,0.71300000,,,,119.36707400
2019-08-05,4.78600000,1.64800000,0.85800000,0.75600000,1.11900000,0.65400000,0.81000000,0.70000000,,,,119.72130900
2019-08-06,4.67700000,1.63800000,0.85400000,0.73900000,1.11000000,0.63600000,0.79800000,0.68200000,,,,119.92777740
2019-08-07,4.68400000,1.64500000,0.84100000,0.72600000,1.10800000,0.66200000,0.80200000,0.67500000,,,,119.56139720
2019-08-08,4.82300000,1.66000000,0.85100000,0.74100000,1.12800000,0.66100000,0.80200000,0.68100000,,,,119.57556660
2019-08-09,4.80300000,1.65100000,0.84000000,0.72700000,1.13100000,0.65600000,0.79400000,0.67700000,,,,119.85996670
2019-08-12,4.90900000,1.67300000,0.85900000,0.73800000,1.14500000,0.65100000,0.80100000,0.69200000,,,,120.07554400
2019-08-13,4.87300000,1.67700000,0.85000000,0.73500000,1.13300000,0.66200000,0.79500000,0.68500000,,,,120.06441090
2019-08-14,4.93400000,1.70600000,0.85200000,0.74400000,1.13000000,0.65800000,0.79500000,0.68700000,,,,119.94397100
2019-08-15,4.97000000,1.72000000,0.85000000,0.74400000,1.12700000,0.65400000,0.79800000,0.69000000,,,,119.96016460
2019-08-16,5.02700000,1.74600000,0.85400000,0.74500000,1.12700000,0.65700000,0.79900000,0.69600000,,,,119.86097880
2019-08-19,5.08400000,1.77600000,0.91200000,0.76700000,1.13200000,0.66400000,0.82400000,0.72600000,,,,119.66260720
2019-08-20,5.10800000,1.77600000,0.90400000,0.77000000,1.12900000,0.67100000,0.82900000,0.73100000,,,,119.65046200
2019-08-21,5.06100000,1.75900000,0.90000000,0.76800000,1.12700000,0.66300000,0.83100000,0.72800000,,,,119.69600650
2019-08-22,5.12600000,1.77800000,0.89900000,0.78000000,1.12400000,0.66200000,0.82600000,0.73000000,,,,119.66361930
2019-08-23,5.22500000,1.82700000,0.89700000,0.77500000,1.13500000,0.65900000,0.82900000,0.72600000,,,,119.45512670
2019-08-26,5.18600000,1.83500000,0.88200000,0.77300000,1.11500000,0.66300000,0.81800000,0.71700000,,,,119.68892180
2019-08-27,5.27000000,1.84600000,0.90000000,0.78900000,1.12700000,0.66800000,0.83300000,0.73200000,,,,119.65046200
2019-08-28,5.27900000,1.83300000,0.88800000,0.79100000,1.11400000,0.66400000,0.83100000,0.73200000,,,,119.67070400
2019-08-29,5.26800000,1.82300000,0.88300000,0.79300000,1.10500000,0.66600000,0.82300000,0.74000000,,,,119.70106700
2019-08-30,5.33200000,1.83100000,0.88000000,0.80900000,1.11000000,0.66600000,0.81700000,0.72900000,,,,119.62111110
2019-09-02,5.43500000,1.85200000,0.89900000,0.84900000,1.11500000,0.67400000,0.82600000,0.75500000,,,,119.57860290
2019-09-03,5.28200000,1.84000000,0.90100000,0.85100000,1.11400000,0.67500000,0.82300000,0.76200000,,,,119.47536870
2019-09-04,5.26800000,1.84000000,0.91500000,0.84500000,1.12800000,0.68300000,0.84600000,0.76700000,,,,119.47941710
2019-09-05,5.30100000,1.84600000,0.94000000,0.84900000,1.14300000,0.69000000,0.84400000,0.78000000,,,,119.58973600
2019-09-06,5.34000000,1.86500000,0.95000000,0.85500000,1.15200000,0.68200000,0.84800000,0.78200000,,,,119.97534610
2019-09-09,5.37900000,1.87300000,0.96300000,0.86300000,1.14900000,0.69300000,0.86000000,0.81100000,,,,119.86401510
2019-09-10,5.36600000,1.89300000,0.96400000,0.85100000,1.14600000,0.69300000,0.85600000,0.80400000,,,,119.81442220
2019-09-11,5.27600000,1.85600000,0.97200000,0.84300000,1.15200000,0.68900000,0.85200000,0.79800000,,,,119.75268410
2019-09-12,5.29600000,1.86000000,0.98600000,0.84600000,1.15700000,0.69000000,0.87100000,0.80500000,,,,119.62920790
2019-09-16,5.31600000,1.85800000,0.97100000,0.84100000,1.15100000,0.69400000,0.86700000,0.80700000,,,,119.61402640
2019-09-17,5.24200000,1.83200000,0.94400000,0.81600000,1.13800000,0.67600000,0.85100000,0.78500000,,,,119.66260720
2019-09-18,5.28900000,1.85000000,0.93900000,0.81100000,1.13900000,0.67300000,0.86000000,0.78300000,,,,119.61605060
2019-09-19,5.33100000,1.85700000,0.94400000,0.82500000,1.13800000,0.68100000,0.86200000,0.78900000,,,,119.64034100
2019-09-20,5.35300000,1.88300000,0.93900000,0.81400000,1.14300000,0.68200000,0.85900000,0.78600000,,,,119.69904280
2019-09-23,5.28000000,1.85600000,0.92600000,0.81300000,1.13400000,0.67500000,0.84400000,0.78100000,,,,119.76078090
2019-09-24,5.35400000,1.86900000,0.92800000,0.81100000,1.13500000,0.67900000,0.84400000,0.78300000,,,,119.71118800
2019-09-25,5.30600000,1.85900000,0.92200000,0.79500000,1.13800000,0.67400000,0.83800000,0.77100000,,,,119.71321220
2019-09-26,5.24500000,1.83600000,0.91000000,0.76600000,1.15300000,0.65300000,0.83600000,0.75300000,,,,119.68487340
2019-09-27,5.28000000,1.84300000,0.91600000,0.77300000,1.15400000,0.65100000,0.83300000,0.76100000,,,,119.59074810
2019-09-30,5.26400000,1.83600000,0.89600000,0.76600000,1.14300000,0.64300000,0.82900000,0.75200000,,,,119.83162790
2019-10-08,5.24700000,1.84800000,0.89000000,0.75600000,1.16200000,0.64200000,0.85000000,0.73900000,,,,119.78304710
2019-10-09,5.21500000,1.84700000,0.89100000,0.76100000,1.17300000,0.64900000,0.86400000,0.74000000,,,,119.89741440
2019-10-10,5.28100000,1.88200000,0.89800000,0.76900000,1.17100000,0.65100000,0.86400000,0.74800000,,,,119.80126490
2019-10-11,5.29800000,1.88500000,0.91400000,0.76700000,1.19500000,0.64800000,0.86700000,0.75100000,,,,119.73547840
2019-10-14,5.33800000,2.01900000,0.92800000,0.77600000,1.22200000,0.65000000,0.87600000,0.76700000,,,,119.69195810
2019-10-15,5.36100000,1.91100000,0.91600000,0.76300000,1.22300000,0.63800000,0.87200000,0.75800000,,,,119.72232110
2019-10-16,5.33000000,1.91200000,0.91100000,0.75700000,1.21500000,0.63300000,0.87500000,0.75600000,,,,119.71118800
2019-10-17,5.33000000,1.90500000,0.90700000,0.75300000,1.21500000,0.63300000,0.87100000,0.76000000,,,,119.76280510
2019-10-18,5.30000000,1.89700000,0.88800000,0.74000000,1.19700000,0.62300000,0.85500000,0.75200000,,,,119.68689760
2019-10-21,5.24100000,1.87300000,0.87800000,0.74000000,1.21000000,0.62000000,0.86900000,0.74700000,,,,119.44601780
2019-10-22,5.27300000,1.89400000,0.88300000,0.74800000,1.21300000,0.62400000,0.87000000,0.75000000,,,,119.54014310
2019-10-23,5.23000000,1.93100000,0.87500000,0.74000000,1.20700000,0.62100000,0.86100000,0.74900000,,,,119.58062710
2019-10-24,5.19700000,1.85000000,0.88000000,0.74100000,1.22000000,0.61800000,0.86300000,0.74900000,,,,119.59682070
2019-10-25,5.25800000,1.87500000,0.89000000,0.74500000,1.21500000,0.62100000,0.87200000,0.75100000,,,,119.64540150
2019-10-28,5.33200000,1.90500000,0.90400000,0.75800000,1.21300000,0.63100000,0.86800000,0.77700000,,,,119.45512670
2019-10-29,5.36000000,1.90700000,0.88500000,0.74900000,1.21200000,0.62100000,0.86000000,0.76500000,,,,119.38731600
2019-10-30,5.36000000,1.87900000,0.87800000,0.74100000,1.20900000,0.61600000,0.85100000,0.75600000,,,,119.33873520
2019-10-31,5.34300000,1.89300000,0.87500000,0.73800000,1.20100000,0.61300000,0.84500000,0.74800000,,,,119.38731600
2019-11-01,5.41600000,1.92100000,0.88700000,0.74300000,1.22100000,0.62000000,0.86100000,0.75600000,,,,119.44905410
2019-11-04,5.46000000,1.93900000,0.88800000,0.74100000,1.22900000,0.62300000,0.85800000,0.75500000,,,,119.38326760
2019-11-05,5.48400000,1.94300000,0.90200000,0.74300000,1.24300000,0.62800000,0.86200000,0.75600000,,,,119.48852600
2019-11-06,5.48100000,1.93000000,0.89100000,0.75300000,1.24600000,0.62800000,0.86300000,0.74500000,,,,119.64135310
2019-11-07,5.48700000,1.95600000,0.89500000,0.74800000,1.24500000,0.62500000,0.85700000,0.75200000,,,,119.56038510
2019-11-08,5.49600000,1.95300000,0.88400000,0.74200000,1.23200000,0.62200000,0.85200000,0.75400000,,,,119.50775590
2019-11-11,5.39800000,1.91800000,0.86800000,0.72400000,1.21200000,0.60800000,0.83700000,0.74000000,,,,119.65957090
2019-11-12,5.41100000,1.91600000,0.86800000,0.72400000,1.21400000,0.60300000,0.83400000,0.73900000,,,,119.70106700
2019-11-13,5.42800000,1.91500000,0.86100000,0.72000000,1.20700000,0.60600000,0.82400000,0.73600000,,,,119.71422430
2019-11-14,5.46800000,1.94400000,0.86200000,0.72200000,1.20500000,0.60500000,0.82500000,0.73800000,,,,119.65349830
2019-11-15,5.43200000,1.92500000,0.85200000,0.71600000,1.20200000,0.60200000,0.81900000,0.73600000,,,,119.75268410
2019-11-18,5.47000000,1.94900000,0.86300000,0.71900000,1.22300000,0.60500000,0.82500000,0.74300000,,,,120.07351980
2019-11-19,5.55500000,1.97900000,0.87000000,0.73100000,1.22200000,0.61600000,0.83400000,0.77400000,,,,120.13120950
2019-11-20,5.53200000,1.97100000,0.85700000,0.72400000,1.20000000,0.62000000,0.83000000,0.76800000,,,,120.06643510
2019-11-21,5.48200000,1.94900000,0.85600000,0.73000000,1.19800000,0.61900000,0.82900000,0.76800000,,,,120.13930630
2019-11-22,5.38100000,1.89600000,0.85500000,0.72600000,1.19200000,0.62300000,0.82700000,0.76400000,,,,120.10894330
2019-11-25,5.37200000,1.88200000,0.85800000,0.72200000,1.20600000,0.63400000,0.85000000,0.75500000,,,,120.00469700
2019-11-26,5.42000000,1.89200000,0.85600000,0.72400000,1.20100000,0.63200000,0.84300000,0.75500000,,,,119.99457600
2019-11-27,5.39000000,1.88100000,0.85200000,0.72000000,1.20000000,0.63700000,0.84100000,0.75000000,,,,120.03404790
2019-11-28,5.38100000,1.88700000,0.85100000,0.72000000,1.19600000,0.63000000,0.83500000,0.74500000,,,,120.03101160
2019-11-29,5.29700000,1.85000000,0.85500000,0.72500000,1.18900000,0.62600000,0.83300000,0.74700000,,,,120.21217750
2019-12-02,5.26900000,1.82800000,0.86100000,0.72500000,1.18900000,0.62700000,0.84800000,0.75400000,,,,120.37310140
2019-12-03,5.28600000,1.82800000,0.86700000,0.73000000,1.19500000,0.63200000,0.84700000,0.75600000,,,,120.46014200
2019-12-04,5.28300000,1.83900000,0.86300000,0.73500000,1.18900000,0.64400000,0.84000000,0.75600000,,,,120.44091210
2019-12-05,5.31400000,1.85200000,0.87800000,0.74500000,1.19600000,0.64600000,0.84500000,0.76700000,,,,120.42067010
2019-12-06,5.35200000,1.85800000,0.88100000,0.74500000,1.19400000,0.64400000,0.84800000,0.77300000,,,,120.39941600
2019-12-09,5.29900000,1.83200000,0.88100000,0.74300000,1.19200000,0.64400000,0.86400000,0.77600000,,,,120.22634690
2019-12-10,5.32600000,1.84000000,0.87900000,0.74100000,1.18900000,0.65000000,0.86100000,0.78400000,,,,120.15549990
2019-12-11,5.32600000,1.83800000,0.87900000,0.73800000,1.20200000,0.64600000,0.86600000,0.78000000,,,,120.19294760
2019-12-12,5.30000000,1.83700000,0.87500000,0.74000000,1.20000000,0.64500000,0.86200000,0.77500000,,,,120.19497180
2019-12-13,5.39800000,1.86400000,0.91000000,0.74500000,1.22100000,0.65400000,0.87300000,0.78800000,,,,120.19800810
2019-12-16,5.41700000,1.87500000,0.92500000,0.75800000,1.22000000,0.65600000,0.88200000,0.81600000,,,,120.18282660
2019-12-17,5.44200000,1.89400000,0.95000000,0.76400000,1.23500000,0.67300000,0.89800000,0.81500000,,,,120.12614900
2019-12-18,5.41000000,1.88000000,0.95300000,0.76200000,1.23700000,0.67300000,0.89900000,0.83800000,,,,120.15853620
2019-12-19,5.39300000,1.88300000,0.94700000,0.76600000,1.24000000,0.67500000,0.89900000,0.84300000,,,,120.18889920
2019-12-20,5.37600000,1.87400000,0.95300000,0.75400000,1.24000000,0.66600000,0.90600000,0.82900000,,,,120.32047220
2019-12-23,5.34100000,1.86000000,0.92600000,0.73800000,1.22800000,0.66100000,0.88400000,0.80800000,,,,120.46621460
2019-12-24,5.37100000,1.86000000,0.93500000,0.74500000,1.23600000,0.69200000,0.88300000,0.83200000,,,,120.80020760
2019-12-25,5.36700000,1.86200000,0.93900000,0.74600000,1.23200000,0.69100000,0.88400000,0.83800000,,,,120.76377200
2019-12-26,5.40200000,1.87900000,0.96300000,0.75400000,1.24100000,0.69800000,0.90300000,0.83900000,,,,120.91457490
2019-12-27,5.44000000,1.87200000,0.94200000,0.75200000,1.24300000,0.71900000,0.89800000,0.82600000,,,,121.14533370
2019-12-30,5.47300000,1.88000000,0.99900000,0.75800000,1.23900000,0.72600000,0.91000000,0.83800000,,,,121.08460770
2019-12-31,5.52500000,1.91700000,0.99100000,0.75800000,1.24000000,0.72600000,0.92000000,0.83500000,,,,121.30119710
2020-01-02,5.56400000,1.92700000,0.99900000,0.77100000,1.26300000,0.73600000,0.92800000,0.88300000,,,,120.82146170
2020-01-03,5.50100000,1.91700000,0.99700000,0.78400000,1.26500000,0.74800000,0.92300000,0.88600000,,,,120.70911860
2020-01-06,5.50100000,1.91000000,0.99600000,0.79300000,1.25600000,0.77500000,0.91600000,0.90500000,,,,120.83563110
2020-01-07,5.55400000,1.92900000,1.00200000,0.79400000,1.26200000,0.76500000,0.92100000,0.93300000,,,,120.77996560
2020-01-08,5.54100000,1.91100000,0.97100000,0.80500000,1.24200000,0.76500000,0.90200000,0.90600000,,,,120.91457490
2020-01-09,5.64400000,1.95500000,0.98600000,0.79800000,1.24700000,0.75600000,0.92100000,0.92000000,,,,121.02084540
2020-01-10,5.65600000,1.96000000,0.98900000,0.79100000,1.24800000,0.75200000,0.91400000,0.91600000,,,,121.14432160
2020-01-13,5.70800000,1.97200000,1.00000000,0.80000000,1.25000000,0.75800000,0.92000000,0.92900000,,,,121.14735790
2020-01-14,5.66200000,1.96600000,0.98900000,0.79300000,1.24800000,0.77600000,0.91700000,0.92600000,,,,121.23844690
2020-01-15,5.68300000,1.96800000,0.98400000,0.78600000,1.23600000,0.75900000,0.90800000,0.92200000,,,,121.29006400
2020-01-16,5.69000000,1.97200000,0.97900000,0.79600000,1.22600000,0.75500000,0.90300000,0.91200000,,,,121.09574080
2020-01-17,5.71000000,2.00500000,0.98300000,0.79200000,1.22500000,0.75300000,0.90200000,0.91200000,,,,121.20909600
2020-01-20,5.75000000,2.04800000,0.99700000,0.80700000,1.23200000,0.75700000,0.90000000,0.91600000,,,,121.26374940
2020-01-21,5.70400000,2.11400000,0.98000000,0.80000000,1.21900000,0.73900000,0.88300000,0.89700000,,,,121.83659800
2020-01-22,5.69000000,2.06300000,0.98800000,0.80300000,1.21800000,0.74400000,0.89300000,0.90200000,,,,121.55422210
2020-01-23,5.52500000,2.02200000,0.94700000,0.79000000,1.19100000,0.72200000,0.86100000,0.87800000,,,,122.26066790
2020-02-03,4.99400000,1.93700000,0.85200000,0.71100000,1.09600000,0.65000000,0.77500000,0.79000000,,,,124.08042370
2020-02-04,5.43600000,2.00200000,0.85100000,0.72100000,1.13400000,0.66300000,0.77800000,0.83200000,,,,122.80416560
2020-02-05,5.44900000,2.12900000,0.86100000,0.73900000,1.13500000,0.68200000,0.78500000,0.84900000,,,,122.99545250
2020-02-06,5.61000000,2.18800000,0.88500000,0.76700000,1.14200000,0.69100000,0.79600000,0.90900000,,,,122.64121750
2020-02-07,5.61000000,2.13100000,0.88800000,0.78400000,1.14600000,0.68400000,0.79400000,0.93100000,,,,122.83452860
2020-02-10,5.59300000,2.09800000,0.89500000,0.78900000,1.13600000,0.71500000,0.81100000,0.92100000,,,,123.03998490
2020-02-11,5.62200000,2.14900000,0.89400000,0.78200000,1.14700000,0.71100000,0.81600000,0.91200000,,,,123.11386820
2020-02-12,5.68200000,2.12000000,0.90700000,0.79800000,1.15000000,0.74800000,0.82000000,0.93400000,,,,122.99241620
2020-02-13,5.64100000,2.09900000,0.89300000,0.79100000,1.14200000,0.74700000,0.82900000,0.91600000,,,,122.81529870
2020-02-14,5.66200000,2.10700000,0.90900000,0.79200000,1.15100000,0.76500000,0.85600000,0.91800000,,,,122.81125030
2020-02-17,5.77700000,2.14000000,0.95500000,0.84900000,1.17400000,0.78100000,0.87000000,0.94700000,,,,122.63210860
2020-02-18,5.76500000,2.13200000,0.94800000,0.87400000,1.16600000,0.78400000,0.85600000,0.95900000,,,,122.60883030
2020-02-19,5.73500000,2.08900000,0.95500000,0.85600000,1.16000000,0.76600000,0.86100000,0.92900000,,,,122.63514490
2020-02-20,5.92000000,2.10200000,1.01200000,0.86500000,1.17900000,0.77000000,0.87000000,0.94700000,,,,122.48839040
2020-02-21,5.88700000,2.11800000,1.01400000,0.89000000,1.18400000,0.78300000,0.86300000,0.97100000,,,,122.60883030
2020-02-24,5.79800000,2.12300000,1.01300000,0.89700000,1.17500000,0.77900000,0.85000000,0.98200000,,,,122.83857700
2020-02-25,5.78700000,2.15300000,1.02000000,0.89600000,1.15600000,0.78400000,0.84700000,0.97500000,,,,122.76874210
2020-02-26,5.69400000,2.08800000,1.00100000,0.87900000,1.15600000,0.75600000,0.86700000,0.93600000,,,,122.78291150
2020-02-27,5.73200000,2.09900000,1.00300000,0.87100000,1.16200000,0.75400000,0.85800000,0.94600000,,,,122.90739980
2020-02-28,5.59400000,2.02300000,0.93800000,0.82100000,1.13700000,0.70500000,0.83400000,0.89300000,,,,123.43976440
2020-03-02,5.70400000,2.06700000,0.98700000,0.85300000,1.15200000,0.72600000,0.87900000,0.91700000,1.02700000,1.00600000,,123.22216290
2020-03-03,5.77800000,2.11500000,0.99600000,0.87200000,1.15600000,0.73400000,0.88000000,0.91900000,1.03300000,1.01400000,,123.24442910
2020-03-04,5.80200000,2.11700000,1.02200000,0.87200000,1.15700000,0.74500000,0.91200000,0.91800000,1.04300000,1.02400000,,123.42559500
2020-03-05,5.93800000,2.15800000,1.05600000,0.87700000,1.18800000,0.75100000,0.91600000,0.92900000,1.06200000,1.04000000,,123.45190960
2020-03-06,5.86600000,2.16100000,1.01600000,0.87100000,1.17100000,0.75000000,0.89500000,0.91700000,1.05400000,1.02500000,,123.61789400
2020-03-09,5.66400000,2.11300000,0.98200000,0.82700000,1.14100000,0.71200000,0.86600000,0.87100000,1.02100000,0.98700000,,124.46097330
2020-03-10,5.77500000,2.12100000,1.01600000,0.86600000,1.15200000,0.72200000,0.87800000,0.90100000,1.04000000,1.00200000,,124.08750840
2020-03-11,5.73900000,2.09400000,0.98800000,0.86600000,1.14500000,0.71200000,0.87300000,0.88400000,1.04100000,0.99300000,,124.08649630
2020-03-12,5.59800000,2.04100000,0.97500000,0.84300000,1.13600000,0.69300000,0.86000000,0.86500000,1.04200000,0.97600000,,124.18568210
2020-03-13,5.55600000,2.00000000,0.96900000,0.84300000,1.12400000,0.67900000,0.85100000,0.86000000,1.02300000,0.96200000,,123.69076520
2020-03-16,5.31900000,1.95800000,0.91300000,0.79500000,1.09700000,0.65000000,0.82700000,0.82200000,0.99800000,0.94100000,,123.54401070
2020-03-17,5.30500000,1.96200000,0.91500000,0.79500000,1.08900000,0.64200000,0.81600000,0.82600000,0.99500000,0.94100000,,123.26467110
2020-03-18,5.19900000,1.94500000,0.88600000,0.77400000,1.06700000,0.63000000,0.78700000,0.81300000,0.98600000,0.92800000,,123.26467110
2020-03-19,5.13000000,1.93500000,0.89700000,0.78700000,1.03800000,0.62500000,0.77300000,0.82400000,0.99000000,0.91600000,,122.94889590
2020-03-20,5.34100000,1.99900000,0.90700000,0.79200000,1.06300000,0.63600000,0.79500000,0.83900000,0.99600000,0.92800000,0.96000000,123.17358210
2020-03-23,5.15300000,1.95900000,0.86700000,0.75200000,1.03500000,0.60900000,0.76000000,0.80800000,0.96600000,0.90400000,0.88700000,123.77679370
2020-03-24,5.27800000,2.01400000,0.88700000,0.76500000,1.06100000,0.63700000,0.77600000,0.81400000,0.98100000,0.92800000,0.90200000,123.79197520
2020-03-25,5.43600000,2.07100000,0.90400000,0.77600000,1.08422620,0.65200000,0.81100000,0.83600000,0.99200000,0.93800000,0.93500000,123.81120510
2020-03-26,5.44700000,2.10400000,0.89100000,0.76600000,1.09637130,0.64400000,0.80300000,0.83500000,0.97500000,0.92900000,0.91200000,124.08042370
2020-03-27,5.50100000,2.09000000,0.89500000,0.76600000,1.10299590,0.63900000,0.81000000,0.81800000,0.98200000,0.93100000,0.90400000,124.28588000
2020-03-30,5.41800000,2.08700000,0.88500000,0.76000000,1.08974670,0.62400000,0.79900000,0.78900000,0.97000000,0.92900000,0.87600000,124.44579180
2020-03-31,5.51700000,2.10300000,0.88100000,0.74900000,1.07980980,0.63100000,0.79300000,0.79000000,0.96700000,0.92500000,0.87100000,124.68363530
2020-04-01,5.45000000,2.06400000,0.87800000,0.74700000,1.07760160,0.64200000,0.79500000,0.78500000,0.95800000,0.91900000,0.88500000,124.91844250
2020-04-02,5.50300000,2.09000000,0.89400000,0.76700000,1.08533030,0.64700000,0.80400000,0.80500000,0.97700000,0.93700000,0.93200000,124.76257910
2020-04-03,5.53100000,2.11800000,0.88100000,0.76000000,1.07980980,0.63900000,0.80200000,0.79700000,0.97100000,0.92500000,0.92100000,124.70387730
2020-04-07,5.67200000,2.16800000,0.90100000,0.79300000,1.08864260,0.66200000,0.81400000,0.82100000,0.99500000,0.94000000,0.94900000,125.36073020
2020-04-08,5.64100000,2.18400000,0.89700000,0.80400000,1.08533030,0.66600000,0.81000000,0.82300000,0.99900000,0.94400000,0.95200000,125.89005850
2020-04-09,5.72400000,2.23200000,0.90600000,0.80300000,1.08312210,0.66400000,0.81000000,0.83200000,1.01100000,0.94100000,0.94800000,126.03175250
2020-04-10,5.70900000,2.20400000,0.89300000,0.79000000,1.08533030,0.65200000,0.80600000,0.80800000,0.99900000,0.93000000,0.91400000,125.78783640
2020-04-13,5.66800000,2.22500000,0.88500000,0.78900000,1.07760160,0.64900000,0.80200000,0.78800000,1.00400000,0.92600000,0.89100000,125.96394180
2020-04-14,5.76000000,2.25600000,0.90700000,0.79700000,1.08753850,0.67400000,0.81600000,0.81900000,1.01200000,0.93900000,0.91900000,126.00442580
2020-04-15,5.70800000,2.25700000,0.89800000,0.78800000,1.08201800,0.66800000,0.80600000,0.81300000,1.00300000,0.93000000,0.92200000,126.60055270
2020-04-16,5.71900000,2.27900000,0.90600000,0.79900000,1.07980980,0.66800000,0.80700000,0.82500000,1.00700000,0.92800000,0.92600000,126.47505230
2020-04-17,5.74200000,2.25200000,0.90500000,0.79700000,1.08864260,0.66400000,0.81100000,0.82700000,1.00600000,0.93000000,0.94300000,126.39509640
2020-04-20,5.78500000,2.27400000,0.90800000,0.81200000,1.08753850,0.66500000,0.81200000,0.83200000,1.00900000,0.93200000,0.95200000,126.38598750
2020-04-21,5.71800000,2.26000000,0.89200000,0.81200000,1.08312210,0.65200000,0.80200000,0.83200000,1.00500000,0.91300000,0.93700000,126.45076190
2020-04-22,5.81800000,2.28800000,0.89400000,0.81100000,1.08201800,0.65400000,0.80600000,0.83800000,1.00400000,0.91800000,0.94100000,126.91025530
2020-04-23,5.82400000,2.28700000,0.88600000,0.82100000,1.07870570,0.65500000,0.80500000,0.82400000,0.99600000,0.91300000,0.93000000,127.31003480
2020-04-24,5.78800000,2.25200000,0.87000000,0.80500000,1.07649750,0.65300000,0.79900000,0.81300000,0.98800000,0.91700000,0.91200000,127.38695440
2020-04-27,5.83000000,2.27100000,0.86900000,0.79200000,1.09637130,0.64300000,0.80400000,0.81300000,0.98600000,0.91200000,0.91100000,127.41934160
2020-04-28,5.87400000,2.27300000,0.87900000,0.78100000,1.09857950,0.63200000,0.80400000,0.81000000,0.97700000,0.89600000,0.92700000,127.55395090
2020-04-29,5.81500000,2.23200000,0.88100000,0.79000000,1.12176560,0.63400000,0.81900000,0.81700000,0.97700000,0.90000000,0.92800000,127.92741580
2020-04-30,5.84100000,2.22100000,0.90200000,0.81500000,1.12949430,0.65100000,0.82800000,0.83900000,1.00000000,0.92000000,0.97700000,127.96486350
2020-05-06,5.89400000,2.27200000,0.90400000,0.83100000,1.12286970,0.66800000,0.82200000,0.85500000,1.00400000,0.92000000,1.00800000,127.70272960
2020-05-07,5.93300000,2.28400000,0.89800000,0.82800000,1.11182870,0.66400000,0.81500000,0.85100000,1.00200000,0.91300000,1.00000000,126.96490870
2020-05-08,6.01000000,2.30200000,0.91500000,0.83700000,1.12286970,0.67300000,0.82700000,0.86100000,1.01000000,0.92200000,1.01300000,126.80094850
2020-05-11,5.96100000,2.28100000,0.90700000,0.84200000,1.12066150,0.66300000,0.82600000,0.86000000,1.00900000,0.92300000,1.01000000,126.52565730
2020-05-12,6.01700000,2.30900000,0.90500000,0.83900000,1.11293280,0.65700000,0.81800000,0.86000000,1.00800000,0.91800000,1.01900000,126.70277480
2020-05-13,6.05500000,2.33000000,0.90500000,0.83800000,1.11072460,0.66000000,0.81800000,0.86200000,1.01500000,0.91900000,1.02200000,126.63395200
2020-05-14,6.04600000,2.30300000,0.89400000,0.83900000,1.10299590,0.65700000,0.80900000,0.86200000,1.00600000,0.90900000,1.02000000,126.84042040
2020-05-15,5.95400000,2.28500000,0.89500000,0.83900000,1.09968360,0.66600000,0.81200000,0.85800000,1.00000000,0.91100000,1.03400000,127.05498560
2020-05-18,6.05900000,2.30700000,0.89000000,0.85200000,1.10189180,0.68700000,0.81600000,0.84700000,1.00300000,0.91600000,0.99300000,126.61573420
2020-05-19,6.08600000,2.33200000,0.89600000,0.85900000,1.10851640,0.68100000,0.81700000,0.85400000,1.00900000,0.92700000,1.02400000,126.42141100
2020-05-20,6.05000000,2.31500000,0.89000000,0.83600000,1.11403690,0.67800000,0.81000000,0.85100000,1.00000000,0.92000000,1.01200000,126.01454680
2020-05-21,6.05900000,2.32000000,0.88300000,0.82200000,1.11293280,0.66800000,0.80400000,0.83700000,1.00300000,0.91800000,0.98900000,126.04086140
2020-05-22,5.93200000,2.26600000,0.86000000,0.81000000,1.09305900,0.65700000,0.79200000,0.82100000,0.99200000,0.90200000,0.96900000,126.59346800
2020-05-25,5.99400000,2.29900000,0.85700000,0.80000000,1.09085080,0.65000000,0.79800000,0.81600000,0.98800000,0.91200000,0.95000000,126.26757180
2020-05-26,6.07900000,2.33000000,0.86700000,0.81200000,1.09526720,0.66100000,0.80700000,0.83300000,1.00000000,0.91800000,0.98000000,125.58035590
2020-05-27,6.03500000,2.30400000,0.85700000,0.80500000,1.10189180,0.65900000,0.80900000,0.82200000,1.00700000,0.93000000,0.96200000,125.28482270
2020-05-28,5.99500000,2.28400000,0.86800000,0.80500000,1.11293280,0.67000000,0.81400000,0.82200000,1.00000000,0.92600000,0.95900000,125.52873880
2020-05-29,6.09200000,2.32200000,0.86300000,0.81000000,1.10851640,0.67300000,0.80900000,0.84300000,1.00900000,0.91900000,0.96000000,125.39109320
2020-06-01,6.22500000,2.36600000,0.90000000,0.82800000,1.12066150,0.68600000,0.83000000,0.87000000,1.02200000,0.93200000,1.01500000,125.21802410
2020-06-02,6.17500000,2.34500000,0.89800000,0.83000000,1.12949430,0.68500000,0.84400000,0.86700000,1.02200000,0.93600000,1.02900000,124.62796980
2020-06-03,6.19800000,2.36400000,0.88900000,0.82400000,1.13170250,0.67900000,0.84000000,0.86600000,1.02500000,0.93300000,1.03500000,124.31219460
2020-06-04,6.22700000,2.37900000,0.88500000,0.81700000,1.12949430,0.68200000,0.83900000,0.86300000,1.01900000,0.93000000,1.03200000,124.18568210
2020-06-05,6.26800000,2.39000000,0.89300000,0.81600000,1.12949430,0.68100000,0.83700000,0.87700000,1.01700000,0.93100000,1.04100000,124.05107280
2020-06-08,6.27500000,2.38300000,0.88900000,0.81400000,1.13059840,0.68700000,0.84400000,0.87200000,1.02300000,0.93700000,1.04500000,124.37595690
2020-06-09,6.41300000,2.43800000,0.89900000,0.81200000,1.13170250,0.68700000,0.84400000,0.88800000,1.02100000,0.94100000,1.04500000,124.44680390
2020-06-10,6.40000000,2.46900000,0.89200000,0.81300000,1.12618200,0.68200000,0.83800000,0.88400000,1.03000000,0.93500000,1.05400000,124.13507710
2020-06-11,6.34800000,2.44600000,0.88700000,0.81500000,1.11293280,0.68800000,0.83500000,0.88900000,1.02600000,0.93000000,1.04400000,124.31219460
2020-06-12,6.40700000,2.46300000,0.88500000,0.81400000,1.10851640,0.68100000,0.83000000,0.90200000,1.02900000,0.92300000,1.04000000,124.49943310
2020-06-15,6.39000000,2.48000000,0.88300000,0.80200000,1.10078770,0.67200000,0.82700000,0.90700000,1.02200000,0.91700000,1.01600000,124.63910290
2020-06-16,6.50500000,2.51500000,0.89200000,0.81000000,1.10741230,0.69400000,0.84000000,0.91500000,1.05900000,0.93000000,1.04400000,123.95391120
2020-06-17,6.57900000,2.58400000,0.88900000,0.82300000,1.10630820,0.69500000,0.83800000,0.91800000,1.07900000,0.93700000,1.04500000,123.48632100
2020-06-18,6.64900000,2.54100000,0.89900000,0.81000000,1.10299590,0.69900000,0.84300000,0.91500000,1.10700000,0.97400000,1.07400000,123.44684910
2020-06-19,6.70700000,2.58000000,0.92700000,0.81600000,1.10962050,0.70200000,0.84200000,0.91600000,1.08700000,0.96600000,1.08500000,123.27378000
2020-06-22,6.70400000,2.58800000,0.95400000,0.82500000,1.10520410,0.70700000,0.84300000,0.91400000,1.07000000,0.95700000,1.10400000,123.41749820
2020-06-23,6.80500000,2.62800000,0.96200000,0.82700000,1.10299590,0.70900000,0.84100000,0.94000000,1.07000000,0.95700000,1.10800000,122.86995210
2020-06-24,6.83400000,2.62600000,0.96300000,0.82200000,1.11293280,0.70900000,0.85700000,0.94400000,1.06600000,0.95500000,1.11700000,123.37296580
2020-06-29,6.88000000,2.64000000,0.93200000,0.82200000,1.11072460,0.70200000,0.84100000,0.92900000,1.05000000,0.94100000,1.09700000,123.62295450
2020-06-30,6.99600000,2.69100000,0.96300000,0.83500000,1.11514100,0.70800000,0.85900000,0.94800000,1.05100000,0.95000000,1.13200000,123.47215160
2020-07-01,7.08900000,2.66300000,0.98200000,0.83500000,1.13501480,0.72200000,0.91000000,0.94700000,1.05800000,0.96600000,1.14000000,123.63611180
2020-07-02,7.09600000,2.64500000,1.06000000,0.84800000,1.16372140,0.73000000,0.93700000,0.95000000,1.07300000,0.99900000,1.15900000,123.77375740
2020-07-03,7.15700000,2.65500000,1.16000000,0.85700000,1.19574030,0.75000000,0.95200000,0.95600000,1.08700000,1.05600000,1.15800000,123.62295450
2020-07-06,7.41700000,2.66000000,1.27600000,0.91000000,1.31498310,0.81800000,1.04700000,0.98700000,1.14600000,1.14900000,1.23700000,122.88513360
2020-07-07,7.56900000,2.72000000,1.21800000,0.92100000,1.29179700,0.80100000,1.01500000,1.01500000,1.12800000,1.10100000,1.25000000,122.56328580
2020-07-08,7.56800000,2.73400000,1.30000000,1.01100000,1.30504620,0.84200000,1.02800000,1.01600000,1.18100000,1.12200000,1.28000000,122.33758750
2020-07-09,7.69900000,2.82000000,1.29700000,1.04100000,1.29400520,0.86800000,1.02900000,1.05700000,1.19900000,1.16300000,1.32300000,122.34973270
2020-07-10,7.73300000,2.83000000,1.26800000,1.01500000,1.24763300,0.84000000,1.01600000,1.05600000,1.15000000,1.11400000,1.31000000,122.72016130
2020-07-13,7.95000000,2.94000000,1.29300000,1.03600000,1.24763300,0.89800000,1.03000000,1.07800000,1.18800000,1.13600000,1.36300000,122.40337400
2020-07-14,7.88700000,2.91300000,1.29200000,1.03900000,1.23438380,0.86300000,1.01700000,1.07000000,1.18100000,1.15000000,1.33500000,122.86894000
2020-07-15,8.02900000,2.99500000,1.25600000,1.00100000,1.21009360,0.83200000,0.98800000,1.02700000,1.14100000,1.10900000,1.26500000,123.08856570
2020-07-16,7.47500000,2.78600000,1.18400000,0.96400000,1.21340590,0.80100000,0.95600000,0.99400000,1.11000000,1.07000000,1.19200000,123.49239360
2020-07-17,7.79100000,2.82300000,1.15400000,1.00000000,1.20788540,0.79800000,0.95100000,1.00100000,1.10800000,1.06500000,1.21100000,123.27479210
2020-07-20,7.77900000,2.81400000,1.21600000,1.10000000,1.23880020,0.84500000,0.98700000,1.02200000,1.16600000,1.12500000,1.24400000,123.01367030
2020-07-21,7.94900000,2.92400000,1.19400000,1.04900000,1.22775920,0.84000000,0.98700000,1.02600000,1.15200000,1.11000000,1.24600000,123.24240490
2020-07-22,8.12000000,2.96300000,1.20800000,1.06700000,1.22444690,0.85200000,0.99000000,1.03400000,1.15000000,1.10900000,1.26200000,123.68064420
2020-07-23,8.29200000,3.05400000,1.21400000,1.11500000,1.21119770,0.85700000,0.97400000,1.01600000,1.14200000,1.10100000,1.24900000,123.97415320
2020-07-24,7.88000000,2.89900000,1.13400000,1.07000000,1.18359520,0.82200000,0.94400000,0.96300000,1.10500000,1.07300000,1.17200000,123.84156810
2020-07-27,7.88900000,2.92100000,1.13300000,1.06100000,1.18028290,0.85800000,0.92700000,0.96000000,1.10400000,1.07500000,1.18200000,123.97212900
2020-07-28,7.99500000,2.92400000,1.13100000,1.07800000,1.17365830,0.85100000,0.93300000,0.97700000,1.11400000,1.08400000,1.20200000,123.72720080
2020-07-29,8.17200000,3.01000000,1.17900000,1.10400000,1.18911570,0.86300000,0.95000000,1.00700000,1.14500000,1.09900000,1.25300000,123.58955520
2020-07-30,8.25600000,3.04800000,1.16800000,1.08900000,1.18028290,0.85100000,0.94500000,0.98900000,1.12500000,1.09600000,1.23800000,123.46101850
2020-07-31,8.36700000,3.08800000,1.18600000,1.07900000,1.18249110,0.85900000,0.94600000,1.00000000,1.12700000,1.09500000,1.26900000,123.22924760
2020-08-03,8.52100000,3.14300000,1.21200000,1.17000000,1.19021980,0.87500000,0.96700000,1.01800000,1.15300000,1.11400000,1.30600000,123.12803760
2020-08-04,8.43500000,3.13900000,1.20500000,1.12800000,1.22003050,0.87300000,0.98200000,1.00000000,1.15100000,1.10800000,1.28400000,123.14321910
2020-08-05,8.51600000,3.22100000,1.19900000,1.16500000,1.20788540,0.89900000,0.96500000,1.00700000,1.15800000,1.09800000,1.29500000,123.19888460
2020-08-06,8.45400000,3.20000000,1.23900000,1.20700000,1.21671820,0.92400000,0.97000000,0.98800000,1.17000000,1.10200000,1.29600000,123.09261410
2020-08-07,8.39100000,3.14900000,1.19900000,1.24900000,1.20788540,0.91200000,0.95900000,0.97200000,1.15400000,1.08200000,1.26500000,123.08755360
2020-08-10,8.39900000,3.15000000,1.21300000,1.22000000,1.21782230,0.89000000,0.98000000,0.98600000,1.16300000,1.08900000,1.25800000,123.08249310
2020-08-11,8.36000000,3.11500000,1.17400000,1.20700000,1.22223870,0.86000000,0.97100000,0.96600000,1.14000000,1.07600000,1.24000000,123.05921480
2020-08-12,8.19600000,3.02500000,1.16600000,1.15300000,1.22775920,0.83700000,0.98000000,0.96400000,1.13800000,1.08300000,1.24500000,122.63210860
2020-08-13,8.18000000,2.99700000,1.17200000,1.15900000,1.22444690,0.83300000,0.97800000,0.96400000,1.15800000,1.09700000,1.23800000,122.74546380
2020-08-14,8.30000000,3.01000000,1.18800000,1.20000000,1.23548790,0.83700000,0.99600000,0.97800000,1.16100000,1.10100000,1.25800000,122.76874210
2020-08-17,8.38200000,3.04800000,1.24900000,1.23400000,1.27302730,0.86600000,1.01200000,0.99600000,1.17700000,1.13000000,1.28300000,122.89829090
2020-08-18,8.50600000,3.09400000,1.24100000,1.23500000,1.26640270,0.87800000,1.01000000,0.99800000,1.18800000,1.14500000,1.27500000,122.97723470
2020-08-19,8.37800000,3.04400000,1.21900000,1.20700000,1.25756990,0.87300000,0.99500000,0.97100000,1.18300000,1.14800000,1.23500000,122.85881900
2020-08-20,8.27700000,3.02200000,1.19600000,1.16200000,1.23659200,0.85200000,0.98500000,0.97500000,1.18200000,1.12900000,1.23100000,122.58757620
2020-08-21,8.36300000,3.04200000,1.21500000,1.16100000,1.23659200,0.85000000,0.98900000,1.00500000,1.18400000,1.12800000,1.23900000,122.60984240
2020-08-24,8.41600000,3.06000000,1.20800000,1.17000000,1.23217560,0.85900000,0.98700000,1.02600000,1.18200000,1.12600000,1.27000000,122.58555200
2020-08-25,8.46500000,3.06400000,1.20200000,1.12900000,1.23217560,0.84500000,0.98400000,1.02700000,1.17000000,1.11400000,1.26000000,122.32847860
2020-08-26,8.43100000,3.06100000,1.17100000,1.09400000,1.22223870,0.82400000,0.97400000,1.02100000,1.15600000,1.10300000,1.22200000,122.20601450
2020-08-27,8.56000000,3.08000000,1.17700000,1.11400000,1.22113460,0.83300000,0.96900000,1.02500000,1.16500000,1.11200000,1.23100000,121.94286850
2020-08-28,8.81000000,3.18000000,1.21000000,1.13800000,1.24763300,0.84500000,0.98100000,1.04200000,1.18600000,1.12500000,1.25200000,121.85987630
2020-08-31,8.85500000,3.18100000,1.20700000,1.14700000,1.23769610,0.85700000,0.97400000,1.02800000,1.17600000,1.12400000,1.24900000,121.94590480
2020-09-01,8.91500000,3.18100000,1.21100000,1.17300000,1.23659200,0.87100000,0.97100000,1.03200000,1.18300000,1.13100000,1.25600000,122.31532130
2020-09-02,9.01200000,3.20700000,1.20900000,1.15700000,1.23327970,0.85200000,0.96900000,1.04300000,1.18000000,1.12400000,1.26200000,122.17565150
2020-09-03,8.92000000,3.20500000,1.20100000,1.14300000,1.22665510,0.84000000,0.96300000,1.03100000,1.18100000,1.13700000,1.24900000,122.15237320
2020-09-04,8.71200000,3.12400000,1.19000000,1.13600000,1.22444690,0.83700000,0.96400000,1.02800000,1.17400000,1.12500000,1.24800000,121.95400160
2020-09-07,8.45800000,3.02400000,1.15100000,1.10400000,1.21671820,0.83000000,0.96000000,1.00600000,1.16500000,1.11800000,1.20700000,121.66656520
2020-09-08,8.46000000,3.01700000,1.17300000,1.10000000,1.23769610,0.83400000,0.96300000,1.01700000,1.18900000,1.15900000,1.20400000,121.88517880
2020-09-09,8.19700000,2.90500000,1.14900000,1.09200000,1.22996740,0.80900000,0.95000000,0.97800000,1.21700000,1.15100000,1.15900000,121.99954610
2020-09-10,8.24800000,2.91200000,1.12500000,1.05200000,1.22334280,0.80600000,0.95200000,0.95200000,1.17400000,1.13100000,1.14100000,122.23840170
2020-09-11,8.40000000,2.97800000,1.12700000,1.05400000,1.21782230,0.80800000,0.94900000,0.97100000,1.17600000,1.12300000,1.17400000,122.16654260
2020-09-14,8.43000000,2.94900000,1.12800000,1.05000000,1.22003050,0.82300000,0.94800000,0.98300000,1.18000000,1.11800000,1.18700000,121.95298950
2020-09-15,8.52800000,2.98600000,1.13000000,1.06200000,1.22665510,0.83200000,0.95600000,0.98700000,1.17400000,1.12100000,1.19200000,122.08557460
2020-09-16,8.43500000,2.95200000,1.12600000,1.04500000,1.22334280,0.82400000,0.96400000,0.98100000,1.16500000,1.12300000,1.17400000,122.13516750
2020-09-17,8.30000000,2.89000000,1.11600000,1.05400000,1.22555100,0.81500000,0.95800000,0.97800000,1.17400000,1.12000000,1.18200000,122.17059100
2020-09-18,8.43900000,2.93700000,1.17700000,1.08500000,1.24984120,0.83800000,0.98400000,0.99600000,1.18400000,1.16500000,1.20000000,122.17463940
2020-09-21,8.35600000,2.92000000,1.17500000,1.11100000,1.24542480,0.83300000,0.97800000,0.98000000,1.18000000,1.16600000,1.19000000,122.52280180
2020-09-22,8.31900000,2.91200000,1.17400000,1.09000000,1.23548790,0.81000000,0.96500000,0.96800000,1.16200000,1.13600000,1.17600000,122.68372570
2020-09-23,8.39900000,2.98400000,1.16200000,1.08900000,1.22775920,0.80700000,0.96100000,0.97900000,1.16500000,1.12800000,1.18200000,122.64830220
2020-09-24,8.26200000,2.94000000,1.14800000,1.05600000,1.21340590,0.77500000,0.94200000,0.95900000,1.14300000,1.09900000,1.15700000,122.54608010
2020-09-25,8.27700000,2.94100000,1.16700000,1.05900000,1.20678130,0.77600000,0.92400000,0.96100000,1.14900000,1.10900000,1.15200000,122.41855550
2020-09-28,8.27900000,2.90200000,1.16500000,1.04500000,1.21230180,0.77400000,0.92800000,0.95600000,1.13900000,1.13300000,1.15000000,122.31633340
2020-09-29,8.34700000,2.93000000,1.16900000,1.08900000,1.20346900,0.77700000,0.92500000,0.96500000,1.14600000,1.12200000,1.16500000,122.20702660
2020-09-30,8.38200000,2.95500000,1.15300000,1.09000000,1.19684440,0.77100000,0.91900000,0.96200000,1.14200000,1.10000000,1.16300000,122.16047000
2020-10-09,8.53700000,3.02500000,1.17000000,1.10900000,1.20015670,0.79400000,0.92800000,0.97900000,1.16500000,1.12900000,1.20700000,121.98132830
2020-10-12,8.78600000,3.09500000,1.21700000,1.15400000,1.23217560,0.81600000,0.95100000,0.99200000,1.18600000,1.15400000,1.24300000,122.05926000
2020-10-13,8.84600000,3.14000000,1.20100000,1.15500000,1.23438380,0.81300000,0.94300000,0.99100000,1.17600000,1.16100000,1.23800000,121.89327560
2020-10-14,8.81700000,3.12800000,1.18700000,1.14800000,1.22996740,0.80500000,0.93000000,0.98900000,1.17300000,1.14800000,1.21300000,121.88619090
2020-10-15,8.73900000,3.11000000,1.18500000,1.13700000,1.24873710,0.80500000,0.92800000,0.97500000,1.17200000,1.17000000,1.20900000,121.74652110
2020-10-16,8.70400000,3.12700000,1.18900000,1.12300000,1.26971500,0.80200000,0.92900000,0.97600000,1.18600000,1.19500000,1.19700000,121.93882010
2020-10-19,8.53600000,3.04700000,1.17600000,1.11500000,1.27965190,0.80700000,0.92600000,0.96500000,1.17900000,1.16400000,1.19300000,122.18982090
2020-10-20,8.69100000,3.07500000,1.17700000,1.11800000,1.27302730,0.80800000,0.92300000,0.97600000,1.17500000,1.16200000,1.21100000,122.23232910
2020-10-21,8.66200000,3.06300000,1.17200000,1.08900000,1.29179700,0.80900000,0.92000000,0.96900000,1.17400000,1.14900000,1.18700000,122.34062380
2020-10-22,8.62200000,3.03300000,1.17800000,1.07500000,1.28848470,0.80600000,0.91800000,0.95600000,1.17400000,1.14500000,1.18400000,122.46511210
2020-10-23,8.50100000,2.94700000,1.15900000,1.05800000,1.30283800,0.79600000,0.91700000,0.93500000,1.16800000,1.13200000,1.17000000,122.28495830
2020-10-26,8.43800000,2.97000000,1.12100000,1.06500000,1.27523550,0.79400000,0.90400000,0.93700000,1.17000000,1.12300000,1.18200000,122.17059100
2020-10-27,8.46700000,3.00300000,1.12000000,1.07300000,1.26750680,0.80300000,0.89600000,0.93200000,1.17600000,1.12100000,1.18900000,122.40539820
2020-10-28,8.63500000,3.00300000,1.12700000,1.06900000,1.25756990,0.81300000,0.89100000,0.94400000,1.17700000,1.12200000,1.20300000,122.33758750
2020-10-29,8.79900000,3.05500000,1.13700000,1.05600000,1.26198630,0.80800000,0.88900000,0.94100000,1.17300000,1.11100000,1.19800000,122.28192200
2020-10-30,8.61500000,3.00000000,1.10000000,1.03700000,1.24542480,0.78700000,0.87500000,0.91700000,1.15500000,1.10100000,1.18000000,122.42462810
2020-11-02,8.60400000,2.99900000,1.09200000,1.03100000,1.24542480,0.79900000,0.87300000,0.91300000,1.16300000,1.11600000,1.20200000,122.64324170
2020-11-03,8.68700000,3.02700000,1.12200000,1.06600000,1.25867400,0.83900000,0.88600000,0.92800000,1.17600000,1.13600000,1.21400000,122.60174560
2020-11-04,8.78000000,3.03000000,1.11600000,1.07400000,1.27744370,0.83700000,0.88400000,0.92200000,1.18700000,1.15200000,1.21800000,122.68068940
2020-11-05,8.92100000,3.05000000,1.13200000,1.07600000,1.27744370,0.85100000,0.90300000,0.93700000,1.22100000,1.15500000,1.23900000,122.54810430
2020-11-06,8.84100000,3.00400000,1.13700000,1.05700000,1.26750680,0.86400000,0.90600000,0.93200000,1.22100000,1.16200000,1.25500000,122.37908360
2020-11-09,8.92200000,3.03900000,1.18000000,1.07800000,1.27965190,0.89700000,0.91400000,0.94500000,1.25300000,1.18900000,1.29800000,122.19488140
2020-11-10,8.88900000,3.05000000,1.16100000,1.05800000,1.29179700,0.87500000,0.90900000,0.93500000,1.24700000,1.17700000,1.27700000,122.22929280
2020-11-11,8.78500000,2.98700000,1.13600000,1.03700000,1.29510930,0.86600000,0.91700000,0.91400000,1.26000000,1.20200000,1.23300000,122.21309920
2020-11-12,8.85800000,3.01900000,1.13000000,1.03300000,1.28406830,0.86900000,0.91100000,0.91500000,1.26400000,1.19200000,1.24300000,122.16148210
2020-11-13,8.73400000,3.01000000,1.11800000,1.05600000,1.26419450,0.88100000,0.89400000,0.91000000,1.25800000,1.18100000,1.24200000,121.89934820
2020-11-16,8.78600000,3.03000000,1.12500000,1.06000000,1.26640270,0.92300000,0.90600000,0.91600000,1.29900000,1.23000000,1.22800000,122.10581660
2020-11-17,8.67900000,2.96700000,1.13000000,1.03800000,1.28075600,0.90800000,0.92100000,0.90700000,1.28400000,1.21400000,1.22500000,122.03800590
2020-11-18,8.57200000,2.91500000,1.13200000,1.04400000,1.30946260,0.91300000,0.92800000,0.90500000,1.29500000,1.21900000,1.22300000,121.86898520
2020-11-19,8.69600000,2.93600000,1.13400000,1.08900000,1.31939950,0.90000000,0.93000000,0.90900000,1.27800000,1.20600000,1.22900000,121.80319870
2020-11-20,8.78400000,2.96000000,1.13600000,1.10300000,1.31167080,0.93400000,0.92500000,0.91300000,1.30400000,1.23600000,1.22700000,121.80319870
2020-11-23,8.82500000,2.94800000,1.15700000,1.10200000,1.33596100,0.96400000,0.93000000,0.90400000,1.31900000,1.30800000,1.22200000,122.11694970
2020-11-24,8.76100000,2.93100000,1.14800000,1.10800000,1.33485690,0.97600000,0.92300000,0.90100000,1.33700000,1.31200000,1.22300000,121.98234040
2020-11-25,8.60200000,2.88500000,1.13000000,1.07800000,1.32381590,0.94900000,0.91500000,0.88500000,1.29000000,1.29100000,1.21000000,122.04407850
2020-11-26,8.58200000,2.88300000,1.13300000,1.10000000,1.33927330,0.94900000,0.91200000,0.88700000,1.27600000,1.28900000,1.20400000,122.00966710
2020-11-27,8.66100000,2.89500000,1.16000000,1.12100000,1.37129220,0.94500000,0.92900000,0.89100000,1.28200000,1.29700000,1.21300000,121.96209840
2020-11-30,8.59600000,2.88100000,1.16600000,1.12800000,1.36797990,0.95800000,0.92600000,0.90600000,1.26000000,1.29700000,1.22000000,122.24751060
2020-12-01,8.74300000,2.94200000,1.20900000,1.15000000,1.39447830,0.96600000,0.92900000,0.93100000,1.27100000,1.31200000,1.24100000,122.05824790
2020-12-02,8.71500000,2.94700000,1.20700000,1.15000000,1.38785370,0.96000000,0.93500000,0.93100000,1.28100000,1.33300000,1.25600000,122.09265930
2020-12-03,8.80800000,3.00300000,1.20900000,1.13100000,1.38564550,0.93000000,0.93100000,0.93200000,1.25500000,1.28300000,1.24400000,122.00055820
2020-12-04,8.92800000,3.03400000,1.19100000,1.14200000,1.37018810,0.95300000,0.91800000,0.93000000,1.26000000,1.27200000,1.24700000,122.19589350
2020-12-07,8.93200000,3.01300000,1.17000000,1.14700000,1.34258560,0.94400000,0.90800000,0.91600000,1.24600000,1.25800000,1.24300000,122.12808280
2020-12-08,8.96700000,3.01100000,1.17100000,1.14200000,1.33154460,0.94700000,0.90400000,0.91800000,1.23600000,1.25800000,1.24100000,122.17868780
2020-12-09,8.86300000,2.99000000,1.13500000,1.11400000,1.33044050,0.93500000,0.89000000,0.89800000,1.22400000,1.28600000,1.22000000,122.22524440
2020-12-10,8.90800000,3.01300000,1.12800000,1.11700000,1.31939950,0.92200000,0.88900000,0.90000000,1.26000000,1.28300000,1.21900000,122.22423230
2020-12-11,8.87300000,2.99800000,1.11300000,1.09000000,1.31829540,0.91200000,0.87800000,0.87200000,1.23500000,1.28700000,1.19700000,122.08253830
2020-12-14,9.06600000,3.03500000,1.11400000,1.10900000,1.32271180,0.91900000,0.88600000,0.87600000,1.20700000,1.21100000,1.20800000,121.97323150
2020-12-15,9.17200000,3.09100000,1.11600000,1.11300000,1.31056670,0.91700000,0.88100000,0.87900000,1.20900000,1.20700000,1.20900000,122.17868780
2020-12-16,9.25900000,3.11200000,1.10600000,1.10400000,1.30946260,0.91500000,0.87600000,0.86400000,1.20200000,1.19600000,1.19600000,122.24548640
2020-12-17,9.41000000,3.18100000,1.13400000,1.09500000,1.32381590,0.95800000,0.88200000,0.86200000,1.23400000,1.23600000,1.20300000,122.19690560
2020-12-18,9.37900000,3.14900000,1.12200000,1.09500000,1.30062980,0.97600000,0.87500000,0.86400000,1.25700000,1.31000000,1.19100000,122.12605860
2020-12-21,9.46300000,3.17800000,1.13000000,1.14400000,1.29952570,1.00400000,0.87400000,0.87700000,1.27400000,1.32400000,1.21900000,122.27078890
2020-12-22,9.42100000,3.16300000,1.08600000,1.12400000,1.27854780,0.95300000,0.86100000,0.86200000,1.23100000,1.25100000,1.18800000,122.49243880
2020-12-23,9.51000000,3.14800000,1.09300000,1.18400000,1.28075600,0.97000000,0.85900000,0.85800000,1.23300000,1.28300000,1.21500000,122.56328580
2020-12-24,9.49200000,3.14400000,1.08300000,1.19200000,1.28848470,0.97600000,0.84800000,0.83800000,1.22500000,1.29900000,1.21400000,122.58656410
2020-12-25,9.70000000,3.21800000,1.09700000,1.21100000,1.28848470,1.02700000,0.84700000,0.82900000,1.25700000,1.33400000,1.21300000,122.71813710
2020-12-28,9.69700000,3.17700000,1.09100000,1.21000000,1.29842160,1.03200000,0.84100000,0.81700000,1.23400000,1.35100000,1.19500000,122.59668510
2020-12-29,9.56100000,3.14600000,1.09600000,1.19600000,1.30504620,0.97600000,0.84800000,0.84200000,1.21900000,1.29400000,1.20400000,122.66652000
2020-12-30,9.77100000,3.18700000,1.11700000,1.23100000,1.30504620,1.00600000,0.84500000,0.85000000,1.22600000,1.32300000,1.21900000,122.73331860
2020-12-31,10.01200000,3.25000000,1.16700000,1.28800000,1.31719130,1.01900000,0.85900000,0.86200000,1.23300000,1.31300000,1.24400000,122.77987520
2021-01-04,10.18500000,3.24600000,1.17700000,1.38300000,1.29731750,1.08300000,0.84000000,0.87400000,1.25400000,1.34400000,1.25400000,122.58960040
2021-01-05,10.44200000,3.31400000,1.17600000,1.38400000,1.27744370,1.09100000,0.83800000,0.86800000,1.24200000,1.30700000,1.30300000,122.70902820
2021-01-06,10.51000000,3.35800000,1.17400000,1.39900000,1.30725440,1.09400000,0.83900000,0.86200000,1.24100000,1.29400000,1.28900000,122.96306530
2021-01-07,10.65900000,3.35000000,1.18600000,1.43800000,1.31939950,1.13700000,0.82600000,0.84100000,1.26700000,1.31700000,1.29700000,123.03492440
2021-01-08,10.55500000,3.35500000,1.17900000,1.39800000,1.32271180,1.13400000,0.83200000,0.87400000,1.27200000,1.30900000,1.31100000,122.97925890
2021-01-11,10.48800000,3.31800000,1.15100000,1.35200000,1.34258560,1.09000000,0.83000000,0.88000000,1.23200000,1.24900000,1.32400000,122.86084320
2021-01-12,10.73200000,3.37400000,1.22900000,1.40600000,1.35804300,1.11400000,0.83300000,0.87500000,1.24700000,1.26500000,1.35700000,122.98836780
2021-01-13,10.57600000,3.32700000,1.19900000,1.38400000,1.35583480,1.08100000,0.83200000,0.87100000,1.24700000,1.26400000,1.37500000,123.23025970
2021-01-14,10.32400000,3.27100000,1.17000000,1.30600000,1.35473070,1.05500000,0.84200000,0.87000000,1.27100000,1.23200000,1.36700000,123.48429680
2021-01-15,10.30300000,3.26600000,1.16700000,1.29700000,1.39227010,1.06500000,0.84300000,0.86700000,1.25600000,1.26100000,1.34300000,123.33450600
2021-01-18,10.27100000,3.28400000,1.17800000,1.32500000,1.42428900,1.08300000,0.85800000,0.87800000,1.25900000,1.28300000,1.39100000,123.16447320
2021-01-19,9.99900000,3.24800000,1.17600000,1.29700000,1.42539310,1.04500000,0.87400000,0.87500000,1.25000000,1.28100000,1.35600000,122.93776280
2021-01-20,10.18100000,3.34100000,1.17800000,1.32100000,1.40883160,1.07500000,0.86300000,0.87500000,1.29000000,1.27900000,1.36400000,123.13512230
2021-01-21,10.40100000,3.42000000,1.19500000,1.33600000,1.41656030,1.11600000,0.85700000,0.89500000,1.29200000,1.31500000,1.38300000,123.28390100
2021-01-22,10.65400000,3.57600000,1.17200000,1.33700000,1.39227010,1.12600000,0.83400000,0.88400000,1.27400000,1.28500000,1.37300000,123.33956650
2021-01-25,10.83700000,3.57100000,1.16400000,1.34000000,1.39337420,1.14000000,0.82800000,0.87300000,1.26500000,1.27300000,1.35800000,123.34260280
2021-01-26,10.53600000,3.47100000,1.12200000,1.24300000,1.38674960,1.11900000,0.82400000,0.86200000,1.27000000,1.29300000,1.33000000,122.92156920
2021-01-27,10.51000000,3.44700000,1.12300000,1.24500000,1.40772750,1.11000000,0.82100000,0.89700000,1.27200000,1.29000000,1.33600000,122.94990800
2021-01-28,10.26100000,3.37500000,1.11500000,1.23300000,1.39116600,1.07100000,0.80700000,0.88700000,1.24800000,1.25100000,1.27600000,122.85477060
2021-01-29,10.30400000,3.35400000,1.10600000,1.18900000,1.39779060,1.05900000,0.79300000,0.87400000,1.22900000,1.21500000,1.26800000,122.87906100
2021-02-01,10.35600000,3.40000000,1.10000000,1.18300000,1.42980950,1.07100000,0.79800000,0.88200000,1.23200000,1.24800000,1.28200000,122.99950090
2021-02-02,10.62600000,3.45200000,1.10200000,1.20400000,1.41214390,1.10200000,0.80100000,0.87700000,1.24200000,1.22800000,1.29500000,123.06225110
2021-02-03,10.62500000,3.46000000,1.08700000,1.16200000,1.43753820,1.10900000,0.79100000,0.87100000,1.26100000,1.22100000,1.24900000,123.13815860
2021-02-04,10.55700000,3.40300000,1.06200000,1.14700000,1.44195460,1.06300000,0.78100000,0.84200000,1.24600000,1.22200000,1.24100000,123.10981980
2021-02-05,10.67800000,3.46800000,1.05300000,1.12300000,1.48722270,1.01200000,0.79400000,0.83000000,1.23800000,1.17700000,1.20800000,122.91650870
2021-02-08,10.84600000,3.52300000,1.05600000,1.12800000,1.48943090,1.05400000,0.79300000,0.83700000,1.23200000,1.20700000,1.21800000,122.77481470
2021-02-09,11.12400000,3.60500000,1.08700000,1.19800000,1.49053500,1.11000000,0.79600000,0.85000000,1.25000000,1.23900000,1.25500000,122.76165740
2021-02-10,11.43100000,3.67600000,1.08600000,1.18700000,1.48501450,1.13400000,0.79600000,0.85200000,1.25900000,1.23000000,1.27800000,122.93573860
2021-02-18,11.07000000,3.55700000,1.09100000,1.17900000,1.51040880,1.22500000,0.81600000,0.86100000,1.32800000,1.32000000,1.27400000,122.81732290
2021-02-19,11.04600000,3.56500000,1.11000000,1.18600000,1.49936780,1.22300000,0.83200000,0.88500000,1.32600000,1.35600000,1.28700000,122.83351650
2021-02-22,10.48300000,3.41600000,1.07900000,1.14100000,1.47507760,1.29000000,0.83700000,0.86500000,1.41300000,1.38500000,1.25600000,122.88816990
2021-02-23,10.37800000,3.40000000,1.07200000,1.17900000,1.48832680,1.26300000,0.83200000,0.85000000,1.39100000,1.33300000,1.25400000,123.01974290
2021-02-24,10.05400000,3.28000000,1.06700000,1.17600000,1.46293250,1.20700000,0.83800000,0.85100000,1.35700000,1.32400000,1.24300000,123.24442910
2021-02-25,9.99200000,3.26400000,1.06800000,1.19900000,1.48501450,1.19400000,0.89000000,0.84800000,1.37300000,1.32500000,1.23500000,123.22924760
2021-02-26,9.78700000,3.22100000,1.05000000,1.15800000,1.43753820,1.14500000,0.86300000,0.83600000,1.33700000,1.27800000,1.21100000,122.97824680
2021-03-01,9.92100000,3.24900000,1.04200000,1.18000000,1.43312180,1.18500000,0.87100000,0.86000000,1.40600000,1.31100000,1.25300000,122.97318630
2021-03-02,9.74300000,3.17500000,1.03100000,1.18700000,1.42539310,1.14500000,0.86400000,0.84500000,1.38900000,1.33000000,1.25800000,123.45899430
2021-03-03,9.85500000,3.20400000,1.04800000,1.18600000,1.48722270,1.18800000,0.87200000,0.85700000,1.49800000,1.40100000,1.26700000,123.37903840
2021-03-04,9.39900000,3.11300000,1.02600000,1.16800000,1.47618170,1.14000000,0.86200000,0.84600000,1.54600000,1.37800000,1.23000000,123.32640920
2021-03-05,9.52100000,3.10500000,1.04600000,1.14500000,1.46514070,1.10100000,0.85200000,0.85700000,1.45100000,1.34800000,1.23900000,123.46709110
2021-03-08,8.92000000,2.94100000,1.02700000,1.06400000,1.43974640,1.06800000,0.84200000,0.84500000,1.44400000,1.34200000,1.20000000,123.46607900
2021-03-09,8.80100000,2.87300000,0.99900000,1.01000000,1.41214390,1.04900000,0.83000000,0.83500000,1.45900000,1.32500000,1.15400000,123.32843340
2021-03-10,9.01100000,2.94900000,0.99500000,1.00500000,1.40993570,1.05500000,0.81900000,0.81800000,1.43000000,1.34200000,1.14600000,123.40434090
2021-03-11,9.22200000,3.00100000,1.00900000,1.02300000,1.44968330,1.12100000,0.83200000,0.82700000,1.50200000,1.37100000,1.16500000,123.31831240
2021-03-12,9.21000000,3.00600000,1.01000000,1.01500000,1.46734890,1.10400000,0.84700000,0.81700000,1.50700000,1.39000000,1.15200000,123.32843340
2021-03-15,8.92500000,2.90800000,0.98900000,1.00600000,1.47949400,1.10900000,0.84400000,0.80200000,1.53000000,1.42000000,1.12100000,123.26467110
2021-03-16,9.00500000,2.93100000,0.99100000,1.00600000,1.49495140,1.08200000,0.86700000,0.80500000,1.50700000,1.38500000,1.11500000,123.09868670
2021-03-17,9.11500000,2.95300000,0.99400000,1.02300000,1.47066120,1.08900000,0.86300000,0.81100000,1.48700000,1.39300000,1.13100000,123.14524330
2021-03-18,9.26700000,2.99900000,0.99700000,1.03800000,1.47507760,1.09000000,0.86400000,0.80700000,1.50000000,1.37600000,1.13000000,123.08957780
2021-03-19,9.09900000,2.96200000,0.98600000,1.04000000,1.43533000,1.06500000,0.84500000,0.79400000,1.48900000,1.35900000,1.11000000,123.06528740
2021-03-22,9.12500000,2.96300000,1.00200000,1.04900000,1.46182840,1.06700000,0.85700000,0.80100000,1.49900000,1.37100000,1.12600000,123.08148100
2021-03-23,9.05900000,2.94800000,1.00900000,1.04200000,1.45520380,1.02500000,0.84800000,0.79900000,1.44300000,1.31600000,1.11800000,123.11083190
2021-03-24,8.95300000,2.93200000,1.01400000,1.02200000,1.43312180,0.98200000,0.83400000,0.80300000,1.37800000,1.28900000,1.09300000,123.26365900
2021-03-25,9.01500000,2.97300000,1.00500000,1.02800000,1.42318490,0.99100000,0.83200000,0.80000000,1.39000000,1.31700000,1.09500000,123.35980850
2021-03-26,9.26500000,3.05800000,1.01100000,1.04400000,1.43864230,1.02400000,0.83400000,0.80600000,1.41700000,1.32000000,1.12700000,123.19281200
2021-03-29,9.31300000,3.05800000,1.00800000,1.06200000,1.44526690,1.02100000,0.83800000,0.79400000,1.43200000,1.38100000,1.12300000,123.18269100
2021-03-30,9.42900000,3.11100000,1.00800000,1.08500000,1.45520380,1.03800000,0.84000000,0.78800000,1.44100000,1.36200000,1.13000000,123.37701420
2021-03-31,9.33800000,3.10100000,0.99200000,1.04200000,1.46072430,1.01000000,0.83800000,0.79100000,1.42900000,1.35700000,1.13100000,123.40940140
2021-04-01,9.54100000,3.15800000,0.99900000,1.05000000,1.45299560,1.02000000,0.83900000,0.79400000,1.47700000,1.36200000,1.15000000,123.37499000
2021-04-02,9.75700000,3.18000000,1.00300000,1.05500000,1.43864230,1.03000000,0.84500000,0.79900000,1.44800000,1.34700000,1.18000000,123.55919220
2021-04-06,9.64800000,3.14300000,1.00100000,1.06600000,1.44085050,1.03300000,0.84400000,0.80800000,1.47000000,1.35900000,1.18100000,123.48024840
2021-04-07,9.51000000,3.14200000,0.99800000,1.05700000,1.43422590,1.04700000,0.85200000,0.80600000,1.54000000,1.38400000,1.18400000,123.46304270
2021-04-08,9.64400000,3.19300000,1.00300000,1.05400000,1.43312180,1.06100000,0.84100000,0.80200000,1.55200000,1.38500000,1.18000000,123.30313090
2021-04-09,9.46400000,3.14600000,0.99200000,1.06200000,1.42649720,1.05700000,0.84100000,0.80200000,1.57300000,1.41300000,1.17000000,123.29908250
2021-04-12,9.28700000,3.07600000,0.97100000,1.02900000,1.42208080,1.01300000,0.84100000,0.78700000,1.59300000,1.40300000,1.14100000,123.52579290
2021-04-13,9.28000000,3.08900000,0.96900000,1.02400000,1.41435210,1.00700000,0.83500000,0.78400000,1.56000000,1.37000000,1.14800000,123.79298730
2021-04-14,9.39200000,3.09000000,0.98000000,1.03900000,1.39889470,1.03000000,0.84200000,0.79700000,1.58700000,1.38100000,1.16300000,123.75250330
2021-04-15,9.31000000,3.07800000,0.97200000,1.03600000,1.38564550,1.04500000,0.83900000,0.79100000,1.57500000,1.39500000,1.16100000,123.75857590
2021-04-16,9.32700000,3.06800000,0.97800000,1.03900000,1.38785370,1.04100000,0.85700000,0.79900000,1.57900000,1.43600000,1.16200000,123.81930190
2021-04-19,9.54700000,3.12000000,1.00400000,1.05300000,1.40993570,1.07800000,0.85400000,0.81000000,1.57000000,1.45600000,1.20300000,123.74035810
2021-04-20,9.54400000,3.14800000,0.99400000,1.04600000,1.40993570,1.06800000,0.84800000,0.81400000,1.58700000,1.44900000,1.19300000,123.80209620
2021-04-21,9.63500000,3.19100000,0.99200000,1.03800000,1.43864230,1.06300000,0.84900000,0.81100000,1.54300000,1.44400000,1.19800000,124.03791550
2021-04-22,9.62000000,3.19200000,0.99500000,1.03800000,1.42539310,1.06700000,0.84900000,0.81600000,1.57700000,1.45700000,1.21100000,123.93872970
2021-04-23,9.74300000,3.25000000,0.99300000,1.03400000,1.42980950,1.07600000,0.83900000,0.81300000,1.60500000,1.44000000,1.21400000,124.23122660
2021-04-26,9.60300000,3.20800000,0.97700000,1.03400000,1.41766440,1.08700000,0.83200000,0.81000000,1.58600000,1.47000000,1.21200000,124.06423010
2021-04-27,9.73500000,3.27500000,0.97100000,1.01900000,1.42097670,1.08800000,0.83300000,0.80700000,1.57600000,1.44500000,1.20300000,123.96504430
2021-04-28,9.79000000,3.32700000,0.97400000,1.02700000,1.42097670,1.09000000,0.83600000,0.81500000,1.58700000,1.49400000,1.20900000,123.87901580
2021-04-29,9.85200000,3.34400000,0.99600000,1.03000000,1.44416280,1.10200000,0.84200000,0.81300000,1.57500000,1.51000000,1.21300000,123.93366920
2021-04-30,9.88800000,3.38500000,0.98700000,0.99400000,1.42318490,1.09600000,0.83000000,0.80500000,1.55800000,1.46200000,1.20500000,124.08346000
2021-05-06,9.63900000,3.27200000,0.97900000,1.00500000,1.43312180,1.12600000,0.83000000,0.79600000,1.65800000,1.54000000,1.18900000,124.11685930
2021-05-07,9.41600000,3.20200000,0.96300000,0.99400000,1.44747510,1.15600000,0.82200000,0.79100000,1.69300000,1.61200000,1.14400000,124.07030270
2021-05-10,9.44600000,3.24700000,0.95600000,0.97800000,1.44416280,1.21700000,0.81300000,0.79300000,1.78200000,1.71000000,1.13300000,124.13406500
2021-05-11,9.62900000,3.31200000,0.96800000,1.00200000,1.44416280,1.16000000,0.82400000,0.78700000,1.70900000,1.64300000,1.14000000,124.37899320
2021-05-12,9.70500000,3.34700000,0.96700000,1.00000000,1.45189150,1.16600000,0.82100000,0.80000000,1.73500000,1.66100000,1.14200000,124.38709000
2021-05-13,9.66600000,3.36800000,0.96400000,0.99600000,1.44526690,1.10700000,0.82600000,0.79700000,1.64100000,1.57700000,1.13500000,124.21098460
2021-05-14,9.85200000,3.43600000,1.03300000,1.03400000,1.46514070,1.11500000,0.83400000,0.80600000,1.63500000,1.55900000,1.15900000,124.22414190
2021-05-17,10.06800000,3.50500000,1.01800000,1.04100000,1.46624480,1.14700000,0.83500000,0.81000000,1.62700000,1.55800000,1.16900000,124.37393270
2021-05-18,10.04700000,3.50600000,1.02000000,1.06300000,1.46403660,1.15900000,0.84200000,0.81500000,1.64500000,1.56600000,1.17000000,124.34255760
2021-05-19,10.01700000,3.47400000,1.02000000,1.06600000,1.44195460,1.16600000,0.83500000,0.81400000,1.61400000,1.53100000,1.18300000,124.54801390
2021-05-20,10.05800000,3.47200000,1.03300000,1.06800000,1.45851610,1.13100000,0.83400000,0.82200000,1.54000000,1.47200000,1.18200000,124.72007090
2021-05-21,9.98500000,3.46300000,1.01300000,1.04700000,1.44085050,1.13600000,0.83000000,0.81600000,1.57200000,1.49600000,1.17300000,124.84354710
2021-05-24,10.03400000,3.47400000,1.03400000,1.05700000,1.44085050,1.12800000,0.83700000,0.82500000,1.54700000,1.49400000,1.18900000,124.86986170
2021-05-25,10.33500000,3.54500000,1.07600000,1.09300000,1.49053500,1.14100000,0.84500000,0.83700000,1.55700000,1.52000000,1.21600000,124.65732070
2021-05-26,10.36700000,3.57200000,1.07600000,1.09100000,1.50378420,1.15300000,0.85500000,0.83100000,1.55300000,1.51700000,1.20600000,124.71602250
2021-05-27,10.41400000,3.60000000,1.07700000,1.10000000,1.49715960,1.15100000,0.85600000,0.83800000,1.56500000,1.54500000,1.23200000,124.62392140
2021-05-28,,3.53800000,1.09300000,1.10700000,1.49605550,1.16800000,0.85300000,0.83000000,1.55800000,1.53000000,1.22400000,124.62189720
2021-05-31,10.49846400,3.58200000,1.09400000,1.13900000,1.48832680,1.19800000,0.85300000,0.82800000,1.55900000,1.53900000,1.23800000,124.38911420
2021-06-01,10.49846400,3.65000000,1.07900000,1.13500000,1.47507760,1.19900000,0.84900000,0.82800000,1.56800000,1.59600000,1.24400000,124.56015910
2021-06-02,10.35365760,3.59400000,1.05800000,1.10500000,1.47728580,1.18200000,0.84900000,0.81400000,1.53600000,1.59800000,1.22300000,124.47311850
2021-06-03,10.31745600,3.56600000,1.05700000,1.09200000,1.47066120,1.18400000,0.85500000,0.81500000,1.58300000,1.63700000,1.21100000,124.45388860
2021-06-04,10.35365760,3.58100000,1.06500000,1.10400000,1.48611860,1.17900000,0.84800000,0.82100000,1.55400000,1.60000000,1.22300000,124.50348150
2021-06-07,10.34159040,3.59400000,1.06900000,1.12200000,1.47507760,1.17400000,0.83400000,0.83200000,1.53400000,1.62400000,1.24300000,124.36279960
2021-06-08,10.19678400,3.53900000,1.07500000,1.13800000,1.47728580,1.14600000,0.83700000,0.83600000,1.53800000,1.61100000,1.23200000,124.38304160
2021-06-09,10.23298560,3.57300000,1.06200000,1.14500000,1.47176530,1.15000000,0.83400000,0.83000000,1.56500000,1.68100000,1.23600000,124.34660600
2021-06-10,10.38985920,3.66700000,1.06600000,1.14900000,1.47176530,1.15900000,0.82900000,0.83700000,1.58200000,1.66600000,1.24500000,124.37494480
2021-06-11,10.30538880,3.65400000,1.04800000,1.10800000,1.44857920,1.16300000,0.82300000,0.82500000,1.59900000,1.67800000,1.22600000,124.19681520
2021-06-15,10.17264960,3.61400000,1.03200000,1.11200000,1.43312180,1.12000000,0.81000000,0.82200000,1.55400000,1.67000000,1.24100000,124.17454900
2021-06-16,9.97957440,3.52600000,1.02500000,1.09800000,1.43864230,1.07100000,0.80900000,0.80700000,1.52500000,1.66100000,1.20900000,124.42453770
2021-06-17,10.06404480,3.58000000,1.02900000,1.11100000,1.43422590,1.07600000,0.81000000,0.80400000,1.50900000,1.67300000,1.26600000,124.35976330
2021-06-18,10.10024640,3.61900000,1.03900000,1.13400000,1.42428900,1.10000000,0.81000000,0.81100000,1.50500000,1.63600000,1.27900000,124.45591280
2021-06-21,10.08817920,3.68700000,1.03700000,1.18000000,1.40772750,1.09100000,0.80800000,0.81800000,1.54300000,1.60800000,1.29200000,124.71804670
2021-06-22,10.24505280,3.79700000,1.03400000,1.17300000,1.42318490,1.09700000,0.80700000,0.81400000,1.53000000,1.62900000,1.29500000,124.65124810
2021-06-23,10.25712000,3.80900000,1.03900000,1.17000000,1.42097670,1.11700000,0.81100000,0.81600000,1.54100000,1.68500000,1.33300000,124.61987300
2021-06-24,10.18471680,3.76800000,1.04200000,1.15200000,1.42760130,1.10900000,0.80500000,0.80500000,1.54500000,1.69200000,1.33500000,124.53586870
2021-06-25,10.31745600,3.83200000,1.07500000,1.15600000,1.44416280,1.13900000,0.81000000,0.80600000,1.58300000,1.75300000,1.34700000,124.58040110
2021-06-28,10.41399360,3.88800000,1.06600000,1.16000000,1.42208080,1.12900000,0.80200000,0.81100000,1.56800000,1.65500000,1.35800000,124.72209510
2021-06-29,10.34159040,3.87000000,1.05000000,1.13500000,1.41214390,1.11100000,0.79700000,0.80300000,1.54300000,1.62200000,1.33800000,124.87087380
2021-06-30,10.36572480,3.87900000,1.06200000,1.15200000,1.42428900,1.13000000,0.79800000,0.80200000,1.54800000,1.63500000,1.36700000,125.01762830
2021-07-01,10.48639680,3.96800000,1.03200000,1.10500000,1.44195460,1.11000000,0.81700000,0.79600000,1.54700000,1.60600000,1.34400000,124.97916850
2021-07-02,10.16058240,3.80200000,1.00300000,1.06500000,1.41766440,1.12400000,0.79900000,0.78700000,1.54800000,1.59300000,1.31400000,124.96095070
2021-07-05,10.06404480,3.78800000,1.00400000,1.07000000,1.41876850,1.18300000,0.79400000,0.77200000,1.55400000,1.63200000,1.34800000,124.97613220
2021-07-06,9.89510400,3.66900000,1.00900000,1.07900000,1.43312180,1.19000000,0.80700000,0.77400000,1.54300000,1.63300000,1.34000000,125.01256780
2021-07-07,9.97957440,3.71100000,1.01200000,1.10700000,1.43091360,1.22800000,0.80300000,0.77300000,1.58900000,1.60900000,1.36300000,125.15122550
2021-07-08,9.84683520,3.65400000,1.01100000,1.15200000,1.39447830,1.23000000,0.79600000,0.76000000,1.56800000,1.54200000,1.39400000,125.33542770
2021-07-09,9.75029760,3.67600000,1.01400000,1.14300000,1.38343730,1.31000000,0.79900000,0.76000000,1.61500000,1.57600000,1.37500000,125.38603270
2021-07-12,9.93130560,3.72500000,1.03500000,1.16000000,1.37791680,1.34700000,0.79500000,0.76500000,1.63100000,1.58900000,1.39200000,125.41133520
2021-07-13,10.05197760,3.71100000,1.03000000,1.15300000,1.38343730,1.34700000,0.80000000,0.78000000,1.66000000,1.65700000,1.35800000,125.71496520
2021-07-14,10.02784320,3.73200000,1.02000000,1.13100000,1.36025120,1.30000000,0.79000000,0.76900000,1.63500000,1.66100000,1.35400000,125.78277590
2021-07-15,10.13644800,3.77300000,1.03400000,1.13000000,1.39337420,1.34000000,0.79100000,0.76500000,1.71400000,1.66800000,1.35400000,125.52266620
2021-07-16,10.02784320,3.74300000,1.03500000,1.17900000,1.38895780,1.34300000,0.79000000,0.76900000,1.72700000,1.70800000,1.34800000,125.60161000
2021-07-19,10.14851520,3.83200000,1.02900000,1.16900000,1.39006190,1.33100000,0.77900000,0.75900000,1.69300000,1.70700000,1.35300000,125.61577940
2021-07-20,10.16058240,3.84200000,1.02700000,1.19000000,1.36908400,1.33400000,0.77400000,0.75600000,1.66600000,1.72600000,1.36900000,125.70686840
2021-07-21,10.22091840,3.91500000,1.04100000,1.20900000,1.36687580,1.40100000,0.76800000,0.75800000,1.71000000,1.71500000,1.39300000,125.82528410
2021-07-22,10.07611200,3.78300000,1.05800000,1.20600000,1.37350040,1.43000000,0.77500000,0.75900000,1.80000000,1.73100000,1.41900000,125.84552610
2021-07-23,9.85890240,3.68400000,1.06500000,1.23400000,1.36797990,1.43000000,0.77000000,0.74200000,1.83000000,1.75400000,1.40400000,125.89107060
2021-07-26,9.40034880,3.50200000,1.03600000,1.24300000,1.32933640,1.44800000,0.74000000,0.71200000,1.79000000,1.73500000,1.40600000,126.20988210
2021-07-27,9.15900480,3.38900000,1.00200000,1.21800000,1.29069290,1.37600000,0.71300000,0.69200000,1.70900000,1.68500000,1.38600000,126.36675760
2021-07-28,9.20727360,3.48000000,0.99300000,1.15800000,1.30062980,1.34100000,0.70700000,0.68300000,1.67600000,1.66500000,1.36500000,126.23012410
2021-07-29,9.26760960,3.53500000,1.00600000,1.20800000,1.29510930,1.42500000,0.71000000,0.69300000,1.75700000,1.69100000,1.42000000,126.15421660
2021-07-30,9.11073600,3.50300000,0.98500000,1.20600000,1.27965190,1.44000000,0.70900000,0.68900000,1.82300000,1.73900000,1.42600000,126.33639460
2021-08-02,9.38828160,3.54700000,1.02000000,1.27100000,1.29400520,1.44200000,0.72000000,0.70000000,1.73300000,1.68200000,1.42500000,126.68455700
2021-08-03,9.55722240,3.67000000,1.02400000,1.25100000,1.28738060,1.35700000,0.71600000,0.69100000,1.66800000,1.63300000,1.37500000,126.62484310
2021-08-04,9.53308800,3.65900000,1.02600000,1.28600000,1.27854780,1.42500000,0.71300000,0.68300000,1.73800000,1.70000000,1.42300000,126.54691140
2021-08-05,9.50895360,3.63800000,1.00800000,1.33100000,1.27413140,1.40100000,0.72200000,0.66700000,1.72600000,1.71200000,1.42000000,126.49630640
2021-08-06,9.34001280,3.52100000,1.01200000,1.34200000,1.27854780,1.45000000,0.72100000,0.66300000,1.76000000,1.79700000,1.41100000,126.53172990
2021-08-09,9.47275200,3.53300000,1.03400000,1.33300000,1.31056670,1.42100000,0.74700000,0.67900000,1.77600000,1.79600000,1.40100000,126.24024510
2021-08-10,9.68996160,3.59100000,1.04900000,1.38500000,1.33596100,1.41000000,0.74600000,0.69000000,1.78000000,1.80700000,1.40000000,126.12284150
2021-08-11,9.48481920,3.53800000,1.03900000,1.37900000,1.34810610,1.43500000,0.76900000,0.68900000,1.81700000,1.90000000,1.39900000,125.99936530
2021-08-12,9.38828160,3.49700000,1.03200000,1.34000000,1.34148150,1.46700000,0.76300000,0.68800000,1.86400000,1.92300000,1.40700000,126.10766000
2021-08-13,9.41241600,3.47800000,1.03400000,1.33500000,1.34368970,1.48000000,0.76000000,0.68500000,1.87600000,1.94200000,1.35800000,126.34246720
2021-08-16,9.43655040,3.48300000,1.04300000,1.30900000,1.34148150,1.41700000,0.77000000,0.69000000,1.86000000,1.94300000,1.36000000,126.33740670
2021-08-17,9.09866880,3.38300000,1.03600000,1.28700000,1.32933640,1.40200000,0.76200000,0.67400000,1.82800000,1.88700000,1.31100000,126.53780250
2021-08-18,9.08660160,3.38600000,1.10700000,1.32300000,1.37460450,1.41500000,0.77500000,0.67700000,1.84200000,1.88900000,1.31700000,126.61573420
2021-08-19,9.06246720,3.40900000,1.08500000,1.35000000,1.34921020,1.42400000,0.76300000,0.68300000,1.83300000,1.85600000,1.33200000,126.60156480
2021-08-20,8.64011520,3.22400000,1.08600000,1.34600000,1.33927330,1.41900000,0.76600000,0.67100000,1.85700000,1.83500000,1.33700000,126.68050860
2021-08-23,8.68838400,3.22100000,1.08900000,1.40500000,1.34148150,1.46000000,0.76400000,0.68700000,1.87400000,1.90800000,1.36500000,126.60561320
2021-08-24,8.85732480,3.27500000,1.11100000,1.39700000,1.34700200,1.50000000,0.77000000,0.68400000,1.92300000,1.92900000,1.37000000,126.55298400
2021-08-25,8.96592960,3.31300000,1.09500000,1.38300000,1.33264870,1.52300000,0.76800000,0.69600000,1.94500000,2.00300000,1.35700000,126.59852850
2021-08-26,8.70045120,3.19400000,1.08000000,1.37800000,1.31498310,1.54200000,0.76100000,0.68900000,2.00800000,2.07300000,1.33500000,126.28680170
2021-08-27,8.74872000,3.18800000,1.07700000,1.35500000,1.31608720,1.59100000,0.75600000,0.67900000,2.02900000,2.07600000,1.33600000,126.32526150
2021-08-30,8.68838400,3.15500000,1.05900000,1.39100000,1.29510930,1.63900000,0.74500000,0.67500000,2.07000000,2.14500000,1.31900000,126.37080600
2021-08-31,8.60391360,3.12800000,1.08300000,1.39400000,1.31387900,1.67100000,0.76500000,0.67800000,2.18000000,2.25900000,1.29200000,126.54589930
2021-09-01,8.77285440,3.15600000,1.12200000,1.34900000,1.34148150,1.55600000,0.78800000,0.70300000,2.13300000,2.18100000,1.29400000,126.61371000
2021-09-02,8.66424960,3.09900000,1.14000000,1.34300000,1.35473070,1.58800000,0.79800000,0.70200000,2.19100000,2.29000000,1.26600000,126.60662530
2021-09-03,8.71251840,3.13900000,1.12800000,1.29200000,1.35693890,1.53000000,0.79800000,0.70300000,2.13900000,2.21500000,1.26600000,126.64204880
2021-09-06,9.00213120,3.26800000,1.16400000,1.31200000,1.35804300,1.54800000,0.79200000,0.71100000,2.15500000,2.27000000,1.29100000,126.53679040
2021-09-07,9.00213120,3.27200000,1.19500000,1.32800000,1.38012500,1.58100000,0.79800000,0.72700000,2.25200000,2.40500000,1.29500000,126.43962880
2021-09-08,8.92972800,3.26000000,1.18900000,1.31000000,1.37791680,1.58100000,0.79900000,0.76200000,2.25100000,2.47300000,1.30900000,126.40420530
2021-09-09,8.85732480,3.24900000,1.18000000,1.34400000,1.37460450,1.63100000,0.80000000,0.74000000,2.39200000,2.63500000,1.29000000,126.41837470
2021-09-10,8.91766080,3.23000000,1.19500000,1.32800000,1.40220700,1.67000000,0.80400000,0.73500000,2.32000000,2.51600000,1.31800000,126.41635050
2021-09-13,8.82112320,3.20600000,1.20100000,1.31400000,1.40331110,1.71500000,0.81900000,0.74400000,2.36100000,2.64300000,1.29300000,126.36979390
2021-09-14,8.78492160,3.22000000,1.16600000,1.29900000,1.36466760,1.65400000,0.79900000,0.72900000,2.27700000,2.57200000,1.27900000,126.30198320
2021-09-15,8.64011520,3.19100000,1.16200000,1.30700000,1.35473070,1.66800000,0.78900000,0.73400000,2.27700000,2.57900000,1.27200000,126.32526150
2021-09-16,8.65218240,3.18400000,1.13600000,1.27500000,1.34148150,1.59200000,0.77000000,0.72300000,2.26600000,2.60000000,1.24400000,126.15826500
2021-09-17,8.88145920,3.28800000,1.15000000,1.25800000,1.34258560,1.54200000,0.77600000,0.71700000,2.16900000,2.42800000,1.25000000,126.26757180
2021-09-22,8.72458560,3.30500000,1.14000000,1.27900000,1.31608720,1.54400000,0.79300000,0.70900000,2.18000000,2.57300000,1.25000000,126.33133410
2021-09-23,8.73665280,3.31200000,1.15500000,1.31200000,1.31719130,1.54600000,0.81200000,0.72000000,2.21200000,2.52100000,1.26900000,126.49833060
2021-09-24,8.92972800,3.33900000,1.14000000,1.30700000,1.30725440,1.49300000,0.80000000,0.72100000,2.09800000,2.33900000,1.26000000,126.48719750
2021-09-27,9.14693760,3.38900000,1.10700000,1.26200000,1.30615030,1.40800000,0.77700000,0.70900000,1.95200000,2.26600000,1.26400000,126.48314910
2021-09-28,9.11073600,3.36800000,1.12500000,1.27300000,1.32602410,1.40000000,0.80300000,0.70300000,1.95800000,2.35400000,1.26300000,126.50136690
2021-09-29,9.05040000,3.33600000,1.11100000,1.22800000,1.34148150,1.34600000,0.79300000,0.68900000,1.84700000,2.23300000,1.24100000,126.80702110
2021-09-30,9.13487040,3.37100000,1.10900000,1.23800000,1.32712820,1.37800000,0.80600000,0.69700000,1.87900000,2.33000000,1.24900000,126.86572290
2021-10-08,9.35208000,3.43700000,1.12000000,1.22000000,1.34479380,1.36700000,0.80200000,0.71500000,1.86900000,2.22600000,1.26300000,126.66229080
2021-10-11,9.27967680,3.39000000,1.11200000,1.24700000,1.37681270,1.38800000,0.80700000,0.72000000,1.84700000,2.31000000,1.25800000,126.50237900
2021-10-12,9.35208000,3.37900000,1.07800000,1.21000000,1.37570860,1.34600000,0.81100000,0.70100000,1.77200000,2.26900000,1.22800000,126.31615260
2021-10-13,9.53308800,3.45500000,1.08500000,1.20900000,1.37460450,1.36500000,0.80800000,0.70400000,1.76800000,2.14700000,1.24300000,126.26959600
2021-10-14,9.41241600,3.37200000,1.08200000,1.23100000,1.36245940,1.40100000,0.79000000,0.70700000,1.77700000,2.13600000,1.24100000,126.29894690
2021-10-15,9.41241600,3.35700000,1.08100000,1.23900000,1.37018810,1.41200000,0.78700000,0.70100000,1.78000000,2.22700000,1.25900000,126.27971700
2021-10-18,9.15900480,3.30000000,1.08200000,1.25500000,1.36135530,1.45200000,0.78300000,0.69200000,1.80600000,2.36800000,1.24000000,125.89714320
2021-10-19,9.27967680,3.36500000,1.09000000,1.25800000,1.37129220,1.45200000,0.78100000,0.69500000,1.82100000,2.36800000,1.25400000,125.88499800
2021-10-20,9.25554240,3.34200000,1.08400000,1.27200000,1.36245940,1.44400000,0.76900000,0.69500000,1.81800000,2.17900000,1.24500000,125.92548200
2021-10-21,9.23140800,3.31700000,1.08700000,1.25700000,1.38674960,1.46000000,0.78300000,0.68900000,1.81800000,2.27000000,1.23100000,126.10563580
2021-10-22,9.40034880,3.32600000,1.08900000,1.26100000,1.39227010,1.41200000,0.79900000,0.69600000,1.74900000,2.14700000,1.25000000,125.95888130
2021-10-25,9.40034880,3.31700000,1.10300000,1.27900000,1.39227010,1.43500000,0.78000000,0.69000000,1.76200000,2.19300000,1.25200000,125.98620800
2021-10-26,9.38828160,3.30300000,1.09200000,1.27700000,1.39116600,1.44300000,0.76700000,0.68700000,1.76200000,2.20000000,1.27000000,126.08033330
2021-10-27,9.21934080,3.23600000,1.06400000,1.28900000,1.37902090,1.42600000,0.75500000,0.67900000,1.72700000,2.10900000,1.24400000,126.11676890
2021-10-28,9.24347520,3.22300000,1.05600000,1.26200000,1.37460450,1.36900000,0.73900000,0.67700000,1.66300000,1.96300000,1.23800000,126.09652690
2021-10-29,9.40034880,3.27200000,1.06400000,1.30300000,1.36577170,1.38000000,0.73500000,0.69700000,1.68000000,1.94900000,1.25700000,126.19470060
2021-11-01,9.23140800,3.27100000,1.06800000,1.32700000,1.38343730,1.36100000,0.72900000,0.70800000,1.67800000,1.97900000,1.28700000,126.28680170
2021-11-02,9.23140800,3.24700000,1.04600000,1.36100000,1.34148150,1.34500000,0.71200000,0.70100000,1.60700000,1.91600000,1.29500000,126.38902380
2021-11-03,9.17107200,3.24800000,1.04900000,1.34600000,1.34037740,1.34100000,0.72200000,0.71300000,1.61800000,1.99500000,1.29100000,126.48820960
2021-11-04,9.34001280,3.25300000,1.05000000,1.36400000,1.33706510,1.34600000,0.71800000,0.72400000,1.60300000,1.97100000,1.31100000,126.44367720
2021-11-05,9.35208000,3.25100000,1.04800000,1.34800000,1.33264870,1.33300000,0.70600000,0.74000000,1.55400000,1.88700000,1.32100000,126.57322600
2021-11-08,9.23140800,3.18200000,1.05900000,1.35300000,1.32602410,1.39000000,0.71200000,0.74500000,1.58600000,1.89300000,1.30500000,126.68759330
2021-11-09,9.25554240,3.22200000,1.06500000,1.40300000,1.32823230,1.39400000,0.71600000,0.74000000,1.58400000,1.87300000,1.32100000,126.57828650
2021-11-10,9.20727360,3.29400000,1.06200000,1.39800000,1.32050360,1.36700000,0.73200000,0.74600000,1.58000000,1.82600000,1.32600000,126.74325880
2021-11-11,9.24347520,3.29200000,1.09400000,1.40200000,1.35583480,1.37600000,0.78000000,0.75800000,1.61600000,1.85200000,1.34700000,126.70783530
2021-11-12,9.20727360,3.28600000,1.09100000,1.45400000,1.34810610,1.37700000,0.76500000,0.75800000,1.58600000,1.81700000,1.35100000,126.56816550
2021-11-15,9.30381120,3.33800000,1.08400000,1.43000000,1.35583480,1.34400000,0.76300000,0.78500000,1.58000000,1.79400000,1.34900000,126.66330290
2021-11-16,9.48481920,3.40900000,1.06900000,1.37300000,1.34810610,1.32100000,0.75700000,0.79100000,1.55300000,1.76500000,1.33300000,126.71188370
2021-11-17,9.44861760,3.39900000,1.06800000,1.40000000,1.33927330,1.35400000,0.75800000,0.79400000,1.58200000,1.78100000,1.33600000,126.71390790
2021-11-18,9.26760960,3.33700000,1.05600000,1.44000000,1.33044050,1.37100000,0.74700000,0.77400000,1.60900000,1.80500000,1.31800000,126.79690010
2021-11-19,9.31587840,3.33500000,1.07500000,1.43900000,1.34479380,1.38400000,0.77100000,0.77600000,1.63300000,1.85300000,1.33900000,126.72301680
2021-11-22,9.36414720,3.31500000,1.08300000,1.45600000,1.33485690,1.42600000,0.75900000,0.77400000,1.64300000,1.86500000,1.37700000,126.77159760
2021-11-23,9.31587840,3.31700000,1.08500000,1.44600000,1.33596100,1.42300000,0.76400000,0.77600000,1.68500000,1.89200000,1.36400000,126.77362180
2021-11-24,9.35208000,3.32400000,1.08300000,1.42200000,1.33485690,1.44600000,0.76900000,0.78500000,1.70700000,1.93700000,1.36500000,126.86572290
2021-11-25,9.35208000,3.37400000,1.07900000,1.41400000,1.33154460,1.44400000,0.76700000,0.76500000,1.67300000,1.90600000,1.35800000,126.93758200
2021-11-26,9.29174400,3.37200000,1.07100000,1.41400000,1.32050360,1.45800000,0.76100000,0.75500000,1.71600000,1.86600000,1.33300000,127.19465540
2021-11-29,9.29174400,3.36500000,1.06100000,1.44700000,1.31387900,1.46600000,0.75300000,0.74300000,1.70200000,1.84800000,1.33500000,127.02968310
2021-11-30,9.24347520,3.38400000,1.06100000,1.47600000,1.31277490,1.45200000,0.75100000,0.74100000,1.68300000,1.85000000,1.34700000,127.04790090
2021-12-01,9.24347520,3.35600000,1.07600000,1.45300000,1.31939950,1.44500000,0.75900000,0.75300000,1.69900000,1.91800000,1.34700000,126.98818700
2021-12-02,9.19520640,3.31700000,1.08400000,1.44100000,1.32381590,1.44500000,0.76200000,0.73700000,1.72300000,1.93900000,1.33900000,126.92138840
2021-12-03,9.29174400,3.33700000,1.09000000,1.47500000,1.33154460,1.46000000,0.77100000,0.74400000,1.71800000,2.01500000,1.36000000,126.74528300
2021-12-06,9.24347520,3.29200000,1.10400000,1.47200000,1.33927330,1.43800000,0.77100000,0.73600000,1.71100000,1.99400000,1.34400000,126.99932010
2021-12-07,9.32794560,3.30700000,1.10800000,1.42200000,1.35141840,1.42200000,0.79100000,0.74100000,1.72300000,2.01400000,1.32800000,126.94163040
2021-12-08,9.48481920,3.33800000,1.12300000,1.44800000,1.35252250,1.44600000,0.78300000,0.75500000,1.73200000,2.00100000,1.37000000,126.97300550
2021-12-09,9.73823040,3.40200000,1.14500000,1.44200000,1.36577170,1.44500000,0.79700000,0.76500000,1.73600000,1.99000000,1.39100000,126.92746100
2021-12-10,9.70202880,3.38400000,1.12900000,1.43100000,1.36135530,1.45900000,0.78800000,0.77600000,1.71800000,1.96400000,1.38400000,127.00741690
2021-12-13,9.70202880,3.36700000,1.13400000,1.42700000,1.35252250,1.46000000,0.78400000,0.80800000,1.72000000,1.99700000,1.39900000,127.00336850
2021-12-14,9.65376000,3.38000000,1.12800000,1.43300000,1.33375280,1.41700000,0.77400000,0.81100000,1.68600000,1.95200000,1.40000000,127.20275220
2021-12-15,9.46068480,3.29000000,1.13300000,1.42600000,1.33264870,1.39100000,0.77900000,0.81200000,1.69900000,1.97800000,1.37800000,127.21388530
2021-12-16,9.41241600,3.27400000,1.14400000,1.43000000,1.34037740,1.40300000,0.78500000,0.82600000,1.75700000,2.11900000,1.38100000,127.17441340
2021-12-17,9.30381120,3.26400000,1.13300000,1.40500000,1.33706510,1.38800000,0.78400000,0.82200000,1.75100000,2.06700000,1.35100000,127.35254300
2021-12-20,9.23140800,3.21900000,1.11400000,1.37400000,1.33044050,1.34800000,0.79000000,0.79600000,1.72400000,2.01900000,1.32000000,127.32825260
2021-12-21,9.25554240,3.23400000,1.12800000,1.38000000,1.34258560,1.35200000,0.82900000,0.81100000,1.74900000,2.04600000,1.33400000,127.27663550
2021-12-22,9.25554240,3.27700000,1.11800000,1.37900000,1.33154460,1.35000000,0.81900000,0.83800000,1.72700000,2.05800000,1.35700000,127.35153090
2021-12-23,9.29174400,3.25900000,1.11600000,1.38800000,1.33044050,1.35400000,0.80500000,0.82800000,1.72800000,2.10700000,1.36800000,127.38189390
2021-12-24,9.36414720,3.28000000,1.11000000,1.38800000,1.32823230,1.30200000,0.79300000,0.83200000,1.68800000,2.06300000,1.36200000,127.37278500
2021-12-27,9.37621440,3.29900000,1.11200000,1.38300000,1.32050360,1.29900000,0.79900000,0.81600000,1.67874110,2.08372090,1.35600000,127.48512810
2021-12-28,9.46068480,3.31600000,1.11900000,1.39200000,1.32381590,1.33800000,0.79700000,0.81600000,1.69325770,2.01506110,1.36100000,127.54585410
2021-12-29,9.24347520,3.27800000,1.10700000,1.41200000,1.31167080,1.32900000,0.79300000,0.80300000,1.70570050,1.99737600,1.34400000,127.57722920
2021-12-30,9.26760960,3.30400000,1.12400000,1.45800000,1.31498310,1.33100000,0.79300000,0.84400000,1.71399570,1.98697300,1.37100000,127.90110120
2021-12-31,9.31587840,3.33900000,1.12700000,1.45700000,1.31719130,1.34900000,0.80400000,0.85800000,1.72436470,1.97136850,1.37300000,128.00939590
2022-01-04,9.21934080,3.27000000,1.12300000,1.44300000,1.32160770,1.31900000,0.81600000,0.89100000,1.73680750,2.00673870,1.36600000,127.94765780
2022-01-05,9.14693760,3.23400000,1.11100000,1.36900000,1.34148150,1.28400000,0.81900000,0.89200000,1.70777430,1.97344910,1.32100000,127.81102430
2022-01-06,9.00213120,3.21700000,1.08900000,1.35300000,1.33596100,1.30100000,0.82000000,0.87900000,1.74821340,1.98073120,1.30900000,127.74118940
2022-01-07,8.95386240,3.21100000,1.09000000,1.33600000,1.35583480,1.27000000,0.83500000,0.86400000,1.76273000,1.97552970,1.29500000,127.75131040
2022-01-10,9.02626560,3.25600000,1.09100000,1.32300000,1.36135530,1.28200000,0.84700000,0.86400000,1.74925030,2.01714170,1.29800000,127.89705280
2022-01-11,8.92972800,3.25000000,1.09100000,1.28800000,1.37791680,1.27800000,0.84800000,0.83500000,1.75028720,1.98905360,1.26800000,128.07113400
2022-01-12,9.03833280,3.27000000,1.09500000,1.31800000,1.37239630,1.32900000,0.84300000,0.84300000,1.73369680,1.99425510,1.28300000,128.11971480
2022-01-13,8.85732480,3.19500000,1.08900000,1.29100000,1.37460450,1.29800000,0.83200000,0.82400000,1.69533150,2.02234320,1.25900000,128.10453330
2022-01-14,8.78492160,3.22500000,1.06000000,1.29700000,1.34368970,1.29900000,0.81100000,0.83100000,1.67770420,1.95056250,1.26800000,128.40411490
2022-01-17,8.78492160,3.23000000,1.06900000,1.32100000,1.34700200,1.28700000,0.82100000,0.86000000,1.67977800,1.97032820,1.29600000,128.36666720
2022-01-18,8.85732480,3.21100000,1.07200000,1.32200000,1.37129220,1.29700000,0.83300000,0.84200000,1.70466360,2.01922230,1.30800000,128.73709580
2022-01-19,8.72458560,3.15200000,1.07600000,1.29400000,1.37902090,1.26500000,0.83800000,0.84900000,1.72021710,2.02338350,1.28900000,128.67636980
2022-01-20,8.77285440,3.11100000,1.09200000,1.26300000,1.40662340,1.25500000,0.83300000,0.82700000,1.70466360,2.01610140,1.28000000,128.65410360
2022-01-21,8.74872000,3.04100000,1.08300000,1.23200000,1.40220700,1.26500000,0.82600000,0.80300000,1.68081490,2.06083430,1.25900000,128.96785460
2022-01-24,8.73665280,3.02600000,1.07600000,1.24600000,1.39889470,1.28400000,0.83700000,0.80400000,1.70881120,2.04939100,1.27400000,129.42228750
2022-01-25,8.55564480,2.95300000,1.04900000,1.23000000,1.37460450,1.25300000,0.80400000,0.75400000,1.64244960,1.95368340,1.23900000,129.38888820
2022-01-26,8.51944320,2.89900000,1.06500000,1.22700000,1.37681270,1.26100000,0.80800000,0.75400000,1.65696620,1.95160280,1.24500000,128.79883390
2022-01-27,8.36256960,2.86200000,1.04100000,1.19400000,1.37129220,1.23100000,0.79400000,0.72300000,1.62793300,1.93703860,1.20800000,128.74519260
2022-01-28,8.26603200,2.84200000,1.03100000,1.20100000,1.36025120,1.20200000,0.79200000,0.72700000,1.60926880,1.87358030,1.19900000,129.00631440
2022-02-07,8.32636800,2.85500000,1.04500000,1.19400000,1.39337420,1.24400000,0.80700000,0.72000000,1.67459350,1.95472370,1.19700000,128.89397130
2022-02-08,8.19362880,2.80200000,1.06100000,1.18200000,1.41766440,1.24400000,0.81500000,0.73100000,1.71710640,2.06603580,1.17300000,129.04679840
2022-02-09,8.35050240,2.83300000,1.06300000,1.20900000,1.41214390,1.28800000,0.81500000,0.75300000,1.73058610,2.06915670,1.18700000,129.11460910
2022-02-10,8.27809920,2.80000000,1.06400000,1.20200000,1.42097670,1.29800000,0.82300000,0.76200000,1.73265990,2.11076870,1.18200000,129.23201270
2022-02-11,8.16949440,2.70400000,1.06400000,1.17600000,1.43753820,1.29500000,0.82300000,0.74300000,1.72021710,2.13261500,1.15900000,128.68446660
2022-02-14,8.18156160,2.70000000,1.01700000,1.18100000,1.40220700,1.30700000,0.80300000,0.74500000,1.69118390,2.10660750,1.15300000,128.57212350
2022-02-15,8.32636800,2.79500000,1.01700000,1.20900000,1.38785370,1.31800000,0.79400000,0.75100000,1.68392560,2.07435820,1.18600000,128.57414770
2022-02-16,8.37463680,2.81600000,1.02000000,1.19600000,1.39779060,1.32500000,0.80000000,0.75400000,1.71192190,2.10036570,1.18100000,128.67232140
2022-02-17,8.33843520,2.80900000,1.01200000,1.20200000,1.39999880,1.37200000,0.79100000,0.74000000,1.71918020,2.10868810,1.18800000,128.68345450
2022-02-18,8.38670400,2.83900000,1.01400000,1.19800000,1.41656030,1.36700000,0.81700000,0.74500000,1.75443480,2.18775090,1.18400000,128.60451070
2022-02-21,8.37463680,2.84800000,1.01300000,1.20000000,1.41435210,1.36100000,0.82600000,0.75200000,1.75858240,2.24080620,1.18600000,128.31909850
2022-02-22,8.21776320,2.78900000,0.99300000,1.18900000,1.40551930,1.39200000,0.82000000,0.71800000,1.72954920,2.24184650,1.17400000,128.24926360
2022-02-23,8.31430080,2.84900000,1.00500000,1.23500000,1.39558240,1.39700000,0.81300000,0.73300000,1.74406580,2.21687930,1.22900000,128.38387290
2022-02-24,8.14536000,2.79500000,0.97800000,1.24900000,1.37570860,1.38100000,0.79600000,0.70100000,1.68496250,2.18567030,1.20700000,128.42840530
2022-02-25,8.25396480,2.88000000,0.97900000,1.24200000,1.36908400,1.39900000,0.79300000,0.70700000,1.71710640,2.14405830,1.21600000,128.50633700
2022-02-28,8.26603200,2.88800000,0.97600000,1.25900000,1.36577170,1.43100000,0.78400000,0.70400000,1.72643850,2.18671060,1.21300000,128.54985730
2022-03-01,8.41083840,2.90700000,0.98600000,1.28000000,1.37902090,1.39700000,0.79500000,0.71200000,1.72229090,2.23560470,1.21400000,128.32820740
2022-03-02,8.30223360,2.89300000,0.98000000,1.26600000,1.37460450,1.41600000,0.80000000,0.70700000,1.72229090,2.28970030,1.19500000,128.27051770
2022-03-03,8.18156160,2.86200000,0.98100000,1.23900000,1.38343730,1.41200000,0.81600000,0.70300000,1.74406580,2.34379590,1.17000000,128.27659030
2022-03-04,8.14536000,2.85000000,0.96900000,1.22000000,1.37018810,1.38500000,0.80400000,0.70100000,1.71918020,2.34795710,1.16600000,128.21586430
2022-03-07,7.79541120,2.75200000,0.94300000,1.20200000,1.34479380,1.38100000,0.80400000,0.68500000,1.70051600,2.35315860,1.11700000,128.48407080
2022-03-08,7.62647040,2.67700000,0.92400000,1.15500000,1.31498310,1.30300000,0.77700000,0.66200000,1.63830200,2.21583900,1.10000000,128.61260750
2022-03-09,7.52993280,2.61400000,0.90100000,1.12600000,1.29621340,1.26600000,0.75100000,0.65500000,1.62171160,2.29178090,1.10900000,128.33428000
2022-03-10,7.77127680,2.71400000,0.89700000,1.15500000,1.30725440,1.28800000,0.76000000,0.65800000,1.63415440,2.27513610,1.11900000,128.38690920
2022-03-11,7.78334400,2.79100000,0.91600000,1.16000000,1.31387900,1.28300000,0.76600000,0.66700000,1.62067470,2.27097490,1.11700000,128.61665590
2022-03-14,7.56613440,2.76000000,0.90200000,1.15500000,1.28075600,1.23200000,0.75400000,0.64700000,1.57194040,2.18463000,1.08300000,128.98202400
2022-03-15,7.19205120,2.67800000,0.87100000,1.10800000,1.22223870,1.17100000,0.68900000,0.60800000,1.45373380,2.00257750,1.04300000,128.51038540
2022-03-16,7.42132800,2.68700000,0.92500000,1.14400000,1.26529860,1.21900000,0.71600000,0.63500000,1.49728360,2.05355220,1.07800000,128.44561100
2022-03-17,7.67473920,2.77600000,0.92100000,1.15500000,1.28186010,1.23800000,0.74900000,0.65700000,1.53253820,2.09932540,1.10300000,128.46990140
2022-03-18,7.67473920,2.80200000,0.93000000,1.13900000,1.30394210,1.24700000,0.78700000,0.66200000,1.55223930,2.20543600,1.09900000,128.64297050
2022-03-21,7.68680640,2.85700000,0.91600000,1.15700000,1.28848470,1.27400000,0.78000000,0.66300000,1.55016550,2.25745100,1.10100000,128.59236550
2022-03-22,7.62647040,2.81900000,0.91700000,1.14200000,1.30946260,1.28100000,0.81100000,0.66700000,1.57608800,2.32923170,1.09100000,128.44561100
2022-03-23,7.71094080,2.84300000,0.91600000,1.16600000,1.30173390,1.27500000,0.82700000,0.67000000,1.57090350,2.31778840,1.09600000,128.48710710
2022-03-24,7.71094080,2.92000000,0.90600000,1.15300000,1.30615030,1.29200000,0.81200000,0.65400000,1.55431310,2.33443320,1.07400000,128.59236550
2022-03-25,7.54200000,2.82100000,0.89700000,1.14300000,1.30283800,1.27300000,0.81400000,0.65500000,1.54083340,2.32298990,1.06000000,128.69863600
2022-03-28,7.44546240,2.80800000,0.89700000,1.12000000,1.30946260,1.25600000,0.83300000,0.66500000,1.54809170,2.38644820,1.05000000,128.70369650
2022-03-29,7.43339520,2.81100000,0.88900000,1.13200000,1.31167080,1.25600000,0.81500000,0.65600000,1.53668580,2.41869750,1.02400000,128.64499470
2022-03-30,7.63853760,2.87100000,0.92400000,1.15000000,1.32933640,1.27500000,0.86400000,0.67100000,1.56779280,2.35211830,1.04700000,128.61463170
2022-03-31,7.62647040,2.86200000,0.91700000,1.12700000,1.34700200,1.24600000,0.87300000,0.67000000,1.57194040,2.40933480,1.02800000,128.51240960
2022-04-01,7.66267200,2.84000000,0.92900000,1.12700000,1.37350040,1.25400000,0.89900000,0.69100000,1.58956770,2.38956910,1.02900000,128.67232140
2022-04-06,7.54200000,2.82800000,0.92900000,1.10300000,1.39558240,1.24700000,0.92700000,0.69300000,1.66940900,2.36148100,1.00700000,128.78972500
2022-04-07,7.44546240,2.74800000,0.91300000,1.08600000,1.38233320,1.23400000,0.89100000,0.67500000,1.62793300,2.37396460,0.98700000,128.93647950
2022-04-08,7.37305920,2.70000000,0.92500000,1.07600000,1.39116600,1.23900000,0.91300000,0.65800000,1.65074480,2.40205270,0.98200000,129.10954860
2022-04-11,7.14378240,2.62500000,0.89800000,1.02300000,1.37570860,1.17500000,0.88000000,0.63500000,1.60201050,2.35836010,0.93300000,128.85045100
2022-04-12,7.49373120,2.67500000,0.92500000,1.03900000,1.37570860,1.19400000,0.85800000,0.65300000,1.59993670,2.37500490,0.94700000,128.89801970
2022-04-13,7.31272320,2.61000000,0.91800000,1.01300000,1.37570860,1.22900000,0.84700000,0.63000000,1.60408430,2.47383340,0.92700000,128.93546740
2022-04-14,7.55406720,2.65100000,0.93100000,1.01300000,1.37350040,1.23500000,0.88000000,0.63500000,1.63415440,2.60803210,0.94400000,129.13889950
2022-04-15,7.60233600,2.67000000,0.92500000,1.01500000,1.39116600,1.20400000,0.88000000,0.62100000,1.63830200,2.53625140,0.94600000,129.02554430
2022-04-18,7.59026880,2.67400000,0.90200000,1.04400000,1.35693890,1.19600000,0.85100000,0.61600000,1.61445330,2.44054380,0.97400000,128.87575350
2022-04-19,7.48166400,2.61600000,0.89500000,1.04100000,1.35252250,1.20100000,0.85400000,0.62000000,1.63726510,2.50920360,0.95600000,128.92534640
2022-04-20,7.48166400,2.58700000,0.88000000,1.02400000,1.34368970,1.15200000,0.81300000,0.61700000,1.56571900,2.37292430,0.94900000,128.96178200
2022-04-21,7.33685760,2.51300000,0.87700000,0.99100000,1.33375280,1.10400000,0.79200000,0.59700000,1.49313600,2.33339290,0.93000000,128.85045100
2022-04-22,7.34892480,2.51500000,0.87900000,0.97600000,1.35583480,1.09800000,0.79600000,0.58900000,1.49728360,2.33547350,0.91400000,128.81806380
2022-04-25,7.02311040,2.40100000,0.85300000,0.90100000,1.30173390,1.00700000,0.75200000,0.55000000,1.38840910,2.18254940,0.86100000,128.82514850
2022-04-26,7.08344640,2.39500000,0.81100000,0.86200000,1.29952570,0.97500000,0.75300000,0.54800000,1.35730210,2.07955970,0.82700000,128.89801970
2022-04-27,7.28858880,2.43000000,0.82300000,0.92300000,1.30062980,1.05400000,0.74200000,0.56100000,1.41122090,2.17318670,0.87900000,128.85652360
2022-04-28,7.27652160,2.43700000,0.80600000,0.92700000,1.31939950,1.04700000,0.76300000,0.55000000,1.39670430,2.28033760,0.87300000,128.78770080
2022-04-29,7.40926080,2.49700000,0.84300000,0.98100000,1.32160770,1.10000000,0.79400000,0.59000000,1.45580760,2.29906300,0.91600000,128.92028590
2022-05-05,7.43339520,2.53400000,0.83000000,1.01800000,1.31387900,1.09800000,0.78600000,0.58700000,1.45995520,2.27201520,0.90700000,128.92129800
2022-05-06,7.22825280,2.49000000,0.80800000,1.00700000,1.28627650,1.05700000,0.74500000,0.57300000,1.41122090,2.22728230,0.88000000,128.82514850
2022-05-09,7.16791680,2.50000000,0.80900000,1.03300000,1.26971500,1.06200000,0.75400000,0.58000000,1.42055300,2.19607330,0.87300000,128.90814070
2022-05-10,7.24032000,2.52400000,0.82100000,1.03700000,1.27854780,1.07400000,0.76000000,0.58300000,1.43299580,2.13885680,0.89500000,129.17331090
2022-05-11,7.40926080,2.59100000,0.82600000,1.03200000,1.27523550,1.09800000,0.75600000,0.58600000,1.44129100,2.20543600,0.92500000,129.07513720
2022-05-12,7.45752960,2.62600000,0.82700000,1.04000000,1.26529860,1.08600000,0.74100000,0.58600000,1.43921720,2.14613890,0.92600000,129.14396000
2022-05-13,7.48166400,2.63500000,0.83300000,1.04300000,1.28075600,1.09100000,0.77900000,0.58800000,1.44440170,2.21375840,0.92000000,129.25326680
2022-05-16,7.38512640,2.59200000,0.82400000,1.03900000,1.27192320,1.09400000,0.79000000,0.59000000,1.45373380,2.28033760,0.91500000,129.23808530
2022-05-17,7.42132800,2.57200000,0.83000000,1.05200000,1.28075600,1.12900000,0.77800000,0.59000000,1.46202900,2.30842570,0.93600000,129.38888820
2022-05-18,7.37305920,2.53700000,0.83200000,1.05600000,1.27081910,1.12400000,0.77200000,0.58700000,1.46617660,2.27305550,0.94400000,129.58928400
2022-05-19,7.31272320,2.53200000,0.83000000,1.06300000,1.26529860,1.13600000,0.79100000,0.58500000,1.46617660,2.28241820,0.94800000,129.48402560
2022-05-20,7.52993280,2.60000000,0.84600000,1.06000000,1.28296420,1.17000000,0.78100000,0.59500000,1.49209910,2.38748850,0.96000000,129.41419070
2022-05-23,7.45752960,2.59800000,0.84800000,1.05700000,1.27854780,1.19900000,0.76600000,0.59900000,1.52942750,2.40621390,0.95700000,129.46985620
2022-05-24,7.27652160,2.49300000,0.82500000,1.02100000,1.26529860,1.15700000,0.74600000,0.57700000,1.47343490,2.39164970,0.91900000,129.53260640
2022-05-25,7.32479040,2.49000000,0.82800000,1.03200000,1.26971500,1.16800000,0.75200000,0.60000000,1.49209910,2.44262440,0.92100000,129.63381640
2022-05-26,7.28858880,2.48200000,0.84200000,1.06600000,1.26750680,1.17000000,0.75900000,0.60600000,1.50039430,2.52168720,0.92600000,129.86862360
2022-05-27,7.31272320,2.50500000,0.83900000,1.06300000,1.27633960,1.16500000,0.75500000,0.60100000,1.50454190,2.55081560,0.92600000,129.65001000
2022-05-30,7.44546240,2.50800000,0.83700000,1.07600000,1.26861090,1.17000000,0.74800000,0.60300000,1.50765260,2.52376780,0.93400000,129.49819500
2022-05-31,7.57820160,2.55400000,0.84700000,1.08100000,1.27302730,1.17900000,0.74800000,0.61400000,1.52113230,2.50816330,0.96600000,129.37775510
2022-06-01,7.54200000,2.52900000,0.84400000,1.08700000,1.26529860,1.16300000,0.75000000,0.61500000,1.51698470,2.55393650,0.96700000,129.34131950
2022-06-02,7.54200000,2.51800000,0.84800000,1.11100000,1.25977810,1.18000000,0.73900000,0.61500000,1.55223930,2.48527670,0.98700000,129.32006540
2022-06-06,7.67473920,2.58400000,0.86800000,1.12700000,1.25867400,1.24200000,0.73500000,0.62600000,1.57194040,2.56954100,1.01500000,129.36156150
2022-06-07,7.74714240,2.63800000,0.86800000,1.12400000,1.27413140,1.24100000,0.74400000,0.62400000,1.56053450,2.57162160,1.00300000,129.35548890
2022-06-08,7.89194880,2.66600000,0.88200000,1.11200000,1.27744370,1.26800000,0.73600000,0.62900000,1.57816180,2.71102180,1.00300000,129.32512590
2022-06-09,7.71094080,2.61000000,0.88300000,1.08600000,1.29400520,1.25300000,0.73800000,0.62100000,1.57505110,2.71310240,0.97100000,129.34638000
2022-06-10,7.81954560,2.64300000,0.90500000,1.12200000,1.29842160,1.28400000,0.73900000,0.62900000,1.59060460,2.75575470,0.98900000,129.29982340
2022-06-13,7.69887360,2.60000000,0.89400000,1.12300000,1.27192320,1.31000000,0.71800000,0.62100000,1.57297730,2.72454570,0.97800000,129.29375080
2022-06-14,7.80747840,2.60900000,0.94200000,1.10300000,1.29179700,1.30100000,0.72900000,0.62000000,1.58127250,2.79632640,0.96400000,129.23201270
2022-06-15,7.85574720,2.63400000,0.97100000,1.10900000,1.31387900,1.29300000,0.75000000,0.62600000,1.57608800,2.71726360,0.98900000,129.17432300
2022-06-16,7.89194880,2.66400000,0.93100000,1.11000000,1.29842160,1.29200000,0.74400000,0.64500000,1.56779280,2.61323360,0.98600000,129.16926250
2022-06-17,8.04882240,2.72000000,0.92700000,1.11400000,1.29731750,1.33300000,0.74000000,0.63500000,1.56468210,2.60595150,0.98800000,129.27553300
2022-06-20,8.15742720,2.73100000,0.92200000,1.12700000,1.28848470,1.31900000,0.75500000,0.64100000,1.56986660,2.45406770,0.99700000,129.25933940
2022-06-21,8.07295680,2.71700000,0.91800000,1.10500000,1.30173390,1.26900000,0.75700000,0.64600000,1.57194040,2.45510800,0.99700000,129.24213370
2022-06-22,7.96435200,2.68300000,0.90400000,1.08400000,1.28738060,1.26200000,0.74500000,0.62500000,1.56882970,2.40517360,0.96300000,129.33828320
2022-06-23,8.09709120,2.68700000,0.93700000,1.14500000,1.29510930,1.28500000,0.75900000,0.62800000,1.59060460,2.46447070,0.98100000,129.33828320
2022-06-24,8.27809920,2.75900000,0.93700000,1.17100000,1.29290110,1.27700000,0.75200000,0.63000000,1.61341640,2.45094680,1.00100000,129.34536790
2022-06-27,8.44704000,2.80000000,0.93800000,1.17100000,1.30504620,1.32200000,0.75600000,0.63900000,1.61652710,2.56537980,1.00900000,129.15104470
2022-06-28,8.48324160,2.79900000,0.94700000,1.19700000,1.31167080,1.34500000,0.75100000,0.64400000,1.61652710,2.61843510,1.04300000,129.16622620
2022-06-29,8.37463680,2.77200000,0.92600000,1.16300000,1.31608720,1.28800000,0.77500000,0.63500000,1.58334630,2.58722610,1.01900000,129.26642410
2022-06-30,8.62804800,2.83300000,0.93400000,1.17000000,1.32933640,1.31400000,0.78300000,0.64300000,1.58749390,2.59242760,1.03400000,129.27047250
2022-07-01,8.49530880,2.83500000,0.92400000,1.16700000,1.32381590,1.34200000,0.77800000,0.63200000,1.61030570,2.59034700,1.03100000,129.45467470
2022-07-04,8.59184640,2.95900000,0.92600000,1.20200000,1.31829540,1.36100000,0.77500000,0.63200000,1.61860090,2.57890370,1.01400000,129.23100060
2022-07-05,8.54357760,2.96700000,0.91500000,1.19000000,1.31939950,1.37600000,0.76600000,0.62300000,1.64659720,2.69021580,1.00100000,129.11157280
2022-07-06,8.42290560,2.92600000,0.90600000,1.18200000,1.29842160,1.33700000,0.75000000,0.61200000,1.61860090,2.52168720,1.00600000,129.14902050
2022-07-07,8.39877120,2.88500000,0.90300000,1.20300000,1.29952570,1.34800000,0.75000000,0.60900000,1.62378540,2.53937230,1.00800000,129.15711730
2022-07-08,8.39877120,2.88700000,0.89500000,1.18800000,1.30062980,1.33800000,0.75200000,0.61600000,1.61134260,2.50920360,1.01400000,129.09942760
2022-07-11,8.27809920,2.87200000,0.88600000,1.17800000,1.29842160,1.28200000,0.74100000,0.60600000,1.57816180,2.44262440,0.98700000,129.14497210
2022-07-12,8.12122560,2.78600000,0.89000000,1.15700000,1.30615030,1.26500000,0.74500000,0.60100000,1.58438320,2.45510800,0.96500000,129.22189170
2022-07-13,8.15742720,2.77800000,0.88800000,1.15100000,1.27965190,1.27100000,0.75100000,0.60400000,1.58542010,2.45510800,0.96000000,129.29881130
2022-07-14,8.19362880,2.82800000,0.88200000,1.18100000,1.24873710,1.27100000,0.74000000,0.60200000,1.57090350,2.45510800,0.96700000,129.39900920
2022-07-15,8.14536000,2.77100000,0.85900000,1.16100000,1.24100840,1.24900000,0.70700000,0.58800000,1.53564890,2.43638260,0.96000000,129.57713880
2022-07-18,8.18156160,2.76600000,0.87700000,1.16400000,1.25315350,1.26900000,0.72700000,0.60400000,1.55846070,2.54665440,0.96300000,129.48706190
2022-07-19,8.15742720,2.74700000,0.88400000,1.17000000,1.25977810,1.26400000,0.73000000,0.61300000,1.55638690,2.53729170,0.96700000,129.43848110
2022-07-20,8.22983040,2.77400000,0.88300000,1.21900000,1.26529860,1.27800000,0.73100000,0.61500000,1.57297730,2.52792900,0.97500000,129.49009820
2022-07-21,8.18156160,2.77500000,0.87600000,1.19600000,1.24984120,1.25500000,0.72200000,0.62100000,1.56571900,2.44366470,0.98600000,129.56398150
2022-07-22,8.18156160,2.75700000,0.87600000,1.19500000,1.25204940,1.25200000,0.71900000,0.61100000,1.55431310,2.41453630,0.97400000,129.65810680
2022-07-25,8.18156160,2.73900000,0.86700000,1.18100000,1.25536170,1.24100000,0.72500000,0.60500000,1.52735370,2.43430200,0.96200000,129.67936090
2022-07-26,8.18156160,2.71900000,0.87100000,1.18600000,1.26750680,1.26700000,0.75500000,0.61700000,1.54290720,2.47487370,0.96700000,129.80890970
2022-07-27,8.08502400,2.68600000,0.87000000,1.19700000,1.25977810,1.26700000,0.75200000,0.61100000,1.55016550,2.48423640,0.96300000,129.81801860
2022-07-28,8.12122560,2.67900000,0.87700000,1.21200000,1.25977810,1.26500000,0.75500000,0.61500000,1.54601790,2.53729170,0.99200000,129.79170400
2022-07-29,7.95228480,2.61100000,0.86900000,1.19100000,1.24873710,1.25500000,0.74100000,0.60500000,1.54394410,2.47071250,0.97200000,130.05383790
2022-08-01,8.00055360,2.61900000,0.86000000,1.19000000,1.23769610,1.27700000,0.73500000,0.60500000,1.53150130,2.51336480,0.99400000,130.25119740
2022-08-02,7.83161280,2.55200000,0.83500000,1.17400000,1.22003050,1.23100000,0.71200000,0.58300000,1.49313600,2.43638260,0.97600000,130.43641170
2022-08-03,7.79541120,2.56500000,0.83100000,1.22600000,1.20567720,1.22300000,0.69600000,0.57700000,1.47239800,2.41661690,0.98900000,130.39187930
2022-08-04,7.89194880,2.63000000,0.83600000,1.20000000,1.21561410,1.23300000,0.70100000,0.58200000,1.47861940,2.40101240,1.00100000,130.54571850
2022-08-05,7.97641920,2.67600000,0.85700000,1.20500000,1.22886330,1.26900000,0.71300000,0.59900000,1.50350500,2.38020640,1.05000000,130.35341950
2022-08-08,7.92815040,2.67700000,0.85800000,1.23000000,1.22444690,1.27300000,0.71600000,0.59800000,1.52527990,2.45510800,1.04700000,130.37872200
2022-08-09,7.91608320,2.64800000,0.85500000,1.24900000,1.21671820,1.28500000,0.71300000,0.59400000,1.53253820,2.53313050,1.05000000,130.29168140
2022-08-10,7.80747840,2.60400000,0.85200000,1.25100000,1.20788540,1.28700000,0.70900000,0.58900000,1.52631680,2.50192150,1.03800000,130.34532270
2022-08-11,7.91608320,2.66400000,0.89800000,1.25400000,1.22996740,1.29200000,0.72000000,0.60900000,1.53461200,2.51648570,1.07300000,130.30989920
2022-08-12,7.94021760,2.66700000,0.89400000,1.22700000,1.23217560,1.29100000,0.72300000,0.61500000,1.53357510,2.57786340,1.04900000,130.31293550
2022-08-15,7.89194880,2.63800000,0.88800000,1.22900000,1.21671820,1.31400000,0.72200000,0.60800000,1.54394410,2.62467690,1.04300000,130.76838050
2022-08-16,7.81954560,2.60700000,0.88800000,1.23100000,1.21892640,1.29500000,0.73400000,0.60400000,1.54912860,2.63195900,1.03300000,130.94954640
2022-08-17,7.89194880,2.62400000,0.90300000,1.22800000,1.22996740,1.28000000,0.74400000,0.61300000,1.53979650,2.62883810,1.04800000,130.97990940
2022-08-18,7.79541120,2.59100000,0.89700000,1.23700000,1.21782230,1.27100000,0.73600000,0.60300000,1.52320610,2.59450820,1.05500000,131.06695000
2022-08-19,7.73507520,2.57400000,0.89200000,1.21100000,1.22113460,1.24200000,0.74400000,0.60900000,1.51802160,2.64340230,1.03100000,131.15702690
2022-08-22,7.79541120,2.57600000,0.89000000,1.22700000,1.22113460,1.29300000,0.75000000,0.61800000,1.54601790,2.70582030,1.03900000,131.16309950
2022-08-23,7.73507520,2.54300000,0.89300000,1.22000000,1.21230180,1.28600000,0.74400000,0.60900000,1.53253820,2.76927860,1.03200000,131.07201050
2022-08-24,7.62647040,2.50700000,0.88100000,1.17200000,1.20567720,1.25000000,0.73100000,0.60200000,1.50039430,2.75159350,0.98700000,131.04164750
2022-08-25,7.71094080,2.52100000,0.89600000,1.17500000,1.22113460,1.25000000,0.73900000,0.60400000,1.50039430,2.90451760,0.98500000,130.95663110
2022-08-26,7.78334400,2.53900000,0.88900000,1.15300000,1.22444690,1.25700000,0.73300000,0.60300000,1.49209910,2.82753540,0.97700000,130.89691720
2022-08-29,7.72300800,2.52000000,0.88400000,1.17600000,1.21230180,1.24800000,0.73400000,0.60000000,1.50143120,2.88059070,0.97500000,130.90501400
2022-08-30,7.67473920,2.50200000,0.88300000,1.16600000,1.21671820,1.23700000,0.74000000,0.60600000,1.49624670,2.72974720,0.97100000,131.02241760
2022-08-31,7.75920960,2.52700000,0.88700000,1.13700000,1.23217560,1.19400000,0.73800000,0.60600000,1.46721350,2.66212770,0.95800000,131.07504680
2022-09-01,7.65060480,2.51500000,0.87900000,1.13200000,1.23107150,1.18100000,0.74800000,0.59200000,1.46410280,2.73286810,0.94900000,131.08820410
2022-09-02,7.56613440,2.49500000,0.87500000,1.14800000,1.22996740,1.17200000,0.74600000,0.60300000,1.45995520,2.70478000,0.95900000,131.24406750
2022-09-05,7.44546240,2.46000000,0.88100000,1.15100000,1.23217560,1.17700000,0.75700000,0.59500000,1.47758250,2.83689810,0.95100000,131.29872090
2022-09-06,7.52993280,2.46600000,0.89100000,1.18200000,1.23107150,1.21400000,0.77200000,0.59600000,1.49832050,2.89619520,0.96000000,131.25418850
2022-09-07,7.46959680,2.44700000,0.88600000,1.19200000,1.22223870,1.23100000,0.77200000,0.58500000,1.50246810,2.88891310,0.97000000,131.26026110
2022-09-08,7.48166400,2.44200000,0.88300000,1.20600000,1.22775920,1.21900000,0.77200000,0.58200000,1.51491090,2.84313990,0.96000000,131.21168030
2022-09-09,7.59026880,2.48800000,0.89900000,1.20000000,1.24873710,1.25100000,0.79800000,0.58500000,1.51698470,2.87330860,0.96100000,131.09933720
2022-09-13,7.59026880,2.45600000,0.89600000,1.21100000,1.25756990,1.25600000,0.78000000,0.58600000,1.50868950,2.83169660,0.96300000,130.99205460
2022-09-14,7.56613440,2.44800000,0.88600000,1.22100000,1.24873710,1.23800000,0.77900000,0.57900000,1.49002530,2.79216520,0.95400000,130.87768730
2022-09-15,7.54200000,2.43600000,0.88300000,1.18600000,1.25977810,1.19800000,0.79600000,0.57600000,1.47447180,2.80360850,0.93200000,130.87262680
2022-09-16,7.37305920,2.36900000,0.83400000,1.18100000,1.23990430,1.15900000,0.76500000,0.56500000,1.43506960,2.66732920,0.92100000,130.75623530
2022-09-19,7.36099200,2.34800000,0.82300000,1.15900000,1.24100840,1.15800000,0.76600000,0.55300000,1.41433160,2.67981280,0.90500000,130.77141680
2022-09-20,7.40926080,2.34500000,0.82300000,1.16300000,1.23107150,1.19500000,0.75400000,0.55600000,1.42677440,2.71934420,0.90300000,130.91715920
2022-09-21,7.28858880,2.29600000,0.82400000,1.15900000,1.23438380,1.20400000,0.76400000,0.55800000,1.44647550,2.74639200,0.89400000,130.94347380
2022-09-22,7.16791680,2.24100000,0.82100000,1.18200000,1.22996740,1.20300000,0.75200000,0.55000000,1.43818030,2.82753540,0.88600000,130.94043750
2022-09-23,7.13171520,2.22700000,0.82100000,1.17500000,1.23659200,1.17300000,0.74500000,0.54000000,1.42573750,2.76407710,0.86900000,130.81190080
2022-09-26,7.20411840,2.20200000,0.80400000,1.13900000,1.21892640,1.14500000,0.73600000,0.53100000,1.38115080,2.68189340,0.86200000,130.50624660
2022-09-27,7.42132800,2.30100000,0.81100000,1.15200000,1.22223870,1.14600000,0.74600000,0.54800000,1.39463050,2.67149040,0.87600000,130.50827080
2022-09-28,7.36099200,2.28200000,0.79600000,1.11000000,1.22223870,1.08400000,0.72700000,0.53900000,1.35211760,2.63820080,0.85400000,130.46475050
2022-09-29,7.38512640,2.33700000,0.78600000,1.11800000,1.20898950,1.09800000,0.71400000,0.52800000,1.34797000,2.69853820,0.85300000,130.24107640
2022-09-30,7.32479040,2.33800000,0.78300000,1.08600000,1.21561410,1.08800000,0.72200000,0.52800000,1.34071170,2.70165910,0.84000000,130.33823800
2022-10-10,7.08344640,2.27300000,0.77500000,1.06400000,1.20236490,1.06700000,0.72400000,0.51400000,1.33137960,2.74535170,0.79600000,130.55077900
2022-10-11,7.08344640,2.25600000,0.78200000,1.07000000,1.19794850,1.08200000,0.71000000,0.51300000,1.33656410,2.72454570,0.79300000,130.72182390
2022-10-12,7.09551360,2.26800000,0.79900000,1.09200000,1.20015670,1.10300000,0.72200000,0.52400000,1.35626520,2.73806960,0.82100000,130.63275910
2022-10-13,7.10758080,2.33100000,0.79600000,1.09900000,1.18249110,1.08900000,0.71300000,0.52500000,1.34900690,2.62155600,0.82200000,130.72081180
2022-10-14,7.36099200,2.52000000,0.80900000,1.12400000,1.19463620,1.12100000,0.71600000,0.53700000,1.37596630,2.64236200,0.84600000,131.01634500
2022-10-17,7.40926080,2.54700000,0.81200000,1.15500000,1.19242800,1.11400000,0.71600000,0.54100000,1.38944600,2.60907240,0.86300000,130.82910650
2022-10-18,7.38512640,2.58400000,0.81000000,1.15500000,1.18911570,1.10900000,0.70700000,0.53900000,1.38633530,2.61427390,0.85700000,130.80987660
2022-10-19,7.22825280,2.53100000,0.80200000,1.14800000,1.17917880,1.09900000,0.70300000,0.53100000,1.36974490,2.61219330,0.84700000,130.90400190
2022-10-20,7.16791680,2.53500000,0.80500000,1.15000000,1.17476240,1.08700000,0.69900000,0.53500000,1.35937590,2.56017830,0.86800000,130.81291290
2022-10-21,7.11964800,2.54900000,0.80800000,1.15200000,1.17145010,1.07500000,0.69800000,0.52600000,1.36456040,2.56850070,0.85700000,130.82809440
2022-10-24,6.83003520,2.47400000,0.79200000,1.19000000,1.13722300,1.07300000,0.67200000,0.51000000,1.36767110,2.51336480,0.84900000,130.94043750
2022-10-25,6.78176640,2.43900000,0.77800000,1.19300000,1.13611890,1.07100000,0.66500000,0.50600000,1.36870800,2.48527670,0.84600000,130.86149370
2022-10-26,6.92657280,2.55000000,0.78400000,1.20600000,1.12507790,1.08200000,0.66200000,0.51500000,1.37596630,2.46239010,0.86800000,130.86756630
2022-10-27,6.86623680,2.57700000,0.78700000,1.20300000,1.12618200,1.08900000,0.66600000,0.52300000,1.36870800,2.46759160,0.86900000,130.95966740
2022-10-28,6.63696000,2.52000000,0.77000000,1.17900000,1.11514100,1.05000000,0.64100000,0.50600000,1.31064160,2.45614830,0.84500000,131.14285750
2022-10-31,6.60075840,2.52900000,0.77000000,1.21000000,1.09968360,1.04000000,0.62200000,0.51100000,1.30960470,2.36564220,0.86100000,131.23698280
2022-11-01,6.96277440,2.60800000,0.79300000,1.20000000,1.11845330,1.08600000,0.63500000,0.52800000,1.33967480,2.37916610,0.87700000,131.10439770
2022-11-02,7.11964800,2.65500000,0.79500000,1.19600000,1.11845330,1.10300000,0.64200000,0.54000000,1.34382240,2.41141540,0.88600000,130.98598200
2022-11-03,7.05931200,2.64600000,0.79100000,1.20100000,1.11072460,1.09400000,0.63600000,0.53500000,1.35626520,2.39581090,0.89500000,131.10439770
2022-11-04,7.32479040,2.69200000,0.81600000,1.20800000,1.12949430,1.14700000,0.65400000,0.54600000,1.39255670,2.48735730,0.91200000,130.97889730
2022-11-07,7.32479040,2.69100000,0.81500000,1.18600000,1.12839020,1.17400000,0.65800000,0.55500000,1.40396260,2.52792900,0.90800000,130.97788520
2022-11-08,7.21618560,2.64800000,0.81000000,1.18700000,1.12839020,1.17700000,0.66100000,0.55500000,1.41433160,2.51752600,0.89800000,131.00723610
2022-11-09,7.15584960,2.64800000,0.80700000,1.17700000,1.12839020,1.17300000,0.67400000,0.55200000,1.41951610,2.47903490,0.88800000,131.07707100
2022-11-10,7.17998400,2.63200000,0.81200000,1.15300000,1.13059840,1.14800000,0.67200000,0.56700000,1.42366370,2.48007520,0.86500000,130.98496990
2022-11-11,7.34892480,2.64000000,0.83300000,1.16400000,1.16924190,1.18000000,0.72400000,0.56900000,1.43299580,2.53313050,0.88100000,130.72992070
2022-11-14,7.32479040,2.72700000,0.83800000,1.14900000,1.19242800,1.15900000,0.72700000,0.57100000,1.41433160,2.46863190,0.88600000,130.37973410
2022-11-15,7.42132800,2.73400000,0.86900000,1.16900000,1.19684440,1.17400000,0.73400000,0.57900000,1.42781130,2.49151850,0.93600000,130.23702800
2022-11-16,7.40926080,2.72500000,0.85500000,1.17100000,1.18690750,1.15800000,0.72200000,0.58700000,1.41744230,2.50400210,0.92500000,130.03562010
2022-11-17,7.37305920,2.73000000,0.85900000,1.17900000,1.18028290,1.14100000,0.72300000,0.60300000,1.40914710,2.41557660,0.93500000,130.19654400
2022-11-18,7.39719360,2.76100000,0.84800000,1.16000000,1.17476240,1.12400000,0.71700000,0.60100000,1.39670430,2.38436760,0.92200000,130.12569700
2022-11-21,7.30065600,2.75500000,0.83200000,1.17000000,1.17034600,1.12500000,0.71300000,0.58700000,1.39670430,2.37396460,0.91700000,130.36758890
2022-11-22,7.24032000,2.68200000,0.83400000,1.17200000,1.18911570,1.11600000,0.70600000,0.58100000,1.40188880,2.38228700,0.90600000,130.42224230
2022-11-23,7.16791680,2.63400000,0.83400000,1.16600000,1.19242800,1.12200000,0.70600000,0.57600000,1.41433160,2.41141540,0.90100000,130.64490430
2022-11-24,7.10758080,2.64500000,0.83100000,1.15600000,1.19463620,1.12800000,0.71800000,0.57100000,1.41536850,2.43014080,0.89200000,130.80684030
2022-11-25,7.13171520,2.62700000,0.83900000,1.13700000,1.22113460,1.12100000,0.75100000,0.57200000,1.42366370,2.48735730,0.88500000,130.56090000
2022-11-28,7.08344640,2.58200000,0.82700000,1.13600000,1.20236490,1.10400000,0.75100000,0.57200000,1.40499950,2.45302740,0.87300000,130.32103230
2022-11-29,7.30065600,2.64800000,0.85800000,1.13700000,1.25315350,1.12400000,0.82600000,0.58800000,1.42158990,2.49567970,0.88800000,129.96780940
2022-11-30,7.33685760,2.63600000,0.85500000,1.13400000,1.24652890,1.12800000,0.79600000,0.58700000,1.41433160,2.52792900,0.88500000,130.06294680
2022-12-01,7.45752960,2.65800000,0.86200000,1.14800000,1.24100840,1.14900000,0.79300000,0.59500000,1.42158990,2.50296180,0.89800000,130.13784220
2022-12-02,7.44546240,2.64900000,0.85700000,1.13300000,1.23327970,1.13200000,0.77400000,0.60000000,1.40914710,2.47175280,0.89000000,130.17731410
2022-12-05,7.51786560,2.66600000,0.88500000,1.13700000,1.26419450,1.15400000,0.77900000,0.61400000,1.44440170,2.51232450,0.90200000,130.11962440
2022-12-06,7.57820160,2.62500000,0.88100000,1.14300000,1.26309040,1.15600000,0.78000000,0.60600000,1.44129100,2.50920360,0.91100000,129.98501510
2022-12-07,7.63853760,2.65800000,0.87600000,1.13500000,1.25315350,1.14800000,0.76400000,0.61000000,1.43506960,2.45822890,0.90400000,129.90809550
2022-12-08,7.62647040,2.65200000,0.87500000,1.11800000,1.25867400,1.14600000,0.77700000,0.60900000,1.42988510,2.45302740,0.89100000,130.09634610
2022-12-09,7.69887360,2.65700000,0.87900000,1.11300000,1.27081910,1.17300000,0.79500000,0.60500000,1.45062310,2.46655130,0.89600000,129.98501510
2022-12-12,7.67473920,2.70000000,0.85900000,1.12200000,1.24873710,1.13700000,0.76700000,0.59700000,1.41018400,2.40621390,0.91200000,130.00626920
2022-12-13,7.66267200,2.66100000,0.85900000,1.10200000,1.25756990,1.13800000,0.77400000,0.60000000,1.42262680,2.41661690,0.89700000,129.70567550
2022-12-14,7.71094080,2.64900000,0.86500000,1.09500000,1.26198630,1.13500000,0.76500000,0.60300000,1.41225780,2.43846320,0.89500000,129.97388200
2022-12-15,7.71094080,2.63600000,0.85900000,1.10000000,1.24763300,1.14100000,0.77700000,0.59900000,1.40707330,2.39164970,0.90800000,130.05586210
2022-12-16,7.71094080,2.66200000,0.85600000,1.08500000,1.26088220,1.11500000,0.77700000,0.59500000,1.41536850,2.39685120,0.89500000,130.02347490
2022-12-19,7.59026880,2.56900000,0.83300000,1.07100000,1.24100840,1.10400000,0.77500000,0.58300000,1.37907700,2.33963470,0.87300000,130.21374970
2022-12-20,7.38512640,2.52000000,0.82900000,1.07200000,1.22444690,1.08900000,0.74200000,0.57200000,1.37492940,2.32507050,0.87100000,130.22589490
2022-12-21,7.42132800,2.51000000,0.82800000,1.05500000,1.22996740,1.08200000,0.74000000,0.57600000,1.36974490,2.31258690,0.86100000,130.15504790
2022-12-22,7.51786560,2.51300000,0.82700000,1.04500000,1.23438380,1.06300000,0.73700000,0.58000000,1.35004380,2.25953160,0.85900000,130.19654400
2022-12-23,7.52993280,2.53200000,0.82600000,1.03300000,1.22996740,1.05900000,0.73400000,0.59000000,1.34693310,2.26265250,0.85000000,130.23500380
2022-12-26,7.51786560,2.54300000,0.82500000,1.06400000,1.22555100,1.07300000,0.72600000,0.59000000,1.35833900,2.27513610,0.86600000,130.18338670
2022-12-27,7.57820160,2.54500000,0.83600000,1.07200000,1.24542480,1.08700000,0.73200000,0.59100000,1.36982290,2.32074300,0.87200000,130.19755610
2022-12-28,7.56613440,2.55600000,0.83200000,1.05900000,1.25646580,1.07700000,0.73400000,0.59300000,1.37087580,2.30378780,0.86400000,130.38479460
2022-12-29,7.55406720,2.61100000,0.82800000,1.07700000,1.25094530,1.07100000,0.71600000,0.58800000,1.35613520,2.25292220,0.86200000,130.45665370
2022-12-30,7.60233600,2.60900000,0.83200000,1.07600000,1.25977810,1.06300000,0.72000000,0.59900000,1.34981780,2.25610130,0.85900000,130.66615840
2023-01-03,7.55406720,2.62400000,0.82900000,1.10000000,1.26529860,1.09200000,0.72600000,0.61500000,1.36771710,2.27199680,0.87200000,130.62871070
2023-01-04,7.54200000,2.64000000,0.83000000,1.09600000,1.28848470,1.07300000,0.75500000,0.62200000,1.37087580,2.22219090,0.86300000,130.85238480
2023-01-05,7.77127680,2.69600000,0.84600000,1.10200000,1.28848470,1.08600000,0.75600000,0.63200000,1.37403450,2.22960880,0.87500000,130.78457410
2023-01-06,7.73507520,2.67700000,0.84600000,1.09600000,1.28627650,1.10300000,0.74400000,0.61700000,1.38772220,2.25716100,0.87300000,130.51737970
2023-01-09,7.79541120,2.70000000,0.86200000,1.08300000,1.28848470,1.13500000,0.73800000,0.62800000,1.39403960,2.27623560,0.87600000,130.52041600
2023-01-10,7.89194880,2.71800000,0.85900000,1.07300000,1.27302730,1.13600000,0.73700000,0.63600000,1.38351060,2.25186250,0.88200000,130.44450850
2023-01-11,7.85574720,2.69300000,0.85500000,1.06100000,1.28296420,1.13100000,0.74200000,0.62200000,1.38666930,2.34935490,0.87200000,130.30787500
2023-01-12,7.80747840,2.69000000,0.86200000,1.06500000,1.28517240,1.13800000,0.72800000,0.62400000,1.38140480,2.34087730,0.87100000,130.34329850
2023-01-13,7.96435200,2.73800000,0.87900000,1.06200000,1.29731750,1.14500000,0.73400000,0.63300000,1.38877510,2.33663850,0.87300000,130.37163730
2023-01-16,8.18156160,2.84000000,0.90900000,1.07900000,1.30062980,1.15500000,0.73600000,0.63200000,1.40140990,2.34193700,0.89600000,130.26739100
2023-01-17,8.12122560,2.81600000,0.91800000,1.08800000,1.30062980,1.15200000,0.73400000,0.62400000,1.39403960,2.31862360,0.91000000,130.27649990
2023-01-18,8.02468800,2.79300000,0.91400000,1.09200000,1.30062980,1.16100000,0.72900000,0.63300000,1.40140990,2.33875790,0.91300000,130.25727000
2023-01-19,8.07295680,2.84800000,0.93400000,1.11000000,1.30283800,1.16800000,0.73400000,0.64000000,1.41088600,2.36101160,0.93300000,130.28662090
2023-01-20,8.03675520,2.85800000,0.92900000,1.11800000,1.30394210,1.20500000,0.73700000,0.64400000,1.43615560,2.40233990,0.93500000,130.41313340
2023-01-30,8.04882240,2.84400000,0.92100000,1.14300000,1.31056670,1.21500000,0.73200000,0.64200000,1.45510780,2.37160860,0.94600000,130.41313340
2023-01-31,7.90401600,2.77100000,0.91800000,1.14700000,1.29621340,1.22100000,0.74600000,0.64500000,1.46037230,2.38220560,0.92800000,130.39693980
2023-02-01,7.97641920,2.79000000,0.93900000,1.15900000,1.29179700,1.25700000,0.74200000,0.65300000,1.48564190,2.38962350,0.94400000,130.44653270
2023-02-02,8.02468800,2.81000000,0.92100000,1.14300000,1.28296420,1.24600000,0.74400000,0.66000000,1.47721870,2.40339960,0.95200000,130.53256120
2023-02-03,7.94021760,2.79300000,0.91400000,1.15700000,1.27081910,1.22900000,0.73400000,0.66800000,1.46458390,2.37372800,0.95700000,130.57911780
2023-02-06,7.79541120,2.74200000,0.89600000,1.14800000,1.25646580,1.20400000,0.72100000,0.67200000,1.44773750,2.37372800,0.94500000,130.51636760
2023-02-07,7.81954560,2.73600000,0.90000000,1.14300000,1.26309040,1.21100000,0.73200000,0.68600000,1.45721360,2.37160860,0.94500000,130.53559750
2023-02-08,7.79541120,2.72900000,0.89100000,1.12400000,1.26088220,1.20500000,0.73100000,0.67100000,1.44984330,2.35677280,0.93400000,130.57911780
2023-02-09,7.90401600,2.76200000,0.90600000,1.14800000,1.26419450,1.21100000,0.73800000,0.68700000,1.46142520,2.36419070,0.96900000,130.58923880
2023-02-10,7.89194880,2.76000000,0.89800000,1.13700000,1.26419450,1.19300000,0.74400000,0.68800000,1.45089620,2.33239970,0.96200000,130.64085590
2023-02-13,8.01262080,2.78700000,0.90300000,1.14400000,1.25646580,1.19200000,0.74600000,0.69400000,1.46458390,2.32498180,0.96600000,130.65097690
2023-02-14,8.01262080,2.78600000,0.90000000,1.13800000,1.25756990,1.20200000,0.74600000,0.68800000,1.47721870,2.33875790,0.96700000,130.65502530
2023-02-15,7.94021760,2.76000000,0.89200000,1.14400000,1.24763300,1.18900000,0.73200000,0.70100000,1.46668970,2.31438480,0.98500000,130.66109790
2023-02-16,7.94021760,2.73600000,0.88800000,1.12300000,1.24763300,1.15900000,0.72400000,0.69800000,1.44879040,2.28047440,0.96400000,130.64895270
2023-02-17,7.87988160,2.74200000,0.87200000,1.11200000,1.23880020,1.15500000,0.72200000,0.67800000,1.44879040,2.32816090,0.93500000,130.66413420
2023-02-20,8.03675520,2.76700000,0.90600000,1.11600000,1.26861090,1.17700000,0.73300000,0.70400000,1.47932450,2.38432500,0.95100000,130.56899680
2023-02-21,8.03675520,2.76000000,0.90800000,1.12500000,1.26971500,1.20400000,0.73900000,0.69400000,1.51301730,2.44790700,0.95100000,130.52750070
2023-02-22,8.00055360,2.74900000,0.89900000,1.12900000,1.26198630,1.18700000,0.73300000,0.68600000,1.51407020,2.46062340,0.94700000,130.55280320
2023-02-23,7.94021760,2.73100000,0.90600000,1.12200000,1.26309040,1.19500000,0.73700000,0.67500000,1.50985860,2.47651890,0.94500000,130.55077900
2023-02-24,7.85574720,2.71400000,0.89300000,1.14000000,1.25204940,1.17500000,0.72800000,0.67400000,1.50985860,2.46592190,0.93900000,130.55381530
2023-02-27,7.85574720,2.69200000,0.88100000,1.13500000,1.24652890,1.16600000,0.72700000,0.66300000,1.49511800,2.47969800,0.92400000,130.53256120
2023-02-28,7.91608320,2.72600000,0.88900000,1.13700000,1.25094530,1.17000000,0.73300000,0.67100000,1.50354120,2.45638460,0.93900000,130.51434340
2023-03-01,7.95228480,2.73200000,0.90000000,1.14400000,1.26309040,1.18600000,0.73800000,0.69800000,1.50985860,2.46380250,0.95100000,130.52345230
2023-03-02,7.86781440,2.70200000,0.89900000,1.14500000,1.26750680,1.16800000,0.73200000,0.70900000,1.51933470,2.46698160,0.94500000,130.55179110
2023-03-03,7.85574720,2.70100000,0.90500000,1.16800000,1.27965190,1.16700000,0.73500000,0.70600000,1.52775790,2.46910100,0.95200000,130.53458540
2023-03-06,7.83161280,2.71000000,0.89100000,1.17500000,1.26088220,1.16700000,0.72400000,0.70100000,1.50775280,2.41399660,0.95500000,130.62466230
2023-03-07,7.69887360,2.66900000,0.87600000,1.15000000,1.25977810,1.15600000,0.70900000,0.68400000,1.49195930,2.42141450,0.92800000,130.72587230
2023-03-08,7.66267200,2.64900000,0.87400000,1.16600000,1.25204940,1.14600000,0.71200000,0.69400000,1.49406510,2.40763840,0.93400000,130.79570720
2023-03-09,7.61440320,2.65200000,0.87100000,1.15600000,1.24542480,1.14600000,0.71100000,0.69200000,1.49722380,2.39492200,0.93700000,130.81493710
2023-03-10,7.49373120,2.64500000,0.86000000,1.13800000,1.22996740,1.12800000,0.69900000,0.68000000,1.46247810,2.34617580,0.92600000,130.86453000
2023-03-13,7.55406720,2.65000000,0.86300000,1.15000000,1.23107150,1.13800000,0.69500000,0.69900000,1.47090130,2.37054890,0.93700000,130.85946950
2023-03-14,7.51786560,2.63200000,0.85500000,1.14400000,1.22334280,1.13300000,0.69000000,0.69500000,1.46353100,2.33239970,0.94100000,130.90298980
2023-03-15,7.48166400,2.64200000,0.86000000,1.14200000,1.23438380,1.12900000,0.69900000,0.69200000,1.48880060,2.33769820,0.94400000,130.87161470
2023-03-16,7.44546240,2.61900000,0.85300000,1.11200000,1.23659200,1.09300000,0.69300000,0.69700000,1.44879040,2.25928040,0.93400000,130.93132860
2023-03-17,7.34892480,2.58600000,0.86800000,1.12100000,1.23548790,1.10000000,0.70000000,0.73000000,1.45721360,2.27623560,0.95400000,131.00217560
2023-03-20,7.26445440,2.54200000,0.85900000,1.10700000,1.22996740,1.11100000,0.69200000,0.75000000,1.42667950,2.26563860,0.97600000,131.08820410
2023-03-21,7.46959680,2.61500000,0.86600000,1.12900000,1.22775920,1.12600000,0.69500000,0.76600000,1.42141500,2.26987740,0.97500000,131.02545390
2023-03-22,7.46959680,2.62700000,0.86000000,1.12600000,1.23769610,1.12200000,0.70100000,0.78900000,1.41930920,2.28047440,0.99300000,131.01938130
2023-03-23,7.46959680,2.62600000,0.86900000,1.13500000,1.24652890,1.13300000,0.69900000,0.78700000,1.41299180,2.30378780,1.03500000,130.99306670
2023-03-24,7.45752960,2.59100000,0.87300000,1.12600000,1.23548790,1.13000000,0.70000000,0.82000000,1.40562150,2.28259380,1.03800000,130.93841330
2023-03-27,7.45752960,2.61300000,0.87600000,1.11400000,1.22334280,1.12800000,0.68800000,0.82800000,1.38877510,2.30272810,1.02200000,130.94853430
2023-03-28,7.48166400,2.62400000,0.86800000,1.09700000,1.22775920,1.11200000,0.68000000,0.81400000,1.37929900,2.28789230,0.99400000,130.97282470
2023-03-29,7.49373120,2.61900000,0.86500000,1.08600000,1.22334280,1.10700000,0.67800000,0.80600000,1.37614030,2.27835500,1.01300000,131.00116350
2023-03-30,7.59026880,2.62800000,0.86800000,1.08800000,1.23438380,1.11700000,0.68100000,0.79900000,1.38351060,2.34723550,1.01400000,131.03658700
2023-03-31,7.55406720,2.63600000,0.86700000,1.09100000,1.22775920,1.12600000,0.67800000,0.84600000,1.39403960,2.34193700,1.02400000,131.04670800
2023-04-03,7.51786560,2.60400000,0.90200000,1.10900000,1.22886330,1.13200000,0.69200000,0.88700000,1.39719830,2.34511610,1.06000000,131.03658700
2023-04-04,7.54200000,2.63500000,0.90600000,1.10700000,1.23438380,1.12500000,0.68800000,0.88200000,1.39825120,2.34617580,1.07300000,131.08111940
2023-04-06,7.48166400,2.65000000,0.89900000,1.12200000,1.22886330,1.14000000,0.68600000,0.85800000,1.39509250,2.30378780,1.10500000,131.12160340
2023-04-07,7.59026880,2.72700000,0.91000000,1.12500000,1.23327970,1.13400000,0.71100000,0.89000000,1.40246280,2.29425050,1.11800000,131.15500270
2023-04-10,7.54200000,2.73400000,0.90100000,1.11700000,1.23548790,1.14000000,0.70500000,0.84300000,1.39719830,2.26775800,1.08300000,131.26633370
2023-04-11,7.51786560,2.73800000,0.91000000,1.10900000,1.23438380,1.16600000,0.71300000,0.89000000,1.40983310,2.25928040,1.08300000,131.31187820
2023-04-12,7.40926080,2.71000000,0.91300000,1.11100000,1.23659200,1.17200000,0.71200000,0.93900000,1.42878530,2.27729530,1.10700000,131.34527750
2023-04-13,7.44546240,2.77000000,0.90200000,1.10700000,1.24873710,1.16000000,0.71100000,0.92000000,1.41720340,2.26351920,1.06400000,131.31592660
2023-04-14,7.44546240,2.76400000,0.90000000,1.10900000,1.25204940,1.19600000,0.70900000,0.89800000,1.43299690,2.27305650,1.08900000,131.28050310
2023-04-17,7.52993280,2.78000000,0.92600000,1.11200000,1.27413140,1.20800000,0.70800000,0.86300000,1.44247300,2.32180270,1.07800000,131.25216430
2023-04-18,7.51786560,2.74300000,0.92300000,1.10700000,1.28848470,1.20700000,0.70300000,0.87000000,1.43510270,2.39068320,1.07100000,131.30580560
2023-04-19,7.43339520,2.71800000,0.90900000,1.09900000,1.28848470,1.20200000,0.68900000,0.87100000,1.42983820,2.36101160,1.06700000,131.38272520
2023-04-20,7.32479040,2.68600000,0.91200000,1.09200000,1.28406830,1.17600000,0.68300000,0.92200000,1.41299180,2.34511610,1.09300000,131.36248320
2023-04-21,7.25238720,2.67000000,0.87700000,1.09100000,1.26861090,1.15300000,0.67100000,0.87600000,1.38772220,2.30696690,1.03700000,131.42219710
2023-04-24,7.16791680,2.66000000,0.86200000,1.07700000,1.26088220,1.12500000,0.66100000,0.90900000,1.36350550,2.27517590,1.01800000,131.45559640
2023-04-25,7.10758080,2.59500000,0.86600000,1.05600000,1.27965190,1.09000000,0.65200000,0.93300000,1.34244750,2.24868340,0.99500000,131.46571740
2023-04-26,7.14378240,2.60900000,0.86400000,1.06600000,1.26971500,1.10300000,0.65000000,0.92200000,1.35192360,2.27835500,0.96700000,131.46672950
2023-04-27,7.20411840,2.63100000,0.87100000,1.08800000,1.26861090,1.10300000,0.65200000,0.88000000,1.35613520,2.27517590,0.96200000,131.65194380
2023-04-28,7.25238720,2.63400000,0.88800000,1.09100000,1.28186010,1.11300000,0.65900000,0.96100000,1.36771710,2.29954900,0.98100000,131.70963350
2023-05-04,7.21618560,2.66700000,0.89900000,1.09000000,1.31608720,1.11300000,0.65500000,1.01900000,1.37192870,2.30484750,0.96100000,131.82298870
2023-05-05,7.14378240,2.61200000,0.91200000,1.07700000,1.33044050,1.09200000,0.67500000,0.99200000,1.36455840,2.29425050,0.94600000,132.05779590
2023-05-08,7.13171520,2.62800000,0.93200000,1.11200000,1.38785370,1.10900000,0.67300000,0.98400000,1.39825120,2.37054890,0.94900000,131.99302150
2023-05-09,7.08344640,2.59300000,0.94100000,1.09200000,1.36797990,1.09100000,0.67100000,0.95600000,1.39719830,2.36419070,0.94500000,132.04160230
2023-05-10,7.09551360,2.59200000,0.91500000,1.08300000,1.32933640,1.09900000,0.66500000,0.94600000,1.39193380,2.34935490,0.93700000,132.21365930
2023-05-11,7.05931200,2.58100000,0.91400000,1.07300000,1.32602410,1.09100000,0.66500000,0.96600000,1.39509250,2.36207130,0.93800000,132.39381310
2023-05-12,6.99897600,2.57000000,0.90200000,1.05700000,1.31056670,1.05500000,0.66000000,0.91700000,1.36771710,2.32392210,0.92600000,132.32195400
2023-05-15,7.09551360,2.61200000,0.91500000,1.08800000,1.32712820,1.09400000,0.65800000,0.90200000,1.38351060,2.36948920,0.93400000,132.39280100
2023-05-16,7.07137920,2.64000000,0.90800000,1.08100000,1.32381590,1.08700000,0.65100000,0.86600000,1.36982290,2.36313100,0.93600000,132.32195400
2023-05-17,7.01104320,2.61600000,0.90400000,1.10800000,1.31498310,1.07800000,0.64900000,0.87200000,1.37192870,2.34405640,0.94600000,132.30980880
2023-05-18,6.97484160,2.59700000,0.90200000,1.10600000,1.32602410,1.07800000,0.64400000,0.89800000,1.36771710,2.35677280,0.95200000,132.26932480
2023-05-19,7.05931200,2.62100000,0.88900000,1.10700000,1.30835850,1.06700000,0.63500000,0.87700000,1.36139970,2.33769820,0.96800000,132.35636540
2023-05-22,7.16791680,2.64000000,0.88700000,1.10000000,1.31167080,1.06900000,0.63400000,0.85900000,1.36771710,2.31650420,0.95800000,132.51931350
2023-05-23,7.09551360,2.65100000,0.87400000,1.08200000,1.28738060,1.05200000,0.62700000,0.84300000,1.35192360,2.29848930,0.94600000,132.84824600
2023-05-24,7.01104320,2.61000000,0.86200000,1.07700000,1.26088220,1.04700000,0.61000000,0.85000000,1.32981270,2.26669830,0.94100000,132.77031430
2023-05-25,6.96277440,2.59700000,0.86300000,1.08100000,1.25646580,1.03400000,0.61100000,0.82800000,1.32665400,2.23914610,0.94700000,132.60534200
2023-05-26,6.98690880,2.62100000,0.86500000,1.07800000,1.26861090,1.03300000,0.61300000,0.84800000,1.33086560,2.18722080,0.96700000,132.59926940
2023-05-29,6.92657280,2.62500000,0.85700000,1.08000000,1.26971500,1.02800000,0.60600000,0.86000000,1.32981270,2.18192230,0.96800000,132.62963240
2023-05-30,6.90243840,2.60700000,0.86000000,1.07200000,1.26419450,1.02600000,0.61600000,0.90000000,1.31507210,2.17768350,0.98000000,132.73691500
2023-05-31,6.76969920,2.56500000,0.85400000,1.07600000,1.25867400,1.02400000,0.61100000,0.91300000,1.30454310,2.10986270,0.98100000,132.80573780
2023-06-01,6.80590080,2.56200000,0.85600000,1.08600000,1.25315350,1.03200000,0.60700000,0.93400000,1.31191340,2.10774330,0.99300000,132.91504460
2023-06-02,6.90243840,2.56700000,0.86200000,1.08000000,1.26971500,1.07200000,0.63200000,0.93400000,1.33086560,2.13635520,0.99200000,132.73489080
2023-06-05,6.85416960,2.56400000,0.85700000,1.06900000,1.27744370,1.05900000,0.62600000,0.95400000,1.32665400,2.14377310,0.99700000,132.86747590
2023-06-06,6.79383360,2.51800000,0.84400000,1.04600000,1.27413140,1.04700000,0.62600000,0.92700000,1.30980760,2.15119100,0.96100000,132.91706880
2023-06-07,6.74556480,2.49000000,0.84700000,1.03800000,1.28738060,1.03900000,0.63400000,0.93600000,1.30033150,2.12893730,0.96800000,133.04358130
2023-06-08,6.74556480,2.47900000,0.85700000,1.03600000,1.30946260,1.04500000,0.64400000,0.91700000,1.31296630,2.15331040,0.95400000,132.98285530
2023-06-09,6.76969920,2.51000000,0.85400000,1.04200000,1.30615030,1.05700000,0.64100000,0.95500000,1.31191340,2.15119100,0.96800000,133.06078700
2023-06-12,6.86623680,2.51000000,0.84700000,1.03800000,1.28738060,1.05100000,0.63700000,0.94800000,1.31086050,2.16390740,0.97200000,133.13568240
2023-06-13,6.87830400,2.50300000,0.85100000,1.04000000,1.29179700,1.05100000,0.63600000,0.97900000,1.31296630,2.14059400,1.00100000,133.28344900
2023-06-14,6.93864000,2.51300000,0.85200000,1.03900000,1.27302730,1.05300000,0.63200000,0.99200000,1.31086050,2.13529550,1.00300000,133.37959850
2023-06-15,7.09551360,2.55600000,0.86400000,1.04700000,1.27965190,1.06500000,0.64000000,0.98600000,1.31401920,2.15860890,0.99700000,133.02738770
2023-06-16,7.13171520,2.56200000,0.86900000,1.06400000,1.27633960,1.07100000,0.64100000,1.00500000,1.32349530,2.16178800,1.02100000,132.74501180
2023-06-19,7.04724480,2.54200000,0.86100000,1.07200000,1.26309040,1.05000000,0.62600000,1.01200000,1.30770180,2.15860890,1.04000000,132.78347160
2023-06-20,6.99897600,2.52100000,0.85800000,1.10300000,1.25867400,1.04300000,0.61400000,1.01900000,1.29927860,2.13635520,1.03900000,132.80978620
2023-06-21,6.90243840,2.46600000,0.84300000,1.09000000,1.25756990,1.02300000,0.60700000,0.94100000,1.28664380,2.11198210,0.99900000,132.94945600
2023-06-26,6.83003520,2.45500000,0.82300000,1.07200000,1.23769610,1.01500000,0.59700000,0.89000000,1.27190320,2.09396720,0.97600000,133.02941190
2023-06-27,6.85416960,2.46900000,0.83000000,1.09000000,1.24763300,1.03100000,0.62100000,0.90000000,1.29822570,2.13635520,0.98000000,132.95249230
2023-06-28,6.85416960,2.46600000,0.83100000,1.09700000,1.25204940,1.02700000,0.61700000,0.88800000,1.30349020,2.18722080,0.96900000,132.97475850
2023-06-29,6.83003520,2.48200000,0.82800000,1.10300000,1.24652890,1.02100000,0.60700000,0.90000000,1.29611990,2.15648950,0.97500000,132.94034710
2023-06-30,6.84210240,2.50800000,0.84200000,1.12400000,1.25536170,1.03400000,0.61300000,0.89400000,1.31507210,2.18722080,0.99000000,133.12050090
2023-07-03,6.93864000,2.49300000,0.85500000,1.13200000,1.27413140,1.05200000,0.61700000,0.86000000,1.33297140,2.23278790,0.99600000,133.18122690
2023-07-04,6.99897600,2.51800000,0.85300000,1.13400000,1.26419450,1.04900000,0.61100000,0.86700000,1.33191850,2.22960880,1.01600000,133.15896070
2023-07-05,6.91450560,2.50500000,0.84900000,1.11900000,1.25425760,1.07000000,0.61100000,0.85400000,1.34560620,2.24762370,1.00300000,133.35024760
2023-07-06,6.85416960,2.46700000,0.84700000,1.11200000,1.24542480,1.05000000,0.61600000,0.85900000,1.32875980,2.24550430,1.01000000,133.39376790
2023-07-07,6.84210240,2.46600000,0.85200000,1.10100000,1.24652890,1.04900000,0.61400000,0.85200000,1.33191850,2.26457890,0.99400000,133.40692520
2023-07-10,6.84210240,2.46700000,0.85200000,1.10600000,1.24652890,1.05600000,0.61100000,0.86300000,1.33402430,2.26881770,0.99200000,133.39882840
2023-07-11,6.90243840,2.48200000,0.85800000,1.11200000,1.25425760,1.06100000,0.61100000,0.85500000,1.33928880,2.24868340,1.01600000,133.41502200
2023-07-12,6.86623680,2.46200000,0.84900000,1.09200000,1.25977810,1.05800000,0.59800000,0.83600000,1.32875980,2.24656400,0.98800000,133.41198570
2023-07-13,6.96277440,2.48800000,0.86500000,1.09900000,1.27523550,1.08000000,0.60400000,0.86600000,1.33613010,2.25822070,1.01400000,133.39376790
2023-07-14,6.91450560,2.47900000,0.86300000,1.09400000,1.27965190,1.07200000,0.60100000,0.87900000,1.33402430,2.26987740,1.02000000,133.35227180
2023-07-17,6.84210240,2.46800000,0.85800000,1.09900000,1.27081910,1.05900000,0.59900000,0.85800000,1.32349530,2.22854910,1.01400000,133.44538500
2023-07-18,6.84210240,2.46800000,0.86000000,1.10000000,1.26750680,1.05900000,0.60300000,0.84600000,1.32560110,2.22960880,1.01400000,133.52837720
2023-07-19,6.83003520,2.45200000,0.86600000,1.09100000,1.27302730,1.06200000,0.61400000,0.85700000,1.32981270,2.23066850,0.99800000,133.56278860
2023-07-20,6.81796800,2.44200000,0.85900000,1.07000000,1.27523550,1.06500000,0.61300000,0.83700000,1.32665400,2.24020580,0.97400000,133.55975230
2023-07-21,6.86623680,2.45000000,0.86200000,1.06700000,1.27854780,1.05500000,0.62400000,0.83300000,1.32560110,2.21583270,0.96700000,133.69436160
2023-07-24,6.85416960,2.47400000,0.86100000,1.07500000,1.27302730,1.03800000,0.61900000,0.83100000,1.32033660,2.19251930,0.96900000,133.73079720
2023-07-25,7.03517760,2.49100000,0.90800000,1.08400000,1.30725440,1.07200000,0.66000000,0.84200000,1.36350550,2.23914610,0.98600000,133.39579210
2023-07-26,7.03517760,2.51600000,0.90400000,1.07600000,1.30615030,1.07500000,0.66900000,0.81900000,1.38772220,2.25080280,0.97600000,133.42008250
2023-07-27,7.08344640,2.50900000,0.89700000,1.07300000,1.31719130,1.06600000,0.66600000,0.80800000,1.41299180,2.23490730,0.96600000,133.53343770
2023-07-28,7.22825280,2.54200000,0.97300000,1.07100000,1.35583480,1.07300000,0.68800000,0.80600000,1.43194400,2.25928040,0.97400000,133.44133660
2023-07-31,7.20411840,2.49300000,0.97400000,1.07800000,1.36687580,1.08800000,0.70500000,0.83100000,1.42983820,2.25080280,0.98100000,133.32089670
2023-08-01,7.15584960,2.48200000,0.96500000,1.08100000,1.35914710,1.09000000,0.69600000,0.82900000,1.46563680,2.26669830,0.98900000,133.41603410
2023-08-02,7.10758080,2.44400000,0.97300000,1.07300000,1.33264870,1.07900000,0.70500000,0.82700000,1.45089620,2.22960880,0.99200000,133.42109460
2023-08-03,7.16791680,2.48700000,1.01100000,1.07200000,1.35141840,1.07600000,0.71800000,0.81900000,1.45194910,2.22960880,0.98700000,133.47878430
2023-08-04,7.16791680,2.46900000,1.02200000,1.07100000,1.35583480,1.08700000,0.71100000,0.84100000,1.43826140,2.22113120,0.99900000,133.52331670
2023-08-07,7.04724480,2.41000000,1.02000000,1.06700000,1.34258560,1.08000000,0.68900000,0.85100000,1.41720340,2.20523570,0.99600000,133.57999430
2023-08-08,7.08344640,2.42400000,1.01200000,1.05400000,1.33816920,1.08500000,0.67500000,0.85200000,1.40562150,2.22219090,0.98900000,133.60732100
2023-08-09,7.10758080,2.44300000,1.00900000,1.05000000,1.34148150,1.07400000,0.67600000,0.82200000,1.40246280,2.20311630,0.97200000,133.63262350
2023-08-10,7.08344640,2.45000000,1.03000000,1.05000000,1.33927330,1.07600000,0.67900000,0.82500000,1.40351570,2.26669830,0.97100000,133.58100640
2023-08-11,6.95070720,2.43100000,0.98500000,1.04000000,1.31387900,1.05200000,0.67700000,0.81300000,1.37824610,2.21477300,0.94900000,133.61946620
2023-08-14,6.92657280,2.44600000,0.97500000,1.04200000,1.29731750,1.04300000,0.66600000,0.83900000,1.38245770,2.19357900,0.94800000,133.68626480
2023-08-15,6.90243840,2.44200000,0.99200000,1.03100000,1.31056670,1.03600000,0.66400000,0.81700000,1.37614030,2.19357900,0.93100000,133.96256810
2023-08-16,6.87830400,2.44000000,0.99500000,1.01500000,1.30725440,1.02500000,0.67700000,0.80100000,1.37719320,2.18404170,0.91100000,134.03442720
2023-08-17,6.93864000,2.44500000,0.99500000,1.04700000,1.29842160,1.03100000,0.67600000,0.81000000,1.38666930,2.18086260,0.91700000,133.99191900
2023-08-18,6.83003520,2.39500000,0.97700000,1.03700000,1.30394210,1.01000000,0.66000000,0.78400000,1.37298160,2.16602680,0.90200000,134.05972970
2023-08-21,6.75763200,2.36600000,0.94400000,1.02000000,1.28406830,1.00100000,0.64800000,0.78000000,1.35508230,2.13953430,0.89300000,134.18219380
2023-08-22,6.75763200,2.35500000,0.95900000,1.03300000,1.29842160,1.00700000,0.65200000,0.80600000,1.36034680,2.16072830,0.91400000,134.10729840
2023-08-23,6.63696000,2.31800000,0.93800000,1.01000000,1.29621340,0.98400000,0.63900000,0.79400000,1.34139460,2.19251930,0.88800000,134.09414110
2023-08-24,6.76969920,2.35600000,0.95000000,1.01100000,1.29069290,1.00200000,0.63300000,0.80700000,1.33191850,2.17026560,0.89700000,134.06276600
2023-08-25,6.69729600,2.34000000,0.95700000,0.99400000,1.30173390,0.98700000,0.64200000,0.78400000,1.33191850,2.14907160,0.87500000,133.99900370
2023-08-28,6.76969920,2.35800000,0.98100000,1.00300000,1.32050360,0.99200000,0.67200000,0.79900000,1.35402940,2.22537000,0.88400000,133.83200720
2023-08-29,6.86623680,2.40500000,0.97500000,1.03100000,1.30504620,1.00600000,0.69700000,0.82900000,1.35718810,2.23172820,0.91800000,133.66804700
2023-08-30,6.85416960,2.40300000,0.94600000,1.04000000,1.28848470,1.00700000,0.68800000,0.84500000,1.34350040,2.20841480,0.93800000,133.92410830
2023-08-31,6.81796800,2.39300000,0.92700000,1.03500000,1.28296420,0.99700000,0.65100000,0.83200000,1.33402430,2.20311630,0.94100000,133.95042290
2023-09-01,6.86623680,2.37400000,0.92800000,1.02900000,1.29842160,1.01900000,0.65500000,0.82200000,1.36455840,2.29954900,0.93300000,133.80771680
2023-09-04,6.96277440,2.38000000,0.93600000,1.03800000,1.31939950,1.05000000,0.65700000,0.82500000,1.41299180,2.37054890,0.94700000,133.48384480
2023-09-05,6.92657280,2.37400000,0.92600000,1.03600000,1.30725440,1.04500000,0.64100000,0.80700000,1.39719830,2.37690710,0.94100000,133.57999430
2023-09-06,6.87830400,2.33200000,0.92400000,1.05300000,1.30835850,1.04200000,0.65700000,0.79500000,1.38772220,2.38326530,0.94800000,133.47878430
2023-09-07,6.79383360,2.30000000,0.91900000,1.03800000,1.30394210,1.02500000,0.65000000,0.78500000,1.36245260,2.38644440,0.91800000,133.31583620
2023-09-08,6.73349760,2.30200000,0.92300000,1.06200000,1.30283800,1.01500000,0.64900000,0.76500000,1.35508230,2.34193700,0.92200000,133.42210670
2023-09-11,6.87830400,2.37000000,0.93800000,1.05400000,1.30283800,1.03100000,0.64300000,0.78100000,1.35929390,2.35889220,0.92800000,133.42210670
2023-09-12,6.86623680,2.36700000,0.92700000,1.04800000,1.30283800,1.02800000,0.64000000,0.77100000,1.35402940,2.35465340,0.92800000,133.44538500
2023-09-13,6.83003520,2.35200000,0.91700000,1.03100000,1.30062980,1.02200000,0.64000000,0.76000000,1.36350550,2.37796680,0.91000000,133.58100640
2023-09-14,6.80590080,2.35300000,0.92200000,1.02900000,1.31277490,1.02800000,0.63400000,0.75500000,1.37508740,2.46168310,0.90100000,133.64881710
2023-09-15,6.79383360,2.39000000,0.91700000,1.03000000,1.30946260,1.02800000,0.63600000,0.75200000,1.38456350,2.44684730,0.90100000,133.58201850
2023-09-18,6.90243840,2.42200000,0.91500000,1.02200000,1.30835850,1.02900000,0.63000000,0.75500000,1.37508740,2.46274280,0.89600000,133.43830030
2023-09-19,6.86623680,2.42200000,0.91600000,1.00800000,1.31719130,1.02200000,0.62800000,0.74300000,1.38982800,2.46804130,0.88700000,133.42311880
2023-09-20,6.81796800,2.40900000,0.91300000,0.99800000,1.32050360,1.01400000,0.62700000,0.73700000,1.38140480,2.45320550,0.88100000,133.37048960
2023-09-21,6.74556480,2.37900000,0.90600000,0.99900000,1.31387900,1.00400000,0.62500000,0.73100000,1.36877000,2.43307120,0.87900000,133.46866330
2023-09-22,6.84210240,2.40000000,0.93300000,1.01200000,1.32823230,1.01000000,0.63100000,0.76500000,1.36982290,2.42141450,0.90400000,133.37251380
2023-09-25,6.84210240,2.43200000,0.91200000,0.99900000,1.32712820,1.00000000,0.61800000,0.76000000,1.36139970,2.42671300,0.89400000,133.34518710
2023-09-26,6.79383360,2.42500000,0.91200000,0.98900000,1.32271180,0.99200000,0.61600000,0.77000000,1.34771200,2.39704140,0.89200000,133.19438420
2023-09-27,6.87830400,2.48200000,0.91300000,0.99100000,1.31719130,0.99300000,0.61500000,0.77500000,1.34034170,2.38114590,0.89400000,132.89277840
2023-09-28,6.83003520,2.47200000,0.90800000,1.00400000,1.31608720,0.99000000,0.61600000,0.77100000,1.34665910,2.40869810,0.90500000,133.47777220
2023-10-09,6.78176640,2.45800000,0.89600000,1.01000000,1.30835850,0.98600000,0.60100000,0.76000000,1.35087070,2.43519060,0.91500000,133.59011530
2023-10-10,6.74556480,2.41900000,0.89300000,1.00800000,1.30615030,0.99000000,0.59900000,0.76100000,1.33086560,2.38644440,0.91800000,133.49497790
2023-10-11,6.80590080,2.45800000,0.89000000,0.99600000,1.30173390,0.98000000,0.60000000,0.76900000,1.32138950,2.36101160,0.93000000,133.25207390
2023-10-12,6.83003520,2.46800000,0.90200000,0.99600000,1.32160770,1.00700000,0.60100000,0.76000000,1.34771200,2.36101160,0.93600000,133.23284400
2023-10-13,6.75763200,2.46900000,0.89200000,0.98100000,1.32050360,0.99100000,0.59600000,0.74400000,1.33297140,2.37054890,0.93400000,133.34316290
2023-10-16,6.68522880,2.43500000,0.89000000,0.97300000,1.32050360,0.97700000,0.58600000,0.73600000,1.33297140,2.40339960,0.91300000,133.35733230
2023-10-17,6.68522880,2.42800000,0.90300000,0.97700000,1.32492000,0.97800000,0.58100000,0.73600000,1.34139460,2.41187720,0.91500000,133.29154580
2023-10-18,6.64902720,2.38600000,0.90200000,0.96100000,1.32050360,0.96200000,0.57200000,0.71900000,1.32454820,2.39492200,0.90300000,133.26624330
2023-10-19,6.51628800,2.35100000,0.89700000,0.95000000,1.28958880,0.94500000,0.56800000,0.71600000,1.29190830,2.35995190,0.89900000,133.02839980
2023-10-20,6.44388480,2.31900000,0.89900000,0.93700000,1.28848470,0.95000000,0.57100000,0.70000000,1.29506700,2.34829520,0.88000000,133.13163400
2023-10-23,6.38354880,2.30500000,0.87700000,0.92700000,1.27854780,0.92400000,0.55900000,0.68000000,1.26453290,2.31544450,0.86700000,133.25511020
2023-10-24,6.39561600,2.32400000,0.90500000,0.93300000,1.27192320,0.94000000,0.57300000,0.69600000,1.28137930,2.33981760,0.87600000,133.19236000
2023-10-25,6.46801920,2.30100000,0.90500000,0.94500000,1.27413140,0.94600000,0.57300000,0.69800000,1.33191850,2.37054890,0.88300000,133.34822340
2023-10-26,6.49215360,2.32200000,0.90300000,0.95700000,1.28627650,0.94800000,0.56700000,0.69400000,1.33191850,2.33345940,0.88700000,133.50611100
2023-10-27,6.66109440,2.41400000,0.90800000,0.96400000,1.28517240,0.96600000,0.57400000,0.70700000,1.34034170,2.32710120,0.90300000,133.44538500
2023-10-30,6.72143040,2.45900000,0.90300000,0.97400000,1.26419450,0.97200000,0.57500000,0.71500000,1.34560620,2.30378780,0.93900000,133.62351460
2023-10-31,6.70936320,2.45000000,0.90300000,0.97200000,1.26529860,0.96800000,0.57300000,0.71700000,1.34244750,2.32816090,0.93000000,133.66399860
2023-11-01,6.72143040,2.43900000,0.90300000,0.97000000,1.26640270,0.96300000,0.56700000,0.72000000,1.34455330,2.31438480,0.92200000,133.69132530
2023-11-02,6.68522880,2.43600000,0.89700000,0.95100000,1.27413140,0.95100000,0.56300000,0.73400000,1.33086560,2.31120570,0.91000000,133.79051110
2023-11-03,6.74556480,2.44600000,0.90600000,0.96900000,1.26971500,0.95500000,0.56200000,0.73500000,1.32665400,2.32074300,0.93200000,133.78140220
2023-11-06,6.84210240,2.50000000,0.94200000,0.98200000,1.26971500,0.96300000,0.57700000,0.77100000,1.32875980,2.28683260,0.95800000,133.74395450
2023-11-07,6.80590080,2.49700000,0.94600000,0.97800000,1.26861090,0.95400000,0.57700000,0.77400000,1.31928370,2.30378780,0.95900000,133.77937800
2023-11-08,6.81796800,2.52000000,0.93800000,0.97700000,1.26198630,0.94600000,0.58300000,0.79800000,1.30770180,2.28895200,0.95900000,133.79253530
2023-11-09,6.80590080,2.49600000,0.93400000,0.97400000,1.26750680,0.94900000,0.58200000,0.78400000,1.31507210,2.36313100,0.95100000,133.79962000
2023-11-10,6.75763200,2.50100000,0.93400000,0.97600000,1.25646580,0.94300000,0.57300000,0.76900000,1.30770180,2.39174290,0.94700000,133.80468050
2023-11-13,6.70936320,2.46900000,0.92900000,1.00600000,1.25315350,0.94800000,0.57300000,0.77900000,1.34244750,2.39174290,0.95100000,133.96459230
2023-11-14,6.69729600,2.46600000,0.94000000,1.01300000,1.25536170,0.94600000,0.58200000,0.78200000,1.33297140,2.36631010,0.95600000,133.95345920
2023-11-15,6.73349760,2.48200000,0.94200000,1.01000000,1.26198630,0.96400000,0.57800000,0.77500000,1.36034680,2.38538470,0.96000000,133.95042290
2023-11-16,6.68522880,2.45100000,0.93300000,1.00000000,1.25977810,0.95100000,0.57600000,0.77900000,1.34139460,2.39174290,0.94200000,134.02734250
2023-11-17,6.68522880,2.46200000,0.93700000,1.00000000,1.25425760,0.95300000,0.57300000,0.78500000,1.34139460,2.38326530,0.95000000,134.03948770
2023-11-20,6.73349760,2.50200000,0.93300000,1.01900000,1.25977810,0.95500000,0.57400000,0.79400000,1.34876490,2.37690710,0.94600000,133.96864070
2023-11-21,6.76969920,2.50400000,0.93300000,1.00600000,1.26309040,0.95700000,0.58700000,0.80300000,1.34560620,2.38644440,0.93500000,133.90690260
2023-11-22,6.69729600,2.47000000,0.92300000,0.99300000,1.25977810,0.93800000,0.58300000,0.80400000,1.33191850,2.38220560,0.92100000,133.75407550
2023-11-23,6.72143040,2.48100000,0.92600000,1.00000000,1.25867400,0.94200000,0.59900000,0.78900000,1.34981780,2.41717570,0.93300000,133.58707900
2023-11-24,6.69729600,2.48300000,0.91900000,0.98300000,1.25977810,0.93100000,0.59800000,0.77700000,1.35192360,2.44896670,0.91800000,133.68424060
2023-11-27,6.67316160,2.46300000,0.90600000,0.98700000,1.24873710,0.92500000,0.58500000,0.76100000,1.34139460,2.48499650,0.92600000,133.66501070
2023-11-28,6.69729600,2.50200000,0.90500000,0.98900000,1.24211250,0.92800000,0.57900000,0.76500000,1.34560620,2.48923530,0.92600000,133.65286550
2023-11-29,6.66109440,2.48900000,0.89700000,0.98400000,1.22996740,0.92900000,0.56400000,0.75700000,1.33191850,2.51360840,0.92500000,133.60428470
2023-11-30,6.68522880,2.50800000,0.89800000,0.97800000,1.23438380,0.92300000,0.56200000,0.75400000,1.32454820,2.50089200,0.92100000,133.69942210
2023-12-01,6.63696000,2.49900000,0.90500000,0.98100000,1.23327970,0.92300000,0.56600000,0.79000000,1.32981270,2.52420540,0.92600000,133.79962000
2023-12-04,6.51628800,2.44300000,0.90400000,0.98700000,1.22665510,0.93200000,0.55700000,0.79200000,1.33402430,2.54433970,0.91700000,133.70347050
2023-12-05,6.38354880,2.40600000,0.89100000,0.96400000,1.20898950,0.91700000,0.54500000,0.77000000,1.31296630,2.48181740,0.89100000,133.68930110
2023-12-06,6.39561600,2.41600000,0.88700000,0.96500000,1.20567720,0.93400000,0.55200000,0.78800000,1.31401920,2.49453380,0.89100000,133.67108330
2023-12-07,6.38354880,2.39300000,0.89200000,0.95800000,1.20898950,0.92900000,0.55500000,0.80300000,1.31401920,2.47651890,0.88800000,133.74294240
2023-12-08,6.39561600,2.40300000,0.88600000,0.94400000,1.20567720,0.92200000,0.54500000,0.79800000,1.31612500,2.46804130,0.90400000,133.80974100
2023-12-11,6.43181760,2.42400000,0.90100000,0.96300000,1.21119770,0.91300000,0.54100000,0.82200000,1.31507210,2.52208600,0.91700000,133.99697950
2023-12-12,6.39561600,2.41400000,0.89700000,0.96800000,1.22444690,0.91200000,0.55700000,0.81900000,1.30875470,2.53798150,0.91700000,133.98483430
2023-12-13,6.31114560,2.39700000,0.88700000,0.96300000,1.20898950,0.89500000,0.54500000,0.81200000,1.29296120,2.51148900,0.90600000,134.16903650
2023-12-14,6.25080960,2.39100000,0.88500000,0.95900000,1.20567720,0.89500000,0.54300000,0.80800000,1.29296120,2.52844420,0.90000000,134.04353610
2023-12-15,6.21460800,2.35000000,0.88400000,0.95100000,1.20236490,0.90000000,0.55100000,0.81000000,1.29085540,2.50725020,0.89600000,134.16195180
2023-12-18,6.20254080,2.35200000,0.88000000,0.93200000,1.20346900,0.88700000,0.54200000,0.79000000,1.27190320,2.50619050,0.88600000,134.27024650
2023-12-19,6.19047360,2.33500000,0.88000000,0.92900000,1.20236490,0.88300000,0.53600000,0.80200000,1.26769160,2.49347410,0.89600000,134.25708920
2023-12-20,6.13013760,2.32000000,0.85500000,0.90800000,1.19905260,0.88300000,0.52600000,0.77300000,1.25821550,2.50407110,0.88200000,134.16498810
2023-12-21,6.21460800,2.33700000,0.85400000,0.91600000,1.20678130,0.89100000,0.53300000,0.78300000,1.26242710,2.50195170,0.88900000,134.21458100
2023-12-22,6.20254080,2.32100000,0.85500000,0.93300000,1.20788540,0.90900000,0.52700000,0.71000000,1.26663870,2.52526510,0.88000000,134.39372270
2023-12-25,6.25080960,2.34100000,0.84700000,0.94600000,1.20788540,0.91500000,0.52200000,0.70700000,1.26348000,2.54963820,0.87900000,134.50302950
2023-12-26,6.20254080,2.32800000,0.83800000,0.93600000,1.20346900,0.91300000,0.51300000,0.69900000,1.25716260,2.50195170,0.86100000,134.60626370
2023-12-27,6.20254080,2.33400000,0.84400000,0.93500000,1.21009360,0.91700000,0.51400000,0.69100000,1.26137420,2.52950390,0.87300000,134.73682460
2023-12-28,6.34734720,2.35900000,0.86300000,0.94900000,1.22113460,0.94300000,0.52700000,0.70100000,1.27649980,2.48627280,0.89100000,134.85726450
2023-12-29,6.37148160,2.38000000,0.86400000,0.96000000,1.21671820,0.94500000,0.52600000,0.72200000,1.28187680,2.50359120,0.90600000,134.97669230
2024-01-02,6.29907840,2.36700000,0.85400000,0.96600000,1.21561410,0.94500000,0.51600000,0.71700000,1.29478160,2.59018320,0.88900000,134.86434920
2024-01-03,6.27494400,2.36400000,0.85500000,0.95600000,1.22003050,0.94700000,0.51700000,0.72500000,1.30983720,2.62265520,0.87100000,134.82892570
2024-01-04,6.20254080,2.35000000,0.84700000,0.94500000,1.22444690,0.93600000,0.51100000,0.71800000,1.30446020,2.64755040,0.85600000,134.93317200
2024-01-05,6.14220480,2.29600000,0.84000000,0.91500000,1.23659200,0.93100000,0.50800000,0.70000000,1.29585700,2.64105600,0.84700000,135.07182970
2024-01-08,6.05773440,2.26800000,0.82500000,0.88800000,1.22886330,0.91900000,0.50000000,0.69200000,1.26897200,2.61832560,0.82300000,135.03741830
2024-01-09,6.05773440,2.26500000,0.82300000,0.88300000,1.23438380,0.93000000,0.50300000,0.69200000,1.27434900,2.65620960,0.82100000,135.05867240
2024-01-10,6.10600320,2.25000000,0.81800000,0.87400000,1.22665510,0.92500000,0.50100000,0.67300000,1.26574580,2.62482000,0.81100000,135.04146670
2024-01-11,6.13013760,2.27400000,0.82600000,0.89000000,1.22555100,0.94100000,0.50500000,0.69600000,1.26897200,2.59018320,0.82300000,135.07486600
2024-01-12,6.10600320,2.25000000,0.81800000,0.88800000,1.23438380,0.93600000,0.50400000,0.68100000,1.26682120,2.60317200,0.81000000,135.03134570
2024-01-15,6.09393600,2.25900000,0.81700000,0.86700000,1.23990430,0.92600000,0.50700000,0.68200000,1.25606720,2.60317200,0.81000000,134.98681330
2024-01-16,6.11807040,2.26000000,0.82600000,0.86000000,1.25536170,0.92600000,0.50200000,0.67600000,1.25069020,2.59776000,0.81100000,134.89471220
2024-01-17,5.97326400,2.20000000,0.81100000,0.83200000,1.24763300,0.89600000,0.48700000,0.65800000,1.22595600,2.55771120,0.79100000,134.99288590
2024-01-18,6.05773440,2.21000000,0.81800000,0.83900000,1.24763300,0.89600000,0.48600000,0.67100000,1.20982500,2.54688720,0.80400000,134.96353500
2024-01-19,6.06980160,2.21900000,0.81200000,0.82500000,1.25094530,0.89100000,0.48500000,0.67600000,1.20552340,2.50683840,0.80300000,135.19125750
2024-01-22,5.90086080,2.15400000,0.79500000,0.78800000,1.24652890,0.85000000,0.46300000,0.63800000,1.15497960,2.42782320,0.77600000,135.25400770
2024-01-23,5.92499520,2.16200000,0.81000000,0.79900000,1.24763300,0.86100000,0.47100000,0.65800000,1.16358280,2.47220160,0.78500000,135.17506390
2024-01-24,5.93706240,2.16900000,0.84800000,0.81200000,1.26529860,0.87200000,0.48800000,0.66800000,1.19369400,2.54147520,0.78500000,135.12749520
2024-01-25,6.04566720,2.20900000,0.85400000,0.84800000,1.28517240,0.89700000,0.51700000,0.69000000,1.23563460,2.62698480,0.80200000,135.29955220
2024-01-26,5.98533120,2.14700000,0.85400000,0.83900000,1.30615030,0.90000000,0.53200000,0.68200000,1.25176560,2.65512720,0.78200000,135.39367750
2024-01-29,5.91292800,2.09000000,0.83900000,0.82300000,1.31608720,0.88300000,0.51900000,0.66700000,1.23886080,2.64322080,0.76300000,135.44023410
2024-01-30,5.79225600,2.04400000,0.82800000,0.81000000,1.30283800,0.86700000,0.49800000,0.64400000,1.21735280,2.62698480,0.74000000,135.79042070
2024-01-31,5.67158400,1.97100000,0.82000000,0.77700000,1.30394210,0.84100000,0.48300000,0.62400000,1.19476940,2.62482000,0.72000000,135.82382000
2024-02-01,5.68365120,1.97500000,0.81700000,0.77400000,1.29621340,0.84200000,0.47300000,0.62400000,1.18401540,2.57394720,0.73000000,135.70034380
2024-02-02,5.58711360,1.90200000,0.79900000,0.74700000,1.29952570,0.82100000,0.46900000,0.61600000,1.16573360,2.56745280,0.70600000,135.68819860
2024-02-05,5.59918080,1.90900000,0.78100000,0.72400000,1.31498310,0.80000000,0.44100000,0.58000000,1.12271760,2.57070000,0.70100000,135.84811040
2024-02-06,5.91292800,2.06400000,0.82600000,0.77100000,1.32602410,0.84200000,0.45700000,0.62100000,1.17756300,2.58910080,0.74600000,135.64467830
2024-02-07,6.09393600,2.15600000,0.83800000,0.80900000,1.31719130,0.87600000,0.45800000,0.63700000,1.20229720,2.65729200,0.76700000,135.58192810
2024-02-08,6.09393600,2.15300000,0.84600000,0.83200000,1.31056670,0.88500000,0.48200000,0.65600000,1.22057900,2.67136320,0.78700000,135.82382000
2024-02-19,6.05773440,2.11800000,0.83500000,0.83100000,1.33816920,0.89100000,0.48100000,0.69400000,1.23778540,2.79800400,0.79800000,135.78333600
2024-02-20,6.06980160,2.13100000,0.84600000,0.83000000,1.34479380,0.89600000,0.48600000,0.69200000,1.24423780,2.80666320,0.79700000,135.82584420
2024-02-21,6.17840640,2.14200000,0.85400000,0.83400000,1.38233320,0.90500000,0.49500000,0.69100000,1.24853940,2.79692160,0.79800000,135.90984850
2024-02-22,6.22667520,2.15500000,0.86300000,0.84300000,1.38564550,0.91300000,0.49600000,0.70300000,1.26036880,2.93655120,0.80900000,135.96855030
2024-02-23,6.25080960,2.15100000,0.86500000,0.85100000,1.39116600,0.92300000,0.49900000,0.72000000,1.26144420,2.89542000,0.81500000,136.13655890
2024-02-26,6.17840640,2.15600000,0.85700000,0.85500000,1.35473070,0.91400000,0.49400000,0.71000000,1.25714260,2.82722880,0.81600000,136.14870410
2024-02-27,6.25080960,2.17400000,0.87300000,0.88200000,1.35804300,0.92200000,0.50400000,0.73900000,1.26574580,2.84130000,0.85000000,136.18716390
2024-02-28,6.16633920,2.15100000,0.85900000,0.84900000,1.35473070,0.91200000,0.48900000,0.70600000,1.24961480,2.82289920,0.81600000,136.19829700
2024-02-29,6.29907840,2.18700000,0.87600000,0.88300000,1.35804300,0.93500000,0.49800000,0.73300000,1.26789660,2.83480560,0.85700000,136.24991410
2024-03-01,6.27494400,2.18400000,0.88100000,0.89700000,1.35914710,0.94500000,0.49800000,0.74500000,1.26897200,2.87268960,0.88600000,136.16793400
2024-03-04,6.31114560,2.22900000,0.87000000,0.89700000,1.34700200,0.95000000,0.48400000,0.75500000,1.25714260,2.93763360,0.88800000,136.17299450
2024-03-05,6.35941440,2.21700000,0.86400000,0.90300000,1.37239630,0.94900000,0.48200000,0.74500000,1.25391640,2.92464480,0.88800000,136.17805500
2024-03-06,6.28701120,2.20100000,0.86300000,0.89900000,1.35914710,0.95400000,0.47900000,0.73500000,1.26682120,2.94737520,0.87800000,136.36023300
2024-03-07,6.17840640,2.11000000,0.85400000,0.87800000,1.36687580,0.98300000,0.47600000,0.71400000,1.29048000,2.97551760,0.86000000,136.47763660
2024-03-08,6.19047360,2.12300000,0.85600000,0.89200000,1.36466760,0.98600000,0.47200000,0.72800000,1.29263080,2.94412800,0.88400000,136.42399530
2024-03-11,6.31114560,2.17900000,0.86700000,0.90400000,1.36245940,0.99800000,0.48400000,0.74000000,1.29263080,2.85753600,0.89600000,136.33796680
2024-03-12,6.45595200,2.22300000,0.87300000,0.90700000,1.34810610,0.97800000,0.50400000,0.74400000,1.27542440,2.76877920,0.89500000,136.20943010
2024-03-13,6.39561600,2.20500000,0.86100000,0.90900000,1.33927330,0.98500000,0.49200000,0.76800000,1.27434900,2.75146080,0.89100000,136.17198240
2024-03-14,6.39561600,2.21300000,0.85400000,0.89300000,1.33596100,0.99800000,0.49500000,0.74700000,1.26682120,2.76661440,0.87500000,136.09809910
2024-03-15,6.39561600,2.20600000,0.85800000,0.90100000,1.34479380,1.03300000,0.49400000,0.74800000,1.29585700,2.72764800,0.88300000,136.18210340
2024-03-18,6.41975040,2.22900000,0.87800000,0.92200000,1.34368970,1.03500000,0.49500000,0.77100000,1.28832920,2.69084640,0.90400000,136.30659170
2024-03-19,6.34734720,2.18100000,0.86200000,0.91800000,1.33044050,1.02800000,0.48900000,0.76200000,1.30230940,2.72331840,0.89800000,136.41387430
2024-03-20,6.32321280,2.17300000,0.86500000,0.92000000,1.34258560,1.02700000,0.49000000,0.78900000,1.29585700,2.72981280,0.89900000,136.38958390
2024-03-21,6.31114560,2.15800000,0.86900000,0.92000000,1.35031430,1.03100000,0.49500000,0.79600000,1.29800780,2.72115360,0.89300000,136.41387430
2024-03-22,6.21460800,2.12600000,0.85400000,0.90700000,1.34479380,1.00500000,0.48500000,0.81000000,1.27865060,2.72981280,0.88700000,136.44727360
2024-03-25,6.19047360,2.11400000,0.82900000,0.88600000,1.35252250,1.01100000,0.49000000,0.77400000,1.27542440,2.70816480,0.86600000,136.38249920
2024-03-26,6.22667520,2.10400000,0.83100000,0.88400000,1.37129220,1.00900000,0.49700000,0.75400000,1.27649980,2.64430320,0.85900000,136.36731770
2024-03-27,6.15427200,2.08500000,0.81600000,0.85200000,1.37681270,0.99500000,0.48200000,0.72500000,1.25714260,2.63023200,0.83300000,136.42197110
2024-03-28,6.20254080,2.09200000,0.81800000,0.88600000,1.35693890,1.01300000,0.48300000,0.74400000,1.26144420,2.64322080,0.85000000,136.40577750
2024-03-29,6.19047360,2.08700000,0.82200000,0.90000000,1.35804300,1.04700000,0.47700000,0.73600000,1.28187680,2.69084640,0.85200000,136.55556830
2024-04-01,6.32321280,2.12200000,0.83300000,0.90900000,1.37129220,1.06700000,0.48400000,0.76300000,1.30015860,2.67244560,0.87300000,136.51002380
2024-04-02,6.26287680,2.10000000,0.82700000,0.89900000,1.37239630,1.07800000,0.47800000,0.74800000,1.31413880,2.68218720,0.85600000,136.55860460
2024-04-03,6.23874240,2.09700000,0.82200000,0.88500000,1.36687580,1.11400000,0.47100000,0.73300000,1.32166660,2.75362560,0.84800000,136.69726230
2024-04-08,6.14220480,2.06600000,0.80800000,0.86700000,1.37350040,1.11100000,0.46400000,0.72300000,1.31628960,2.74496640,0.83100000,136.86628300
2024-04-09,6.16633920,2.09600000,0.80900000,0.87100000,1.36687580,1.11500000,0.46600000,0.72800000,1.31736500,2.74713120,0.83800000,136.99279550
2024-04-10,6.13013760,2.07400000,0.79400000,0.85500000,1.36797990,1.12200000,0.45200000,0.70600000,1.30661100,2.78826240,0.81400000,137.00696490
2024-04-11,6.09393600,2.06500000,0.79100000,0.85100000,1.36577170,1.11900000,0.45200000,0.72000000,1.31521420,2.82722880,0.81400000,137.03226740
2024-04-12,6.05773440,2.05100000,0.77800000,0.84700000,1.35583480,1.13000000,0.44100000,0.70700000,1.31413880,2.80774560,0.81800000,137.20938490
2024-04-15,6.15427200,2.06600000,0.79100000,0.86800000,1.38233320,1.12900000,0.43600000,0.70300000,1.31521420,2.86836000,0.82900000,137.19015500
2024-04-16,6.10600320,2.04500000,0.77700000,0.83300000,1.38564550,1.08000000,0.42700000,0.68000000,1.28295220,2.85104160,0.80600000,137.11627170
2024-04-17,6.16633920,2.07200000,0.79200000,0.86200000,1.40551930,1.10300000,0.43700000,0.70800000,1.33242060,2.88784320,0.83300000,137.15169520
2024-04-18,6.16633920,2.05700000,0.79800000,0.86600000,1.41987260,1.11800000,0.43400000,0.69900000,1.33564680,2.88567840,0.83000000,137.25897780
2024-04-19,6.11807040,2.03900000,0.79200000,0.87700000,1.41876850,1.11100000,0.42900000,0.68800000,1.35392860,2.88784320,0.81000000,137.34804260
2024-04-22,6.16633920,2.04900000,0.79400000,0.89000000,1.40662340,1.08600000,0.42800000,0.68100000,1.32704360,2.75579040,0.80800000,137.43002270
2024-04-23,6.19047360,2.07100000,0.79200000,0.87500000,1.40551930,1.03700000,0.42300000,0.68300000,1.29263080,2.68002240,0.80400000,137.62232170
2024-04-24,6.19047360,2.05700000,0.79300000,0.89300000,1.39999880,1.04700000,0.42400000,0.69500000,1.30446020,2.66486880,0.81900000,137.25897780
2024-04-25,6.20254080,2.06800000,0.79200000,0.88300000,1.42318490,1.05700000,0.42600000,0.68900000,1.30876180,2.69517600,0.81800000,137.35512730
2024-04-26,6.31114560,2.10900000,0.84300000,0.89200000,1.40110290,1.08500000,0.44200000,0.70700000,1.31306340,2.66919840,0.84300000,137.12841690
2024-04-29,6.41975040,2.14100000,0.85300000,0.90300000,1.41545620,1.07900000,0.47800000,0.72500000,1.32489280,2.67569280,0.86900000,136.56164090
2024-04-30,6.41975040,2.14300000,0.83700000,0.89100000,1.42318490,1.06900000,0.46200000,0.71200000,1.30553560,2.69301120,0.85900000,136.94927520
2024-05-06,6.60075840,2.19800000,0.84300000,0.89900000,1.42318490,1.07700000,0.46600000,0.71700000,1.32811900,2.71898880,0.87800000,137.16485250
2024-05-07,6.57662400,2.20200000,0.83800000,0.92300000,1.42097670,1.08500000,0.47200000,0.71700000,1.31736500,2.74063680,0.86500000,137.33286110
2024-05-08,6.49215360,2.18100000,0.82600000,0.91000000,1.42318490,1.07700000,0.45800000,0.69700000,1.30338480,2.80558080,0.85100000,137.35715150
2024-05-09,6.55248960,2.20600000,0.83300000,0.94000000,1.42428900,1.10300000,0.46600000,0.70400000,1.32059120,2.80558080,0.86300000,137.23671160
2024-05-10,6.54042240,2.18100000,0.84000000,0.93200000,1.44085050,1.11100000,0.48300000,0.69800000,1.32489280,2.81207520,0.85000000,137.21242120
2024-05-13,6.50422080,2.18100000,0.84100000,0.92200000,1.45078740,1.09700000,0.47500000,0.69000000,1.32166660,2.77960320,0.84800000,137.35816360
2024-05-14,6.54042240,2.20100000,0.84600000,0.91700000,1.44195460,1.10400000,0.47700000,0.70200000,1.31521420,2.73414240,0.84800000,137.43407110
2024-05-15,6.46801920,2.16500000,0.82500000,0.90500000,1.43974640,1.09200000,0.48600000,0.69500000,1.30876180,2.74496640,0.83700000,137.43305900
2024-05-16,6.48008640,2.15100000,0.82300000,0.90100000,1.46624480,1.08600000,0.50400000,0.69300000,1.31844040,2.73630720,0.84400000,137.36828460
2024-05-17,6.45595200,2.14500000,0.83500000,0.91800000,1.48280630,1.10100000,0.54700000,0.69500000,1.33026980,2.75579040,0.85300000,137.26808670
2024-05-20,6.45595200,2.13700000,0.83600000,0.92800000,1.47618170,1.14200000,0.53400000,0.69600000,1.33779760,2.85104160,0.85600000,137.43204690
2024-05-21,6.41975040,2.12100000,0.83000000,0.91400000,1.48722270,1.10700000,0.53300000,0.69400000,1.32166660,2.86619520,0.84900000,137.36119990
2024-05-22,6.39561600,2.11300000,0.83400000,0.91000000,1.49274320,1.09700000,0.54000000,0.69500000,1.32811900,2.86619520,0.85500000,137.41990170
2024-05-23,6.32321280,2.08300000,0.81600000,0.90300000,1.48280630,1.06200000,0.52700000,0.67700000,1.29800780,2.81856960,0.84200000,137.51503910
2024-05-24,6.25080960,2.06700000,0.80600000,0.88300000,1.47176530,1.06200000,0.50900000,0.66900000,1.29048000,2.81207520,0.82100000,137.51807540
2024-05-27,6.28701120,2.07700000,0.81200000,0.89000000,1.49163910,1.07700000,0.51400000,0.67200000,1.30230940,2.87485440,0.83800000,137.48366400
2024-05-28,6.22667520,2.06100000,0.80500000,0.88500000,1.48611860,1.07500000,0.49800000,0.65600000,1.29585700,2.88351360,0.82900000,137.56058360
2024-05-29,6.22667520,2.05300000,0.80600000,0.88100000,1.47286940,1.10200000,0.50000000,0.65900000,1.29585700,2.91598560,0.82800000,137.63345480
2024-05-30,6.16633920,2.04000000,0.80500000,0.89600000,1.45962020,1.07000000,0.48800000,0.65600000,1.29585700,2.85104160,0.84000000,137.68709610
2024-05-31,6.16633920,2.04300000,0.80400000,0.90500000,1.46624480,1.06500000,0.48900000,0.66200000,1.29155540,2.87052480,0.83800000,137.66381780
2024-06-03,6.17840640,2.03000000,0.79400000,0.90100000,1.44857920,1.04400000,0.47800000,0.65800000,1.26036880,2.85320640,0.84700000,137.80753600
2024-06-04,6.27494400,2.06900000,0.80100000,0.91000000,1.45630790,1.05600000,0.48700000,0.66300000,1.26682120,2.80774560,0.85200000,137.83992320
2024-06-05,6.22667520,2.06400000,0.79700000,0.91600000,1.43974640,1.03200000,0.47400000,0.65100000,1.24746400,2.77743840,0.85200000,137.87939510
2024-06-06,6.19047360,2.04800000,0.78700000,0.89800000,1.44085050,1.04200000,0.46600000,0.63800000,1.22703140,2.80991040,0.85800000,137.85308050
2024-06-07,6.14220480,2.03000000,0.78100000,0.90200000,1.45189150,1.04400000,0.47700000,0.63900000,1.24638860,2.83372320,0.84800000,137.90267340
2024-06-11,6.10600320,2.04600000,0.78200000,0.91100000,1.42870540,1.02100000,0.47300000,0.64100000,1.22810680,2.79042720,0.86700000,137.90267340
2024-06-12,6.11807040,2.04200000,0.78200000,0.91000000,1.42097670,1.03000000,0.47000000,0.65200000,1.22918220,2.89000800,0.86800000,137.88445560
2024-06-13,6.04566720,2.01700000,0.78100000,0.91400000,1.40883160,1.01300000,0.46300000,0.64900000,1.21627740,2.85320640,0.87200000,137.89761290
2024-06-14,6.06980160,2.00500000,0.79900000,0.90300000,1.42649720,1.01600000,0.47000000,0.65200000,1.23886080,2.82939360,0.88300000,137.91886700
2024-06-17,6.03360000,2.00100000,0.79700000,0.90500000,1.40993570,1.00300000,0.46100000,0.64400000,1.21090040,2.76444960,0.89800000,137.97655670
2024-06-18,6.00946560,1.98700000,0.80400000,0.91000000,1.41545620,1.01000000,0.46000000,0.64300000,1.21627740,2.76661440,0.90400000,138.01400440
2024-06-19,5.94912960,1.96000000,0.79500000,0.89800000,1.43201770,1.01400000,0.45700000,0.63200000,1.21520200,2.75795520,0.89700000,138.04133110
2024-06-20,5.87672640,1.93400000,0.78700000,0.88000000,1.42428900,1.00700000,0.44200000,0.61700000,1.19907100,2.77743840,0.89000000,138.15772260
2024-06-21,5.85259200,1.93100000,0.78900000,0.88200000,1.42428900,1.00200000,0.44400000,0.61900000,1.19799560,2.75146080,0.89800000,138.08788770
2024-06-24,5.81639040,1.90700000,0.78000000,0.86000000,1.42539310,0.98000000,0.42800000,0.60000000,1.17111060,2.68435200,0.87600000,138.17189200
2024-06-25,5.80432320,1.89300000,0.76800000,0.84700000,1.43312180,0.98100000,0.43400000,0.59300000,1.17756300,2.67785760,0.84800000,138.21440020
2024-06-26,5.84052480,1.92500000,0.77700000,0.86500000,1.43533000,0.99100000,0.43700000,0.62500000,1.19584480,2.68002240,0.87200000,138.31561020
2024-06-27,5.73192000,1.88400000,0.76800000,0.85200000,1.45078740,0.96800000,0.42800000,0.61300000,1.17756300,2.65188000,0.86600000,138.45831630
2024-06-28,5.70778560,1.86700000,0.75200000,0.87900000,1.45962020,0.98700000,0.42200000,0.61200000,1.17648760,2.67569280,0.87700000,138.55547790
2024-07-01,5.70778560,1.87700000,0.75300000,0.87900000,1.47507760,1.01000000,0.44100000,0.61800000,1.19799560,2.76661440,0.87500000,138.32573120
2024-07-02,5.67158400,1.84800000,0.74900000,0.87200000,1.49715960,0.99800000,0.43800000,0.61700000,1.20444800,2.75146080,0.86100000,138.45021950
2024-07-03,5.65951680,1.84000000,0.75000000,0.85700000,1.48501450,0.99800000,0.44300000,0.61400000,1.20122180,2.71032960,0.86600000,138.66478470
2024-07-04,5.59918080,1.80800000,0.73600000,0.84700000,1.48722270,0.99100000,0.42800000,0.60100000,1.18616620,2.68435200,0.85700000,138.59090140
2024-07-05,5.61124800,1.86200000,0.73800000,0.84900000,1.45962020,1.01700000,0.42800000,0.60500000,1.19907100,2.67569280,0.85600000,138.48361880
2024-07-08,5.52677760,1.82000000,0.71800000,0.83400000,1.46514070,1.00600000,0.41200000,0.58900000,1.18294000,2.64322080,0.85300000,138.21338810
2024-07-09,5.56297920,1.82400000,0.73200000,0.84700000,1.48170220,1.02700000,0.41600000,0.59600000,1.19154320,2.66270400,0.89000000,138.38342090
2024-07-10,5.58711360,1.82500000,0.73300000,0.84600000,1.48611860,1.01200000,0.41100000,0.58700000,1.17756300,2.54147520,0.89700000,138.47046150
2024-07-11,5.71985280,1.86400000,0.74400000,0.86700000,1.47949400,1.05000000,0.42000000,0.59300000,1.19799560,2.56312320,0.91100000,138.46337680
2024-07-12,5.73192000,1.87100000,0.74300000,0.86300000,1.50930470,1.03100000,0.43100000,0.59000000,1.19261860,2.50683840,0.90700000,138.57268360
2024-07-15,5.68365120,1.86100000,0.74200000,0.85900000,1.52586620,1.03800000,0.42400000,0.58600000,1.19369400,2.55013440,0.90000000,138.62531280
2024-07-16,5.69571840,1.86800000,0.74800000,0.86400000,1.51924160,1.04700000,0.42600000,0.58900000,1.19046780,2.54796960,0.93000000,138.62430070
2024-07-17,5.76812160,1.90600000,0.75300000,0.85800000,1.53138670,1.02000000,0.43300000,0.59100000,1.18078920,2.50683840,0.91100000,138.65668790
2024-07-18,5.80432320,1.92500000,0.75800000,0.87700000,1.52807440,1.01900000,0.43600000,0.58800000,1.18294000,2.50900320,0.90600000,138.61519180
2024-07-19,5.82845760,1.93500000,0.76700000,0.89000000,1.52476210,1.00200000,0.43000000,0.59300000,1.17648760,2.50467360,0.91700000,138.70830500
2024-07-22,5.80432320,1.95000000,0.77300000,0.89500000,1.50047190,0.99000000,0.42600000,0.59100000,1.16788440,2.47869600,0.91500000,139.00282610
2024-07-23,5.62331520,1.88300000,0.75500000,0.87000000,1.51482520,0.94400000,0.42000000,0.57300000,1.14745180,2.43323520,0.87900000,139.14958060
2024-07-24,5.52677760,1.86000000,0.74500000,0.87300000,1.51372110,0.93600000,0.41000000,0.56500000,1.14315020,2.41591680,0.86700000,139.15160480
2024-07-25,5.52677760,1.85600000,0.75400000,0.86600000,1.50157600,0.91300000,0.41200000,0.57000000,1.13777320,2.38560960,0.85600000,139.17184680
2024-07-26,5.56297920,1.86000000,0.76700000,0.89500000,1.47949400,0.93500000,0.41600000,0.57800000,1.14745180,2.40725760,0.86900000,139.23156070
2024-07-29,5.47850880,1.83400000,0.76100000,0.90200000,1.50047190,0.93300000,0.41200000,0.57600000,1.15390420,2.38560960,0.86300000,139.20828240
2024-07-30,5.46644160,1.83300000,0.76400000,0.90700000,1.49384730,0.92500000,0.42100000,0.57600000,1.15605500,2.35097280,0.86100000,139.22852440
2024-07-31,5.65951680,1.91900000,0.80600000,0.92000000,1.49053500,0.96100000,0.43700000,0.59900000,1.17756300,2.42890560,0.88900000,139.32669810
2024-08-01,5.58711360,1.90400000,0.80000000,0.92200000,1.49384730,0.95800000,0.43000000,0.59400000,1.17111060,2.40725760,0.88800000,139.55543270
2024-08-02,5.56297920,1.91300000,0.78500000,0.91300000,1.48611860,0.94200000,0.42800000,0.58600000,1.16358280,2.38993920,0.86600000,139.75886480
2024-08-05,5.57504640,1.92000000,0.78000000,0.88400000,1.47397350,0.91900000,0.42300000,0.58600000,1.14637640,2.36829120,0.82200000,139.81048190
2024-08-06,5.61124800,1.94300000,0.78100000,0.90600000,1.46072430,0.91900000,0.43100000,0.59900000,1.15175340,2.38128000,0.83000000,139.60907400
2024-08-07,5.59918080,1.92600000,0.77700000,0.91200000,1.46293250,0.92200000,0.42800000,0.59600000,1.14637640,2.41375200,0.82400000,139.80238510
2024-08-08,5.64744960,1.93700000,0.78100000,0.88300000,1.46514070,0.91300000,0.43500000,0.59500000,1.14960260,2.40942240,0.82900000,139.68093310
2024-08-09,5.58711360,1.90300000,0.77400000,0.87300000,1.47176530,0.91800000,0.44100000,0.58400000,1.14422560,2.41375200,0.83100000,139.49369460
2024-08-12,5.61124800,1.92800000,0.77200000,0.86500000,1.46955710,0.91800000,0.42637800,0.58300000,1.13562240,2.43107040,0.82700000,138.86416840
2024-08-13,5.57504640,1.91100000,0.78100000,0.87500000,1.47533940,0.92200000,0.42530400,0.58400000,1.14315020,2.41808160,0.83300000,139.27406890
2024-08-14,5.49057600,1.88800000,0.77500000,0.86400000,1.47533940,0.90900000,0.42136600,0.58800000,1.12486840,2.38344480,0.82400000,139.40260560
2024-08-15,5.51471040,1.90000000,0.78400000,0.86700000,1.49510360,0.91800000,0.42888400,0.59900000,1.13239620,2.43756480,0.83000000,139.26496000
2024-08-16,5.52677760,1.90000000,0.77900000,0.85600000,1.51254260,0.91900000,0.42315600,0.59300000,1.12379300,2.43972960,0.83000000,139.24168170
2024-08-19,5.49057600,1.87900000,0.77800000,0.85300000,1.53928240,0.93400000,0.42208200,0.59400000,1.12486840,2.43107040,0.83100000,139.30139560
2024-08-20,5.44230720,1.85900000,0.77200000,0.83900000,1.54393280,0.92300000,0.41492200,0.58600000,1.10981280,2.35097280,0.82100000,139.27912940
2024-08-21,5.40610560,1.84400000,0.76800000,0.83400000,1.53230680,0.93300000,0.41349000,0.58100000,1.10443580,2.34014880,0.82300000,139.13035070
2024-08-22,5.35783680,1.84400000,0.75700000,0.83100000,1.54742060,0.92000000,0.41170000,0.56600000,1.09260640,2.32283040,0.81100000,139.40969030
2024-08-23,5.39403840,1.84200000,0.76300000,0.83200000,1.55439620,0.91700000,0.40955200,0.56500000,1.09153100,2.33581920,0.81300000,139.61312240
2024-08-26,5.36990400,1.83600000,0.76300000,0.82500000,1.55323360,0.92900000,0.41384800,0.56600000,1.09798340,2.33798400,0.81000000,139.61514660
2024-08-27,5.33370240,1.83500000,0.75500000,0.81100000,1.56137180,0.91600000,0.40167600,0.56200000,1.08830480,2.37478560,0.79500000,139.52405760
2024-08-28,5.32163520,1.83200000,0.75700000,0.81900000,1.54858320,0.90800000,0.39738000,0.56700000,1.09045560,2.37262080,0.79300000,139.56960210
2024-08-29,5.38197120,1.85700000,0.76100000,0.83300000,1.49975400,0.91500000,0.39952800,0.57200000,1.09153100,2.37262080,0.80600000,139.49470670
2024-08-30,5.51471040,1.87400000,0.78000000,0.84300000,1.46836380,0.92100000,0.41957600,0.58800000,1.10336040,2.39643360,0.83400000,139.45219850
2024-09-02,5.33370240,1.83100000,0.76000000,0.81200000,1.46720120,0.90000000,0.40668800,0.57100000,1.08615400,2.42241120,0.80900000,139.77708260
2024-09-03,5.40610560,1.84800000,0.76600000,0.82400000,1.44278660,0.90300000,0.41241600,0.57800000,1.08830480,2.39643360,0.81400000,139.96229690
2024-09-04,5.43024000,1.85500000,0.76600000,0.82200000,1.43697360,0.88200000,0.40883600,0.57600000,1.07970160,2.36179680,0.80700000,140.01087770
2024-09-05,5.44230720,1.87400000,0.77200000,0.82600000,1.43464840,0.88200000,0.41671200,0.59100000,1.08507860,2.33365440,0.80600000,140.09791830
2024-09-06,5.38197120,1.84700000,0.77800000,0.81400000,1.44162400,0.87700000,0.41062600,0.58500000,1.07432460,2.28819360,0.79000000,140.14346280
2024-09-09,5.33370240,1.84200000,0.77700000,0.81100000,1.41255900,0.86200000,0.40704600,0.58000000,1.05819360,2.23190880,0.78400000,140.21734610
2024-09-10,5.30956800,1.81600000,0.77200000,0.81700000,1.42069720,0.85800000,0.40346600,0.59000000,1.05496740,2.23190880,0.79300000,140.33677390
2024-09-11,5.36990400,1.83800000,0.77200000,0.81600000,1.39046960,0.86700000,0.40454000,0.58800000,1.04636420,2.19943680,0.78900000,140.54627860
2024-09-12,5.27336640,1.81500000,0.77000000,0.81200000,1.40093300,0.86600000,0.40525600,0.58100000,1.04636420,2.22108480,0.78200000,140.32867710
2024-09-13,5.24923200,1.80000000,0.77200000,0.80500000,1.39512000,0.86300000,0.40883600,0.57500000,1.04636420,2.20160160,0.77900000,140.52502450
2024-09-18,5.26129920,1.79600000,0.77200000,0.80500000,1.40907120,0.87006200,0.41850200,0.57000000,1.03991180,2.25572160,0.76900000,140.55943590
2024-09-19,5.32163520,1.81600000,0.78300000,0.80600000,1.41139640,0.89737790,0.42924200,0.58300000,1.05819360,2.27520480,0.77500000,140.37320950
2024-09-20,5.30956800,1.79400000,0.78200000,0.79100000,1.41837200,0.90850660,0.43568600,0.58100000,1.05174120,2.28602880,0.77700000,140.47340740
2024-09-23,5.30956800,1.78600000,0.78200000,0.79500000,1.44394920,0.90749490,0.43497000,0.57900000,1.06034440,2.32932480,0.77400000,140.50377040
2024-09-24,5.51471040,1.84400000,0.83000000,0.82100000,1.50324180,0.94391610,0.44678400,0.60200000,1.12379300,2.45488320,0.80500000,140.34993120
2024-09-25,5.53884480,1.85700000,0.84500000,0.83300000,1.53346940,0.95302140,0.45394400,0.61100000,1.14207480,2.46787200,0.80900000,140.67886370
2024-09-26,6.02153280,1.94100000,0.90400000,0.86300000,1.59043680,0.99045430,0.49941000,0.63800000,1.20659880,2.57394720,0.83600000,140.57056900
2024-09-27,6.62489280,2.04200000,0.99400000,0.90900000,1.58113600,1.03496910,0.54917200,0.67100000,1.25606720,2.68218720,0.89200000,139.98355100
2024-09-30,7.10758080,2.24600000,1.09300000,1.00000000,1.66833100,1.13108060,0.60394600,0.73800000,1.35500400,2.84454720,0.98100000,139.51191240
2024-10-08,7.08344640,2.47100000,1.20200000,1.10000000,1.70320900,1.15637310,0.59105800,0.80500000,1.41200020,2.79908640,1.07900000,139.45725900
2024-10-09,6.40768320,2.25500000,1.13400000,1.01500000,1.58578640,1.04103930,0.53198800,0.72500000,1.27112280,2.55662880,1.09900000,139.74064700
2024-10-10,6.60075840,2.25000000,1.06800000,1.02100000,1.65554240,1.05823820,0.52697600,0.71500000,1.29263080,2.71682400,1.05300000,140.07261580
2024-10-11,6.45595200,2.13900000,1.06900000,0.96800000,1.63461560,1.03496910,0.52590200,0.68200000,1.26789660,2.62590240,0.99900000,140.14548700
2024-10-14,6.41975040,2.16300000,1.07600000,1.00800000,1.69390820,1.06633180,0.54344400,0.69800000,1.30015860,2.67785760,1.03000000,140.12322080
2024-10-15,6.22667520,2.11600000,1.03700000,1.00000000,1.65786760,1.02991060,0.53521000,0.69000000,1.26574580,2.59992480,1.01000000,140.15965640
2024-10-16,6.14220480,2.08500000,1.04400000,0.98700000,1.70088380,1.03901590,0.56599800,0.70000000,1.28295220,2.58693600,0.98400000,140.17888630
2024-10-17,6.06980160,2.06600000,1.03800000,0.99300000,1.67530660,1.02282870,0.52948200,0.70500000,1.26897200,2.55662880,0.98900000,140.36916110
2024-10-18,6.26287680,2.13500000,1.11400000,1.03300000,1.68460740,1.04812120,0.54022200,0.72400000,1.29263080,2.59776000,1.08500000,140.21329770
2024-10-21,6.28701120,2.15800000,1.08800000,1.08500000,1.66019280,1.07341370,0.54129600,0.74200000,1.27757520,2.59559520,1.09700000,140.19507990
2024-10-22,6.38354880,2.17000000,1.09500000,1.06100000,1.65903020,1.08049560,0.54559200,0.76000000,1.28080140,2.60858400,1.09100000,139.99873250
2024-10-23,6.41975040,2.17600000,1.08900000,1.08700000,1.66484320,1.08251900,0.54702400,0.74500000,1.28940460,2.62157280,1.07900000,139.85805060
2024-10-24,6.31114560,2.15000000,1.08700000,1.06000000,1.66019280,1.06734350,0.54487600,0.73800000,1.27327360,2.59992480,1.07200000,139.91270400
2024-10-25,6.38354880,2.16400000,1.09700000,1.07100000,1.65437980,1.07139030,0.55454200,0.75700000,1.29263080,2.61074880,1.08200000,139.90055880
2024-10-28,6.45595200,2.18800000,1.09800000,1.08800000,1.63577820,1.08150730,0.57459000,0.77200000,1.36790880,2.66919840,1.08200000,139.92788550
2024-10-29,6.37148160,2.16000000,1.08500000,1.07800000,1.63694080,1.06430840,0.56313400,0.75700000,1.31844040,2.58477120,1.08800000,140.06654320
2024-10-30,6.31114560,2.12800000,1.08300000,1.08000000,1.61601400,1.05216800,0.57172600,0.75300000,1.32059120,2.56312320,1.08900000,140.11006350
2024-10-31,6.29907840,2.11800000,1.11400000,1.08700000,1.60438800,1.04812120,0.59141600,0.75400000,1.33779760,2.55879360,1.10900000,140.09893040
2024-11-01,6.31114560,2.13000000,1.10200000,1.05600000,1.62647740,1.08757750,0.58926800,0.73700000,1.36790880,2.58910080,1.07600000,140.30843510
2024-11-04,6.39561600,2.14500000,1.14200000,1.07900000,1.63810340,1.08858920,0.58998400,0.74900000,1.34747620,2.59559520,1.09500000,140.36814900
2024-11-05,6.49215360,2.18100000,1.20700000,1.15100000,1.65205460,1.12298700,0.61683400,0.77000000,1.39586920,2.64322080,1.13900000,140.35600380
2024-11-06,6.46801920,2.17900000,1.20200000,1.16100000,1.63810340,1.13310400,0.63008000,0.79100000,1.40232160,2.63672640,1.13500000,140.40762090
2024-11-07,6.75763200,2.24800000,1.31800000,1.15300000,1.67181880,1.13108060,0.65549800,0.80300000,1.43780980,2.70816480,1.16000000,140.52907290
2024-11-08,6.64902720,2.23700000,1.26400000,1.18500000,1.64856680,1.11691680,0.63222800,0.79300000,1.42382960,2.68868160,1.17000000,140.58271420
2024-11-11,6.67316160,2.25700000,1.26300000,1.21700000,1.62415220,1.11995190,0.62220400,0.82800000,1.41522640,2.65837440,1.22400000,140.62117400
2024-11-12,6.70936320,2.27900000,1.23300000,1.16800000,1.60903840,1.10376470,0.61898200,0.79900000,1.39586920,2.61507840,1.20500000,140.81448510
2024-11-13,6.69729600,2.25000000,1.23000000,1.17000000,1.61833920,1.11287000,0.61325400,0.82100000,1.39371840,2.62806720,1.20300000,140.81347300
2024-11-14,6.60075840,2.20000000,1.20800000,1.12300000,1.62182700,1.07644880,0.59034200,0.79400000,1.35607940,2.58260640,1.15800000,140.82055770
2024-11-15,6.52835520,2.16600000,1.16000000,1.08400000,1.61833920,1.05823820,0.57065200,0.79700000,1.33564680,2.57827680,1.11800000,140.91974350
2024-11-18,6.43181760,2.13800000,1.14600000,1.06200000,1.65205460,1.03901590,0.57673800,0.75900000,1.35607940,2.64755040,1.08900000,140.84383600
2024-11-19,6.45595200,2.15000000,1.16700000,1.08000000,1.64391640,1.07442540,0.57996000,0.76600000,1.35285320,2.63239680,1.12000000,140.81246090
2024-11-20,6.52835520,2.21400000,1.16900000,1.09400000,1.63810340,1.08049560,0.58282400,0.79400000,1.36145640,2.64538560,1.12400000,140.90861040
2024-11-21,6.51628800,2.20300000,1.18200000,1.09300000,1.63461560,1.08251900,0.58139200,0.79200000,1.36683340,2.64322080,1.12300000,140.99666310
2024-11-22,6.29907840,2.11700000,1.12500000,1.05400000,1.59741240,1.05419140,0.56707200,0.77700000,1.32489280,2.55446400,1.08000000,141.02297770
2024-11-25,6.28701120,2.10700000,1.11500000,1.04000000,1.60090020,1.05014460,0.56456600,0.78700000,1.33242060,2.53931040,1.06300000,141.13734500
2024-11-26,6.27494400,2.11200000,1.11400000,1.02800000,1.61485140,1.03496910,0.56778800,0.78300000,1.31951580,2.53065120,1.05600000,141.11001830
2024-11-27,6.38354880,2.15100000,1.14300000,1.06200000,1.62996520,1.04609780,0.57745400,0.81500000,1.33349600,2.55229920,1.08700000,141.05030440
2024-11-28,6.32321280,2.13900000,1.13100000,1.05500000,1.62880260,1.03092230,0.58461400,0.80300000,1.33779760,2.53065120,1.08200000,141.14949020
2024-11-29,6.40768320,2.17300000,1.16200000,1.06600000,1.63229040,1.04306270,0.58712000,0.82000000,1.34640080,2.54364000,1.11000000,141.22742190
2024-12-02,6.49215360,2.18900000,1.17400000,1.07700000,1.62531480,1.05317970,0.60179800,0.83700000,1.38726600,2.57394720,1.11800000,141.53611240
2024-12-03,6.49215360,2.18700000,1.17500000,1.06700000,1.64856680,1.05216800,0.60609400,0.83300000,1.38081360,2.59343040,1.10300000,141.50878570
2024-12-04,6.41975040,2.16400000,1.16000000,1.05700000,1.64972940,1.05317970,0.59249000,0.81900000,1.38403980,2.63889120,1.09500000,141.63124980
2024-12-05,6.39561600,2.15200000,1.17400000,1.06800000,1.64856680,1.04609780,0.59642800,0.85900000,1.39802000,2.63889120,1.09500000,141.66161280
2024-12-06,6.46801920,2.19900000,1.19100000,1.07800000,1.66716840,1.05621480,0.60502000,0.88400000,1.42705580,2.68435200,1.11300000,141.61809250
2024-12-09,6.48008640,2.20800000,1.17600000,1.06400000,1.67298140,1.05520310,0.58604600,0.87600000,1.42920660,2.69084640,1.10100000,141.63023770
2024-12-10,6.55248960,2.20400000,1.18800000,1.07900000,1.69042040,1.06026160,0.59284800,0.86900000,1.42598040,2.68651680,1.11400000,142.07151330
2024-12-11,6.58869120,2.21100000,1.18400000,1.08300000,1.67181880,1.07341370,0.60537800,0.87000000,1.45286540,2.72981280,1.11500000,142.08062220
2024-12-12,6.66109440,2.21900000,1.20200000,1.09900000,1.69274560,1.07948390,0.61110600,0.87500000,1.44533760,2.71465920,1.12000000,142.26381230
2024-12-13,6.52835520,2.17500000,1.16500000,1.07100000,1.65670500,1.04913290,0.59105800,0.88000000,1.41092480,2.64322080,1.10200000,142.76176550
2024-12-16,6.45595200,2.15800000,1.14800000,1.05200000,1.67414400,1.03294570,0.58210800,0.85800000,1.39802000,2.65837440,1.08400000,142.87107230
2024-12-17,6.46801920,2.14800000,1.15000000,1.04000000,1.67065620,1.02586380,0.56778800,0.83000000,1.37866280,2.63672640,1.08100000,142.66865230
2024-12-18,6.48008640,2.15100000,1.14700000,1.04800000,1.69274560,1.02080530,0.56814600,0.84400000,1.39802000,2.67569280,1.09800000,142.66055550
2024-12-19,6.44388480,2.15000000,1.14600000,1.05000000,1.67414400,1.01675850,0.56027000,0.84900000,1.38834140,2.61724320,1.13000000,142.70610000
2024-12-20,6.41975040,2.14600000,1.15000000,1.06000000,1.67181880,1.01068830,0.56206000,0.85400000,1.37005960,2.55446400,1.14900000,143.14838770
2024-12-23,6.37148160,2.12400000,1.13600000,1.04200000,1.70088380,1.00765320,0.54272800,0.81100000,1.35070240,2.52415680,1.12900000,143.07146810
2024-12-24,6.45595200,2.14000000,1.15500000,1.04500000,1.72297320,1.01574680,0.54451800,0.81200000,1.36871160,2.53991760,1.14500000,142.96216130
2024-12-25,6.43181760,2.13000000,1.14900000,1.03900000,1.74273740,1.00562980,0.53664200,0.80000000,1.35403070,2.55567950,1.14500000,142.70103950
2024-12-26,6.43181760,2.11600000,1.15100000,1.05300000,1.73924960,1.00967660,0.53592600,0.80200000,1.35854790,2.53541420,1.17100000,142.70306370
2024-12-27,6.44388480,2.11500000,1.15900000,1.07000000,1.73692440,1.00461810,0.54165400,0.79900000,1.35628930,2.53541420,1.15400000,142.99758480
2024-12-30,6.44388480,2.12200000,1.16900000,1.06500000,1.75785120,1.00765320,0.53306200,0.79900000,1.34951350,2.56018290,1.15500000,142.70913630
2024-12-31,6.38354880,2.09500000,1.12000000,1.04200000,1.73692440,0.98438410,0.52339600,0.77400000,1.32692750,2.55117610,1.11500000,142.92471360
2025-01-02,6.23874240,2.04600000,1.05800000,0.99600000,1.69855860,0.97426710,0.51480400,0.75600000,1.29869500,2.47687000,1.07100000,143.12207310
2025-01-03,6.14220480,2.02600000,1.02900000,0.96600000,1.68693260,0.98337240,0.49905200,0.72800000,1.27385040,2.47687000,1.05000000,143.50262270
2025-01-06,6.11807040,2.04200000,1.02800000,0.95500000,1.70204640,0.99247770,0.49547200,0.72100000,1.28853130,2.47461830,1.04500000,143.50464690
2025-01-07,6.14220480,2.01400000,1.04000000,0.97200000,1.71367240,1.01170000,0.49976800,0.73400000,1.28966060,2.45435300,1.08200000,143.27085180
2025-01-08,6.11807040,1.99800000,1.02900000,0.96500000,1.72762360,0.99551280,0.49726200,0.73600000,1.27385040,2.42508090,1.08000000,143.31639630
2025-01-09,6.11807040,1.99200000,1.02600000,0.97900000,1.71599760,1.00259470,0.49797800,0.73800000,1.26933320,2.40031220,1.08200000,143.00770580
2025-01-10,6.04566720,1.97000000,1.00700000,0.96700000,1.70553420,0.99854790,0.48473200,0.71700000,1.24900580,2.35527820,1.06700000,142.91762890
2025-01-13,6.02153280,1.98000000,1.01000000,0.96400000,1.68228220,1.02181700,0.48902800,0.71500000,1.25578160,2.34852310,1.05800000,142.74557190
2025-01-14,6.17840640,2.03300000,1.05400000,1.00000000,1.70785940,1.03699250,0.50370600,0.75400000,1.28627270,2.39806050,1.10800000,142.81844310
2025-01-15,6.10600320,2.00900000,1.04300000,0.98400000,1.72413580,1.02586380,0.50370600,0.75900000,1.28740200,2.38229860,1.09100000,142.97633070
2025-01-16,6.10600320,2.00900000,1.04300000,0.98300000,1.73924960,1.04407440,0.50406400,0.76200000,1.29982430,2.42057750,1.08400000,142.95204030
2025-01-17,6.13013760,2.01300000,1.04500000,0.99200000,1.72878620,1.04913290,0.50513800,0.75500000,1.29530710,2.41157070,1.10000000,142.88625380
2025-01-20,6.17840640,2.04600000,1.05100000,1.00200000,1.72297320,1.03901590,0.50692800,0.75700000,1.30095360,2.38229860,1.11100000,142.89738690
2025-01-21,6.17840640,2.04200000,1.05300000,0.99600000,1.72064800,1.03294570,0.51301400,0.76000000,1.27949690,2.34852310,1.13500000,142.92774990
2025-01-22,6.10600320,2.03300000,1.04900000,0.98900000,1.68925780,1.03294570,0.49547200,0.75000000,1.28062620,2.32375440,1.13200000,143.01985100
2025-01-23,6.09393600,2.03000000,1.05400000,0.98200000,1.73343660,1.02586380,0.50120000,0.75500000,1.27723830,2.34176800,1.12000000,142.85386660
2025-01-24,6.13013760,2.04100000,1.06500000,0.99000000,1.73692440,1.03598080,0.50120000,0.77000000,1.30321220,2.35752990,1.13200000,142.71014840
2025-01-27,6.14220480,2.04300000,1.03800000,0.98000000,1.76133900,1.03193400,0.49475600,0.77200000,1.31450520,2.37554350,1.10600000,143.20810160
2025-02-05,6.05773440,2.04100000,1.03700000,0.98800000,1.73343660,1.04407440,0.48974400,0.80500000,1.30208290,2.33726460,1.12400000,143.17065390
2025-02-06,6.13013760,2.06400000,1.05500000,1.01900000,1.73343660,1.05722650,0.49368200,0.82200000,1.31902240,2.34852310,1.16400000,143.30728740
2025-02-07,6.21460800,2.08400000,1.07700000,1.02800000,1.72762360,1.07037860,0.50549600,0.83100000,1.35177210,2.37779520,1.17600000,143.22328310
2025-02-10,6.22667520,2.10100000,1.08000000,1.03900000,1.72994880,1.07240200,0.51194000,0.85900000,1.36758230,2.37329180,1.18500000,142.99050010
2025-02-11,6.17840640,2.09000000,1.07000000,1.02700000,1.74506260,1.07240200,0.50370600,0.86600000,1.36193580,2.35978160,1.17900000,142.95710080
2025-02-12,6.21460800,2.09200000,1.08800000,1.03700000,1.75552600,1.06633180,0.52554400,0.88800000,1.36532370,2.35077480,1.21000000,142.95912500
2025-02-13,6.26287680,2.09000000,1.08100000,1.02800000,1.76250160,1.05924990,0.52411200,0.89700000,1.36645300,2.35752990,1.17800000,142.93584670
2025-02-14,6.31114560,2.13100000,1.08300000,1.02500000,1.76715200,1.06734350,0.51659400,0.91400000,1.35741860,2.34401970,1.18400000,142.63120460
2025-02-17,6.29907840,2.14500000,1.08700000,1.02500000,1.76250160,1.04205100,0.51731000,0.90100000,1.36532370,2.31925100,1.20500000,142.53606720
2025-02-18,6.22667520,2.12000000,1.05900000,0.99900000,1.77994060,1.03294570,0.50406400,0.86200000,1.34612560,2.28772720,1.17700000,142.33870770
2025-02-19,6.28701120,2.12900000,1.07200000,1.01600000,1.77412760,1.04205100,0.50943400,0.87400000,1.34386700,2.27646870,1.21200000,142.52088570
2025-02-20,6.31114560,2.16200000,1.07000000,1.03500000,1.77180240,1.04710950,0.50692800,0.86500000,1.35854790,2.27872040,1.21100000,142.28405430
2025-02-21,6.37148160,2.20400000,1.09200000,1.04300000,1.75087560,1.04306270,0.50728600,0.89100000,1.36193580,2.26521020,1.26300000,142.14944500
2025-02-24,6.34734720,2.16800000,1.08500000,1.04600000,1.73459920,1.04205100,0.51552000,0.88300000,1.36532370,2.26971360,1.25500000,141.75877440
2025-02-25,6.26287680,2.14800000,1.06900000,1.03800000,1.72064800,1.02889890,0.51158200,0.85500000,1.35967720,2.26070680,1.25200000,141.95006130
2025-02-26,6.31114560,2.16900000,1.09800000,1.04800000,1.73111140,1.03496910,0.52268000,0.85900000,1.44211610,2.28322380,1.26400000,141.96220650
2025-02-27,6.37148160,2.16700000,1.09300000,1.03700000,1.75320080,1.02991060,0.52733400,0.85400000,1.43985750,2.26521020,1.25000000,141.90350470
2025-02-28,6.27494400,2.13200000,1.06000000,1.00600000,1.74273740,1.01170000,0.51945800,0.81500000,1.40484920,2.23593810,1.19400000,141.95107340
2025-03-03,6.25080960,2.14300000,1.05700000,1.01100000,1.74273740,1.03901590,0.52124800,0.82600000,1.41501290,2.24719660,1.18200000,142.30126000
2025-03-04,6.23874240,2.14300000,1.06200000,1.04000000,1.73924960,1.04205100,0.51945800,0.83200000,1.42065940,2.21792450,1.20200000,142.29518740
2025-03-05,6.25080960,2.13500000,1.06300000,1.04400000,1.76482680,1.05216800,0.51122400,0.84000000,1.42743520,2.20441430,1.20500000,142.24660660
2025-03-06,6.33528000,2.16700000,1.08700000,1.05800000,1.75901380,1.06633180,0.52411200,0.88200000,1.42404730,2.21792450,1.23700000,142.11604570
2025-03-07,6.32321280,2.14800000,1.07100000,1.07200000,1.76017640,1.08049560,0.51480400,0.87200000,1.44550400,2.23818980,1.22300000,141.83265770
2025-03-10,6.32321280,2.15100000,1.06200000,1.07900000,1.74506260,1.09263600,0.51301400,0.85700000,1.42969380,2.27196530,1.22000000,141.59785050
2025-03-11,6.34734720,2.14200000,1.06500000,1.09900000,1.75552600,1.09870620,0.51301400,0.86600000,1.45227980,2.26746190,1.21100000,141.26993010
2025-03-12,6.32321280,2.13400000,1.07200000,1.09500000,1.75203820,1.09870620,0.51122400,0.87600000,1.45340910,2.25620340,1.21600000,141.76788330
2025-03-13,6.28701120,2.12500000,1.06500000,1.09300000,1.76017640,1.10578810,0.50621200,0.85700000,1.47034860,2.35527820,1.18800000,141.78610110
2025-03-14,6.52835520,2.17400000,1.10100000,1.09500000,1.78226580,1.11894020,0.51695200,0.87500000,1.46357280,2.34852310,1.21300000,141.76079860
2025-03-17,6.51628800,2.17700000,1.08900000,1.09100000,1.79040400,1.10882320,0.52196400,0.87400000,1.45566770,2.34176800,1.21200000,141.47032590
2025-03-18,6.54042240,2.21200000,1.09000000,1.08800000,1.78924140,1.12399870,0.52053200,0.87700000,1.44889190,2.32600610,1.22100000,141.57254800
2025-03-19,6.54042240,2.21700000,1.08900000,1.07600000,1.81249340,1.12298700,0.51659400,0.86400000,1.44324540,2.32150270,1.20400000,141.48348320
2025-03-20,6.46801920,2.20200000,1.08000000,1.08200000,1.80203000,1.11995190,0.51480400,0.85300000,1.45566770,2.33501290,1.18900000,141.65857650
2025-03-21,6.35941440,2.16200000,1.06200000,1.07700000,1.77994060,1.09364770,0.51015000,0.83800000,1.46696070,2.32600610,1.16100000,141.60493520
2025-03-24,6.38354880,2.15600000,1.06100000,1.05900000,1.79737960,1.11489340,0.50155800,0.83800000,1.46583140,2.32825780,1.16800000,141.53611240
2025-03-25,6.38354880,2.16500000,1.05700000,1.05400000,1.80551780,1.11691680,0.50263200,0.82200000,1.46018490,2.38004690,1.14900000,141.71120570
2025-03-26,6.38354880,2.16500000,1.05600000,1.05200000,1.77994060,1.10983490,0.50549600,0.82300000,1.46131420,2.37554350,1.14800000,141.87212960
2025-03-27,6.46801920,2.21600000,1.05900000,1.04900000,1.78691620,1.09870620,0.50478000,0.82300000,1.43759890,2.34852310,1.15100000,141.92374670
2025-03-28,6.44388480,2.21400000,1.05900000,1.04000000,1.77994060,1.09870620,0.50263200,0.82700000,1.42291800,2.31024420,1.14100000,141.89338370
2025-03-31,6.40768320,2.20100000,1.03800000,1.02100000,1.78459100,1.08960090,0.49332400,0.81400000,1.40371990,2.28097210,1.13800000,141.88326270
2025-04-01,6.46801920,2.26700000,1.03600000,1.03500000,1.77529020,1.09263600,0.49511400,0.81200000,1.42517660,2.31474760,1.13500000,141.87617800
2025-04-02,6.43181760,2.24500000,1.04000000,1.02300000,1.79156660,1.08150730,0.49439800,0.81800000,1.41614220,2.30574080,1.13400000,141.97941220
2025-04-03,6.40768320,2.23000000,1.03900000,1.02000000,1.79854220,1.06532010,0.49941000,0.81700000,1.42291800,2.30799250,1.10700000,142.49760740
2025-04-07,6.00946560,2.08200000,0.93500000,0.92700000,1.72994880,0.95909160,0.45430200,0.73500000,1.28062620,2.10083610,0.99900000,142.92572570
2025-04-08,6.13013760,2.08600000,0.94900000,0.94600000,1.73808700,0.97224370,0.46504200,0.73100000,1.29078990,2.17739390,0.97900000,142.81034630
2025-04-09,6.16633920,2.08400000,0.96800000,0.99900000,1.72529840,0.98438410,0.48831200,0.75000000,1.30434150,2.17964560,1.01600000,142.89232640
2025-04-10,6.27494400,2.12600000,0.98200000,1.01000000,1.73924960,1.02181700,0.49941000,0.77300000,1.32918610,2.19315580,1.04300000,143.02794780
2025-04-11,6.26287680,2.13000000,0.98500000,1.02100000,1.74390000,1.02991060,0.49511400,0.77000000,1.32918610,2.17964560,1.07700000,143.07551650
2025-04-14,6.26287680,2.14600000,0.98700000,1.02300000,1.75203820,1.05520310,0.49511400,0.77800000,1.34725490,2.23368640,1.07800000,142.95204030
2025-04-15,6.25080960,2.13800000,0.98100000,1.00500000,1.77877800,1.04710950,0.48938600,0.78200000,1.33257400,2.23143470,1.06600000,142.95507660
2025-04-16,6.26287680,2.13100000,0.97900000,1.00000000,1.79621700,1.04609780,0.49225000,0.77900000,1.32353960,2.23143470,1.06300000,143.07450440
2025-04-17,6.25080960,2.12700000,0.97900000,1.00100000,1.79854220,1.04103930,0.50334800,0.77500000,1.32692750,2.22918300,1.06400000,142.98543960
2025-04-18,6.21460800,2.12100000,0.98600000,0.99500000,1.81714380,1.03800420,0.51122400,0.78300000,1.33257400,2.21792450,1.06500000,142.92572570
2025-04-21,6.22667520,2.14600000,0.99200000,1.01200000,1.79272920,1.07746050,0.51015000,0.79900000,1.34725490,2.22017620,1.08000000,142.80629790
2025-04-22,6.26287680,2.17000000,0.99100000,1.00600000,1.80551780,1.07240200,0.51301400,0.79000000,1.34499630,2.21567280,1.07500000,142.85791500
2025-04-23,6.27494400,2.16000000,0.99200000,1.00500000,1.79737960,1.05722650,0.50478000,0.78700000,1.35403070,2.21342110,1.07700000,142.72735410
2025-04-24,6.26287680,2.16000000,0.98700000,0.99500000,1.81598120,1.05014460,0.50728600,0.77400000,1.34838420,2.21792450,1.06200000,142.60792630
2025-04-25,6.26287680,2.15300000,0.99400000,0.99800000,1.81133080,1.05216800,0.50191600,0.77700000,1.36306510,2.21342110,1.06700000,142.73545090
2025-04-28,6.23874240,2.15300000,0.98600000,0.99100000,1.82760720,1.04812120,0.48437400,0.77700000,1.37548740,2.18640070,1.06400000,142.69699110
2025-04-29,6.25080960,2.16400000,0.98500000,0.99100000,1.82179420,1.04609780,0.48473200,0.78700000,1.37548740,2.16838710,1.06700000,142.88422960
2025-04-30,6.32321280,2.18100000,0.98800000,0.99800000,1.78342840,1.04407440,0.48723800,0.79600000,1.35741860,2.15712860,1.08100000,142.99252430
2025-05-06,6.35941440,2.19100000,1.00200000,1.01400000,1.78226580,1.06936690,0.49153400,0.81900000,1.38790970,2.17964560,1.10600000,142.91661680
2025-05-07,6.35941440,2.17600000,1.00800000,1.05100000,1.80784300,1.07240200,0.49654600,0.81300000,1.39581480,2.19315580,1.09900000,142.87815700
2025-05-08,6.37148160,2.18500000,1.01100000,1.07200000,1.82760720,1.06430840,0.49583000,0.81700000,1.39129760,2.19540750,1.10500000,143.16154500
2025-05-09,6.37148160,2.19000000,1.00000000,1.04700000,1.85202180,1.06127330,0.48723800,0.80100000,1.38113390,2.18640070,1.08400000,143.12106100
2025-05-12,6.39561600,2.18100000,1.02300000,1.09600000,1.85434700,1.07037860,0.49046000,0.80900000,1.38678040,2.19090410,1.10400000,143.05527450
2025-05-13,6.38354880,2.19100000,1.01500000,1.06300000,1.88457460,1.07442540,0.48867000,0.80600000,1.39242690,2.20666600,1.09700000,142.96013710
2025-05-14,6.45595200,2.20700000,1.05100000,1.05700000,1.90085100,1.08251900,0.49117600,0.81100000,1.39581480,2.23143470,1.10000000,142.84273350
2025-05-15,6.45595200,2.20700000,1.03200000,1.03700000,1.89736320,1.06936690,0.48509000,0.79200000,1.38452180,2.23143470,1.07800000,142.74354770
2025-05-16,6.43181760,2.21700000,1.02000000,1.03800000,1.87992420,1.06734350,0.48473200,0.79200000,1.38000460,2.22017620,1.07800000,142.64841030
2025-05-19,6.40768320,2.20900000,1.02100000,1.04700000,1.87411120,1.06329670,0.49260800,0.79400000,1.39355620,2.22467960,1.07600000,142.71824520
2025-05-20,6.46801920,2.23900000,1.02100000,1.04500000,1.87876160,1.06734350,0.49153400,0.80500000,1.39129760,2.22017620,1.08400000,142.76581390
2025-05-21,6.50422080,2.25900000,1.01800000,1.04600000,1.89155020,1.09061260,0.48795400,0.79900000,1.38678040,2.27421700,1.07800000,142.75063240
2025-05-22,6.48008640,2.24800000,1.01000000,1.04000000,1.90666400,1.08049560,0.48186800,0.80300000,1.37548740,2.25620340,1.07200000,142.74962030
2025-05-23,6.50422080,2.23800000,0.99800000,1.02900000,1.89038760,1.08150730,0.47614000,0.78800000,1.36871160,2.23593810,1.05700000,142.85690290
2025-05-26,6.43181760,2.22100000,0.99600000,1.03900000,1.87643640,1.08150730,0.47685600,0.80300000,1.36984090,2.22693130,1.06600000,142.85386660
2025-05-27,6.41975040,2.23200000,0.99500000,1.03500000,1.88573720,1.06026160,0.47900400,0.79600000,1.35854790,2.20666600,1.05600000,142.80123740
2025-05-28,6.43181760,2.23700000,0.99100000,1.02600000,1.88224940,1.05924990,0.47685600,0.79600000,1.35290140,2.22017620,1.05000000,142.80832210
2025-05-29,6.46801920,2.27800000,1.00300000,1.04700000,1.88108680,1.06430840,0.48151000,0.80800000,1.35967720,2.23368640,1.07700000,142.64841030
2025-05-30,6.45595200,2.28000000,0.99700000,1.04800000,1.89736320,1.05621480,0.48151000,0.79900000,1.35854790,2.22017620,1.05900000,142.78301960
2025-06-03,6.45595200,2.30400000,1.00500000,1.04800000,1.92875340,1.06936690,0.48007800,0.81100000,1.33822050,2.20441430,1.06000000,142.77593490
2025-06-04,6.46801920,2.31300000,1.01800000,1.04700000,1.93224120,1.08251900,0.48473200,0.81400000,1.35290140,2.22693130,1.07100000,142.86702390
2025-06-05,6.44388480,2.29600000,1.02800000,1.05200000,1.91829000,1.07847220,0.48509000,0.82500000,1.35403070,2.21342110,1.09600000,142.93483460
2025-06-06,6.40768320,2.28400000,1.02100000,1.04700000,1.92177780,1.09162430,0.48509000,0.81900000,1.35516000,2.22242790,1.09200000,143.05122610
2025-06-09,6.41975040,2.31300000,1.03500000,1.06200000,1.92759080,1.09465940,0.48652200,0.82600000,1.36306510,2.23143470,1.09900000,143.10081900
2025-06-10,6.39561600,2.32000000,1.02200000,1.04500000,1.93805420,1.09567110,0.48365800,0.82300000,1.35741860,2.22017620,1.08200000,143.11701260
2025-06-11,6.43181760,2.31300000,1.04100000,1.04900000,1.94502980,1.11792850,0.48723800,0.83200000,1.37209950,2.24044150,1.08100000,143.10992790
2025-06-12,6.41975040,2.35600000,1.04000000,1.04100000,1.95200540,1.13006890,0.48437400,0.84200000,1.36871160,2.22242790,1.07800000,143.07956490
2025-06-13,6.32321280,2.31400000,1.02900000,1.05600000,1.93572900,1.12905720,0.47685600,0.82300000,1.35741860,2.21792450,1.06700000,143.10891580
2025-06-16,6.29907840,2.30200000,1.04400000,1.05600000,1.96130620,1.12501040,0.48652200,0.84400000,1.35516000,2.22017620,1.07700000,143.14029090
2025-06-17,6.23874240,2.25800000,1.04700000,1.05500000,1.95781840,1.12501040,0.48473200,0.83500000,1.35967720,2.23818980,1.07500000,143.29615430
2025-06-18,6.25080960,2.24700000,1.03500000,1.06200000,1.97525740,1.12298700,0.47864600,0.82700000,1.34838420,2.22017620,1.09200000,143.31234790
2025-06-19,6.20254080,2.22800000,1.01500000,1.04500000,1.97293220,1.10376470,0.46898000,0.82200000,1.33144470,2.18865240,1.08100000,143.31842050
2025-06-20,6.22667520,2.23000000,1.01300000,1.03400000,1.99385900,1.09971790,0.46898000,0.80800000,1.33483260,2.19090410,1.07300000,143.34372300
2025-06-23,6.20254080,2.24500000,1.02500000,1.05100000,2.02292400,1.10983490,0.47112800,0.81300000,1.33144470,2.22918300,1.07900000,143.31437210
2025-06-24,6.26287680,2.26300000,1.05000000,1.05700000,2.02757440,1.11590510,0.47685600,0.82800000,1.34725490,2.21792450,1.09700000,143.26073080
2025-06-25,6.32321280,2.27800000,1.10800000,1.09100000,2.04733860,1.12399870,0.48473200,0.83800000,1.35854790,2.21792450,1.11400000,143.22429520
2025-06-26,6.27494400,2.25600000,1.08800000,1.09100000,2.07175320,1.12905720,0.48294200,0.83700000,1.34612560,2.20666600,1.10900000,143.26275500
2025-06-27,6.27494400,2.25000000,1.08800000,1.09900000,2.01362320,1.15131460,0.48365800,0.83500000,1.35741860,2.22918300,1.11800000,143.35890450
2025-06-30,6.29907840,2.27600000,1.08600000,1.14700000,2.00781020,1.15232630,0.48652200,0.85900000,1.36306510,2.23143470,1.13300000,143.29413010
2025-07-01,6.31114560,2.30200000,1.08000000,1.14300000,2.03803780,1.16851350,0.48401600,0.85300000,1.37661670,2.23143470,1.13100000,143.34473510
2025-07-02,6.31114560,2.28500000,1.07400000,1.12000000,2.05082640,1.17761880,0.48688000,0.84500000,1.42743520,2.27196530,1.11000000,143.42570310
2025-07-03,6.33528000,2.30800000,1.08200000,1.12400000,2.05082640,1.17964220,0.48688000,0.84600000,1.42291800,2.25845510,1.12900000,143.44392090
2025-07-04,6.35941440,2.32100000,1.08200000,1.11600000,2.08919220,1.16244330,0.48437400,0.85400000,1.43082310,2.25845510,1.12700000,143.47732020
2025-07-07,6.32321280,2.30000000,1.08300000,1.11800000,2.09849300,1.15333800,0.49225000,0.85500000,1.43421100,2.25845510,1.11800000,143.45606610
2025-07-08,6.35941440,2.30800000,1.09500000,1.12500000,2.09384260,1.16547840,0.49762000,0.86900000,1.45679700,2.26746190,1.14200000,143.34473510
2025-07-09,6.38354880,2.32600000,1.09000000,1.11600000,2.10314340,1.14322100,0.49654600,0.87900000,1.45002120,2.28547550,1.13700000,143.34271090
2025-07-10,6.37148160,2.33600000,1.10400000,1.11300000,2.12872060,1.15940820,0.51373000,0.87800000,1.47486580,2.32600610,1.13500000,143.24959770
2025-07-11,6.41975040,2.38600000,1.13000000,1.12800000,2.08686700,1.18166560,0.51766800,0.87800000,1.49745180,2.31699930,1.13900000,143.21113790
2025-07-14,6.43181760,2.38500000,1.11900000,1.12300000,2.10314340,1.18672410,0.50907600,0.86300000,1.49632250,2.32150270,1.14000000,143.13826670
2025-07-15,6.44388480,2.40800000,1.11300000,1.11900000,2.08105400,1.17256030,0.50370600,0.86600000,1.47712440,2.26746190,1.15400000,143.27996070
2025-07-16,6.45595200,2.41500000,1.10800000,1.11800000,2.07175320,1.16952520,0.50120000,0.86600000,1.45905560,2.25845510,1.15000000,143.28906960
2025-07-17,6.50422080,2.45600000,1.11500000,1.14500000,2.06361500,1.17357200,0.50120000,0.87400000,1.48728810,2.26295850,1.17600000,143.28097280
2025-07-18,6.56455680,2.47900000,1.11900000,1.15500000,2.07756620,1.20291130,0.50442200,0.86600000,1.50422760,2.28772720,1.17000000,143.26882760
2025-07-21,6.54042240,2.46800000,1.13400000,1.16800000,2.06012720,1.23730910,0.50907600,0.87200000,1.55956330,2.34852310,1.17500000,143.18077490
2025-07-22,6.58869120,2.48000000,1.13600000,1.16800000,2.03687520,1.26664840,0.51623600,0.86600000,1.59908880,2.54216930,1.17300000,143.10587950
2025-07-23,6.60075840,2.48300000,1.14600000,1.15300000,2.04850120,1.26158990,0.51122400,0.86500000,1.59118370,2.50389040,1.17400000,143.05122610
2025-07-24,6.67316160,2.52500000,1.17900000,1.17400000,2.01943620,1.30306960,0.52268000,0.87500000,1.63409710,2.54442100,1.18700000,142.78099540
2025-07-25,6.62489280,2.51400000,1.17500000,1.17400000,2.01478580,1.30306960,0.52518600,0.87800000,1.60925250,2.51064550,1.20100000,142.81237050
2025-07-28,6.68522880,2.58300000,1.18500000,1.19200000,2.01943620,1.29699940,0.52769200,0.87700000,1.58440790,2.43859110,1.21300000,142.94697980
2025-07-29,6.73349760,2.63700000,1.18800000,1.20500000,1.99385900,1.29396430,0.52840800,0.88000000,1.62280410,2.46110810,1.22700000,142.77087440
2025-07-30,6.76969920,2.63600000,1.17100000,1.18800000,2.00664760,1.28587070,0.52661800,0.88400000,1.64764870,2.45435300,1.22100000,142.91155630
2025-07-31,6.62489280,2.59300000,1.14600000,1.18600000,1.99385900,1.24337930,0.50800200,0.87800000,1.58214930,2.38004690,1.21200000,143.02288730
2025-08-01,6.58869120,2.56800000,1.13800000,1.16700000,2.00199720,1.23832080,0.50513800,0.88700000,1.56520980,2.38229860,1.19900000,143.03098410
2025-08-04,6.61282560,2.57200000,1.14400000,1.19900000,2.01362320,1.25956650,0.50549600,0.90000000,1.56746840,2.39806050,1.20400000,143.00264530
2025-08-05,6.66109440,2.58400000,1.15200000,1.20500000,2.04617600,1.26462500,0.51158200,0.90400000,1.59231300,2.42733260,1.21100000,143.04717770
2025-08-06,6.67316160,2.59100000,1.15600000,1.24700000,2.04385080,1.27878880,0.51122400,0.90700000,1.59457160,2.47912170,1.22000000,143.06134710
2025-08-07,6.62489280,2.55000000,1.15600000,1.23800000,2.05431420,1.29598770,0.51695200,0.90900000,1.59005440,2.48137340,1.21900000,143.16255710
2025-08-08,6.62489280,2.54500000,1.14600000,1.23400000,2.04385080,1.31217490,0.51623600,0.89900000,1.60812320,2.47236660,1.20800000,143.22024680
2025-08-11,6.66109440,2.56500000,1.16200000,1.24100000,2.02757440,1.32026850,0.52232200,0.90800000,1.61264040,2.47236660,1.22400000,143.05122610
2025-08-12,6.67316160,2.56300000,1.16800000,1.23400000,2.02989960,1.31419830,0.52626000,0.90900000,1.59908880,2.50389040,1.24900000,143.02288730
2025-08-13,6.73349760,2.62700000,1.18800000,1.25000000,2.01246060,1.34252590,0.52769200,0.91700000,1.60473530,2.47687000,1.27900000,143.12207310
2025-08-14,6.72143040,2.61000000,1.18600000,1.22900000,2.01013540,1.33544400,0.52518600,0.90900000,1.56859770,2.43859110,1.27300000,143.06843180
2025-08-15,6.76969920,2.62400000,1.24400000,1.24300000,1.98455820,1.36174820,0.53807400,0.91500000,1.57989070,2.46110810,1.29300000,143.05527450
2025-08-18,6.81796800,2.64000000,1.25800000,1.27000000,1.98688340,1.36781840,0.53521000,0.93500000,1.59118370,2.44759790,1.32000000,142.75366870
2025-08-19,6.79383360,2.59000000,1.23400000,1.24800000,1.98920860,1.35972480,0.53986400,0.94000000,1.58440790,2.43633940,1.31200000,142.76480180
2025-08-20,6.91450560,2.61600000,1.24600000,1.25700000,1.99850940,1.37186520,0.54237000,0.95200000,1.60360600,2.44534620,1.35300000,142.70205160
2025-08-21,6.93864000,2.62900000,1.23600000,1.24900000,2.01013540,1.36680670,0.54058000,0.95000000,1.60925250,2.46561150,1.34500000,142.76480180
2025-08-22,7.01104320,2.66300000,1.27800000,1.27900000,2.00315980,1.38400560,0.54308600,0.97600000,1.60699390,2.46335980,1.42500000,142.72735410
2025-08-25,7.16791680,2.71800000,1.29200000,1.30400000,2.01943620,1.46291820,0.56277600,0.99000000,1.65781240,2.49713530,1.46100000,142.84779400
2025-08-26,7.13171520,2.68800000,1.27600000,1.29500000,2.00548500,1.44369590,0.55919600,1.00500000,1.63861430,2.47687000,1.46300000,142.85386660
2025-08-27,6.97484160,2.63100000,1.24400000,1.27200000,1.97293220,1.43357890,0.54058000,0.98300000,1.59005440,2.40706730,1.45700000,142.89232640
2025-08-28,6.99897600,2.63100000,1.26600000,1.29900000,1.97642000,1.45988310,0.54595000,0.99700000,1.58553720,2.39130540,1.55000000,142.82350360
2025-08-29,7.17998400,2.72000000,1.26800000,1.31100000,1.96479400,1.50338620,0.54380200,1.00000000,1.60134740,2.38905370,1.53900000,142.85589080
2025-09-01,7.27652160,2.82400000,1.25600000,1.30700000,1.93921680,1.55093610,0.54738200,1.01300000,1.60021810,2.39355710,1.56000000,142.96823390
2025-09-02,7.28858880,2.82400000,1.24000000,1.27400000,1.97525740,1.52867870,0.54237000,0.98800000,1.58102000,2.37779520,1.49500000,142.96620970
2025-09-03,7.27652160,2.83200000,1.19600000,1.20200000,1.95200540,1.52362020,0.53449400,0.99200000,1.55843400,2.33726460,1.47100000,143.11296420
2025-09-04,7.14378240,2.72700000,1.19400000,1.16600000,1.96944440,1.46089480,0.52840800,0.96200000,1.53358940,2.34852310,1.39200000,143.20000480
2025-09-05,7.28858880,2.82100000,1.20200000,1.18400000,1.95549320,1.52463190,0.53521000,0.99600000,1.55052890,2.37779520,1.46200000,142.98847590
2025-09-08,7.40926080,2.87000000,1.19200000,1.19300000,1.94037940,1.52159680,0.54093800,1.01500000,1.57311490,2.39355710,1.46200000,142.96013710
2025-09-09,7.34892480,2.81400000,1.19200000,1.16800000,1.95200540,1.53272550,0.54881400,1.00300000,1.57537350,2.38905370,1.42000000,142.93989510
2025-09-10,7.30065600,2.80000000,1.19000000,1.17800000,1.95665580,1.51755000,0.55203600,1.02300000,1.57198560,2.36878840,1.45000000,142.86297550
2025-09-11,7.32479040,2.77500000,1.22800000,1.20300000,1.96828180,1.54183080,0.55883800,1.03400000,1.58892510,2.37779520,1.56200000,142.96519760
2025-09-12,7.28858880,2.78000000,1.21200000,1.20000000,1.93921680,1.58027540,0.56599800,1.02600000,1.61151110,2.38680200,1.56600000,143.01074210
2025-09-15,7.28858880,2.77300000,1.20600000,1.19100000,1.92061520,1.56800250,0.57208400,1.04800000,1.60247670,2.41607410,1.56800000,143.10081900
2025-09-16,7.31272320,2.76600000,1.20800000,1.18500000,1.89852580,1.54757250,0.57781200,1.05600000,1.60247670,2.42508090,1.59000000,143.18684750
2025-09-17,7.38512640,2.78900000,1.21200000,1.19000000,1.89155020,1.55063700,0.58139200,1.06400000,1.60360600,2.47687000,1.60900000,143.34574720
2025-09-18,7.31272320,2.78100000,1.17600000,1.18400000,1.85783480,1.49547600,0.56707200,1.04600000,1.57537350,2.41607410,1.63000000,143.25263400
2025-09-19,7.28858880,2.74600000,1.16800000,1.19500000,1.86132260,1.51488450,0.57029400,1.05400000,1.56746840,2.47687000,1.61900000,143.09575850
2025-09-22,7.26445440,2.75400000,1.17800000,1.20100000,1.84039580,1.52918550,0.57136800,1.04500000,1.56408050,2.45435300,1.70000000,143.20911370
2025-09-23,7.17998400,2.69400000,1.16000000,1.19200000,1.86829820,1.51488450,0.56062800,1.03300000,1.53471870,2.46561150,1.68900000,143.08423720
2025-09-24,7.21618560,2.72800000,1.17000000,1.20300000,1.86364780,1.53531450,0.57530600,1.05700000,1.55165820,2.46561150,1.75000000,142.96357040
2025-09-25,7.22825280,2.75600000,1.17000000,1.20000000,1.85085920,1.56595950,0.57029400,1.08400000,1.55617540,2.44759790,1.75000000,142.91039520
2025-09-26,7.16791680,2.68300000,1.16600000,1.19600000,1.85202180,1.56493800,0.57136800,1.04600000,1.56069260,2.43633940,1.69800000,143.01674560
2025-09-29,7.22825280,2.70000000,1.22200000,1.20000000,1.84737140,1.62929250,0.57745400,1.05300000,1.59231300,2.41157070,1.72300000,142.98095460
2025-09-30,7.32479040,2.75700000,1.20800000,1.23400000,1.82876980,1.68853950,0.58962600,1.05700000,1.60925250,2.40706730,1.73900000,143.19263280
2025-10-09,7.28858880,2.76500000,1.21200000,1.24800000,1.82644460,1.83563550,0.58210800,1.04600000,1.65668310,2.47461830,1.78700000,143.28977980
2025-10-10,7.19205120,2.69500000,1.21400000,1.23300000,1.83574540,1.76923800,0.58425600,1.01200000,1.66684680,2.52190400,1.69700000,143.25910180
2025-10-13,7.04724480,2.63600000,1.20000000,1.24900000,1.84853400,1.83767850,0.58389800,0.99400000,1.69620860,2.51514890,1.68500000,143.30102840
2025-10-14,6.97484160,2.57300000,1.19200000,1.23300000,1.89620060,1.76515200,0.58318200,0.97700000,1.67701050,2.58044820,1.60400000,143.34909060
2025-10-15,7.05931200,2.62300000,1.20600000,1.23000000,1.90550140,1.78149600,0.58354000,0.98400000,1.68039840,2.57819650,1.64500000,143.30716400
2025-10-16,7.09551360,2.63100000,1.20200000,1.21800000,1.93456640,1.74063600,0.57852800,0.96500000,1.63974360,2.65475430,1.63400000,143.31329960
2025-10-17,6.95070720,2.58000000,1.18000000,1.17700000,1.92759080,1.70692650,0.57136800,0.94100000,1.63296780,2.63223730,1.57000000,143.41555960
2025-10-20,6.97484160,2.58600000,1.18000000,1.18000000,1.92759080,1.68343200,0.57494800,0.95700000,1.63183850,2.74257060,1.58900000,143.28875720
2025-10-21,7.03517760,2.62500000,1.19000000,1.19600000,1.92991600,1.70999100,0.58819400,0.96800000,1.65329520,2.70879510,1.64900000,143.30920920
2025-10-22,6.97484160,2.61200000,1.18000000,1.18200000,1.94851760,1.68751800,0.59249000,0.96400000,1.64877800,2.65925770,1.64000000,143.33579680
2025-10-23,6.99897600,2.60000000,1.19000000,1.17800000,1.96130620,1.70692650,0.58568800,0.97000000,1.65668310,2.72455700,1.62500000,143.29489280
2025-10-24,7.01104320,2.61500000,1.20000000,1.20800000,1.94968020,1.73655000,0.57960200,0.97500000,1.63861430,2.67501960,1.70200000,143.28568940
2025-10-27,7.04724480,2.64500000,1.21600000,1.22200000,1.95200540,1.77843150,0.57960200,0.97500000,1.67701050,2.69528490,1.76000000,143.33375160
2025-10-28,6.98690880,2.60600000,1.21000000,1.23600000,1.94619240,1.72224900,0.57638000,0.97100000,1.64426080,2.66601280,1.74500000,143.61905700
2025-10-29,7.02311040,2.61600000,1.23400000,1.24300000,1.91015180,1.80192600,0.58103400,0.98800000,1.65555380,2.70204000,1.77500000,143.73767860
2025-10-30,6.92657280,2.54200000,1.21200000,1.21900000,1.90782660,1.82235600,0.57208400,0.97200000,1.67588120,2.68852980,1.73400000,143.85323240
2025-10-31,6.98690880,2.59200000,1.20000000,1.20400000,1.90666400,1.78149600,0.57423200,0.99300000,1.67362260,2.66150940,1.66900000,143.86959400
2025-11-03,6.93864000,2.57100000,1.19400000,1.21200000,1.92991600,1.75595850,0.57423200,1.02100000,1.70524300,2.72906040,1.66600000,143.80619280
2025-11-04,6.84210240,2.52200000,1.18600000,1.19500000,1.97060700,1.70284050,0.57172600,1.00900000,1.69620860,2.72455700,1.64100000,143.79903460
2025-11-05,6.83003520,2.52200000,1.18600000,1.19300000,1.97409480,1.70999100,0.57494800,1.00700000,1.71088950,2.77184270,1.63500000,143.80414760
2025-11-06,6.86623680,2.53100000,1.20000000,1.20300000,1.96246880,1.76515200,0.57315800,0.99500000,1.73799270,2.79210800,1.69000000,143.73665600
2025-11-07,6.83003520,2.51800000,1.19000000,1.19500000,1.96130620,1.77536700,0.57136800,0.98400000,1.74138060,2.79210800,1.65800000,143.76631140
2025-11-10,6.93864000,2.54100000,1.20400000,1.19300000,1.97176960,1.78353900,0.57745400,0.99100000,1.73686340,2.81012160,1.64300000,143.76222100
2025-11-11,6.91450560,2.52600000,1.19000000,1.18100000,1.97874520,1.75902300,0.58139200,0.98000000,1.74250990,2.77409440,1.61100000,143.77960520
2025-11-12,6.95070720,2.54800000,1.18200000,1.17000000,1.99153380,1.76004450,0.57745400,0.97400000,1.73912200,2.74031890,1.60600000,143.83891600
2025-11-13,6.99897600,2.58900000,1.19200000,1.17900000,1.99037120,1.83257100,0.58318200,0.97900000,1.76509590,2.76733930,1.62000000,143.78165040
2025-11-14,6.93864000,2.57600000,1.17800000,1.17400000,1.99153380,1.79784000,0.58533000,0.96000000,1.76509590,2.73581550,1.56800000,143.76426620
2025-11-17,6.86623680,2.52400000,1.16400000,1.18800000,1.96711920,1.78864650,0.59141600,0.96800000,1.77413030,2.78310120,1.56300000,143.79085380
2025-11-18,6.84210240,2.51200000,1.16600000,1.17200000,1.96014360,1.73859300,0.57888600,0.99100000,1.71653600,2.68627810,1.56900000,143.79903460
2025-11-19,6.80590080,2.49700000,1.16600000,1.17800000,1.97642000,1.78762500,0.56886200,0.97000000,1.70750160,2.68402640,1.55700000,143.75608540
2025-11-20,6.76969920,2.48200000,1.16200000,1.16500000,1.99385900,1.77945300,0.57065200,0.95700000,1.71314810,2.62548220,1.54400000,143.83073520
2025-11-21,6.67316160,2.44400000,1.12200000,1.14200000,1.97409480,1.68547500,0.55203600,0.95800000,1.64087290,2.54892440,1.47900000,143.79187640
2025-11-24,6.69729600,2.46900000,1.12400000,1.18800000,1.96246880,1.67321700,0.55275200,0.99000000,1.63522640,2.52640740,1.47900000,143.80823800
2025-11-25,6.74556480,2.48300000,1.12800000,1.18200000,1.98688340,1.70999100,0.55704800,1.01100000,1.64087290,2.54442100,1.50900000,143.81130580
2025-11-26,6.76969920,2.50200000,1.12400000,1.16000000,1.97060700,1.70999100,0.55418400,1.00100000,1.63409710,2.52640740,1.53900000,143.65587060
2025-11-27,6.73349760,2.47500000,1.12400000,1.15800000,1.97758260,1.71203400,0.55132000,0.98900000,1.63522640,2.54216930,1.53700000,143.64768980
2025-11-28,6.74556480,2.46300000,1.12800000,1.17200000,1.96363140,1.74063600,0.55239400,0.99100000,1.66007100,2.53991760,1.55200000,143.70393280
2025-12-01,6.80590080,2.47800000,1.13200000,1.18400000,1.97758260,1.79375400,0.55275200,1.00000000,1.67362260,2.56468630,1.58000000,143.75199500
2025-12-02,6.74556480,2.43600000,1.12000000,1.18100000,1.97642000,1.76821650,0.55203600,0.97700000,1.67023470,2.56243460,1.56600000,143.71620400
2025-12-03,6.72143040,2.42600000,1.11000000,1.16900000,1.96479400,1.77945300,0.54344400,0.95500000,1.66458820,2.57819650,1.55300000,143.72847520
2025-12-04,6.69729600,2.43600000,1.11400000,1.17600000,1.95084280,1.78558200,0.53914800,0.95300000,1.65103660,2.55567950,1.57200000,143.58428860
2025-12-05,6.73349760,2.44700000,1.14200000,1.20400000,1.94037940,1.83154950,0.54093800,0.96100000,1.67136400,2.54442100,1.57500000,143.65791580
2025-12-08,6.73349760,2.45500000,1.16600000,1.21600000,1.94400000,1.84482900,0.54380200,0.96800000,1.66345890,2.50614210,1.61200000,143.64257680
2025-12-09,6.67316160,2.45700000,1.14800000,1.21500000,1.93920000,1.78353900,0.53270400,0.96000000,1.62393340,2.47011490,1.62500000,143.72131700
2025-12-10,6.73349760,2.47000000,1.15200000,1.22500000,1.90920000,1.80192600,0.54917200,0.96900000,1.63070920,2.47687000,1.61200000,143.74279160
2025-12-11,6.70936320,2.46800000,1.13800000,1.22000000,1.91280000,1.78864650,0.53091400,0.95100000,1.60699390,2.45210130,1.58200000,143.83891600
2025-12-12,6.70936320,2.46900000,1.14200000,1.23300000,1.90800000,1.80805500,0.52948200,0.96100000,1.61941620,2.44309450,1.60800000,143.79903460
2025-12-15,6.68522880,2.43800000,1.14800000,1.24500000,1.91520000,1.79988300,0.52375400,0.94800000,1.63748500,2.46110810,1.56300000,143.73870120
2025-12-16,6.63696000,2.39400000,1.14200000,1.22600000,1.90080000,1.75187250,0.51874200,0.92400000,1.61151110,2.42057750,1.54500000,143.71211360
2025-12-17,6.69729600,2.42100000,1.16400000,1.22600000,1.90560000,1.81316250,0.51838400,0.94600000,1.62957990,2.42057750,1.59100000,143.80721540
2025-12-18,6.67316160,2.42000000,1.15200000,1.23900000,1.94400000,1.81009800,0.51659400,0.95100000,1.63070920,2.46561150,1.56100000,143.89311380
2025-12-19,6.76969920,2.45500000,1.15600000,1.25500000,1.93800000,1.84585050,0.52626000,0.96200000,1.66007100,2.45660470,1.56100000,143.96878620
2025-12-22,6.79383360,2.43900000,1.15600000,1.26200000,1.92360000,1.88671050,0.53270400,0.95900000,1.67362260,2.45210130,1.60000000,143.89515900
2025-12-23,6.73349760,2.43300000,1.15400000,1.24300000,1.92960000,1.89896850,0.52733400,0.96000000,1.66458820,2.43859110,1.60800000,144.13751520
2025-12-24,6.72143040,2.43200000,1.16200000,1.27800000,1.92720000,1.90918350,0.53091400,0.96200000,1.68339600,2.42694780,1.64000000,144.07820440
2025-12-25,6.74556480,2.44200000,1.16600000,1.31700000,1.92480000,1.88671050,0.53485200,0.96600000,1.68928200,2.42227160,1.63700000,144.03014220
2025-12-26,6.76969920,2.44600000,1.17600000,1.33200000,1.92000000,1.96128000,0.53735800,0.96700000,1.71400320,2.42928590,1.62500000,144.12880900
2025-12-29,6.73349760,2.42300000,1.16600000,1.35000000,1.93680000,1.91837700,0.53521000,0.96200000,1.70694000,2.43863830,1.63600000,143.95517840
2025-12-30,6.72143040,2.40800000,1.16400000,1.34000000,1.93560000,1.95004350,0.52948200,0.97200000,1.70811720,2.41993350,1.64600000,143.93154820
2025-12-31,6.70936320,2.39800000,1.15800000,1.37300000,1.93680000,1.96843050,0.53664200,0.99800000,1.70811720,2.40356680,1.63100000,143.93463040
2026-01-05,6.84210240,2.48900000,1.18000000,1.40700000,1.92960000,2.02359150,0.54201200,1.04300000,1.70811720,2.41759540,1.68800000,143.80004100
2026-01-06,6.90243840,2.50800000,1.22800000,1.45300000,1.93680000,2.10429000,0.54988800,1.06500000,1.73283840,2.46201930,1.71800000,143.69216400
2026-01-07,6.91450560,2.52800000,1.21000000,1.44000000,1.92360000,2.11246200,0.55024600,1.07200000,1.74225600,2.55554330,1.72400000,143.61305420
2026-01-08,6.87830400,2.52500000,1.18000000,1.50500000,1.90560000,2.07568800,0.55919600,1.09300000,1.74578760,2.55320520,1.71700000,143.73736960
2026-01-09,6.93864000,2.56500000,1.18200000,1.56700000,1.89960000,2.13902100,0.56349200,1.16600000,1.75285080,2.56255760,1.73000000,143.72606820
2026-01-12,6.96277440,2.56500000,1.19800000,1.68200000,1.90440000,2.16353700,0.56170200,1.28300000,1.80229320,2.55788140,1.75800000,143.79695880
2026-01-13,6.93864000,2.60700000,1.19000000,1.55200000,1.91640000,2.18703150,0.55060400,1.28900000,1.76462280,2.52748610,1.70500000,143.83805480
2026-01-14,6.89037120,2.59800000,1.18200000,1.56300000,1.88400000,2.19418200,0.54272800,1.32200000,1.75755960,2.50644320,1.72500000,143.93154820
2026-01-15,6.86623680,2.55900000,1.16200000,1.50300000,1.87200000,2.25342900,0.54702400,1.25900000,1.74225600,2.49475270,1.74900000,143.98805520
2026-01-16,6.85416960,2.53200000,1.15400000,1.49500000,1.84920000,2.22176250,0.54093800,1.18900000,1.71871200,2.46435740,1.78900000,144.08052120
2026-01-19,6.84210240,2.51200000,1.15000000,1.52600000,1.83840000,2.22380550,0.54738200,1.18500000,1.74225600,2.49942890,1.77600000,144.07127460
2026-01-20,6.81796800,2.47800000,1.15400000,1.47700000,1.85760000,2.23095600,0.55704800,1.18000000,1.75520520,2.53216230,1.75200000,144.16271320
2026-01-21,6.79383360,2.47600000,1.14600000,1.47900000,1.82640000,2.30143950,0.56027000,1.17900000,1.78698960,2.50176700,1.80800000,144.15963100
2026-01-22,6.73349760,2.46100000,1.15000000,1.52600000,1.81800000,2.28407400,0.56313400,1.18100000,1.82112840,2.54619090,1.80800000,144.14627480
2026-01-23,6.76969920,2.48800000,1.14800000,1.57400000,1.80000000,2.34229950,0.56814600,1.22100000,1.85291280,2.52280990,1.80700000,144.19456260
2026-01-26,6.69729600,2.47700000,1.15800000,1.50300000,1.80840000,2.46590100,0.55525800,1.18600000,1.84820400,2.57424810,1.77200000,144.16682280
2026-01-27,6.64902720,2.46000000,1.14600000,1.52500000,1.80360000,2.44240650,0.54917200,1.20000000,1.82230560,2.50878130,1.79500000,144.18017900
2026-01-28,6.58869120,2.43900000,1.14600000,1.50300000,1.79760000,2.60380350,0.55525800,1.17900000,1.86233040,2.62802440,1.80100000,144.20278180
2026-01-29,6.75763200,2.46000000,1.15800000,1.47300000,1.82280000,2.65079250,0.57459000,1.23200000,1.87174800,2.63971490,1.73800000,144.29113820
2026-01-30,6.61282560,2.43000000,1.14000000,1.44600000,1.81560000,2.38928850,0.55346800,1.21900000,1.82230560,2.64205300,1.74700000,144.27675460
2026-02-02,6.51628800,2.37000000,1.12600000,1.42000000,1.82040000,2.15025750,0.53485200,1.18400000,1.70929440,2.48540030,1.68000000,144.27983680
2026-02-03,6.62489280,2.39800000,1.12200000,1.48300000,1.80480000,2.29735350,0.54702400,1.22500000,1.76815440,2.49942890,1.70600000,144.33017940
2026-02-04,6.72143040,2.42700000,1.13800000,1.48500000,1.82640000,2.30143950,0.56206000,1.18500000,1.80935640,2.72622460,1.68100000,144.31476840
2026-02-05,6.78176640,2.44100000,1.14000000,1.46600000,1.85760000,2.19009600,0.56134400,1.17600000,1.77168600,2.64906730,1.66100000,144.40107000
2026-02-06,6.73349760,2.44100000,1.13400000,1.44000000,1.85160000,2.19928950,0.55382600,1.15900000,1.76462280,2.63737680,1.65500000,144.43805640
2026-02-09,6.75763200,2.44400000,1.14400000,1.46600000,1.85880000,2.24627850,0.56599800,1.20900000,1.79640720,2.65140540,1.70000000,144.52641280
2026-02-10,6.75763200,2.47300000,1.14200000,1.46900000,1.86240000,2.24219250,0.55669000,1.26400000,1.79405280,2.67478640,1.70800000,144.52333060
2026-02-11,6.75763200,2.47600000,1.14200000,1.45800000,1.86840000,2.30450400,0.55525800,1.22800000,1.82583720,2.71219600,1.68800000,144.58908420
2026-02-12,6.72143040,2.46900000,1.13400000,1.47800000,1.84080000,2.31982650,0.55239400,1.23500000,1.82701440,2.72154840,1.71400000,144.64867340
2026-02-13,6.66109440,2.44500000,1.12400000,1.48300000,1.82880000,2.24014950,0.54988800,1.21100000,1.78110360,2.67478640,1.71200000,144.70415300
2026-02-24,6.62489280,2.43700000,1.12000000,1.50100000,1.82760000,2.30859000,0.54988800,1.17400000,1.81759680,2.75895800,1.73800000,144.72059140
2026-02-25,6.64902720,2.43900000,1.12600000,1.52600000,1.81560000,2.39746050,0.56492400,1.16900000,1.89529200,2.75194370,1.75500000,144.60141300
2026-02-26,6.56455680,2.41000000,1.11600000,1.55200000,1.81200000,2.37907350,0.55132000,1.15500000,1.92354480,2.73323890,1.78200000,144.46271400
2026-02-27,6.56455680,2.41700000,1.11600000,1.55000000,1.81320000,2.46181500,0.55275200,1.16600000,1.97063280,2.81039620,1.76800000,144.55312520
2026-03-02,6.45595200,2.36900000,1.10200000,1.58800000,1.82400000,2.55170700,0.54022200,1.12300000,1.97298720,2.90625830,1.74700000,144.67744060
2026-03-03,6.34734720,2.31600000,1.09200000,1.47900000,1.83960000,2.41278300,0.52447000,1.06200000,1.90824120,2.99978230,1.66100000,144.66613920
2026-03-04,6.26287680,2.28200000,1.06600000,1.49700000,1.81920000,2.39541750,0.51981600,1.05700000,1.89058320,2.93431550,1.65300000,144.79045460
2026-03-05,6.27494400,2.29400000,1.06800000,1.50800000,1.83720000,2.37600900,0.52303800,1.07500000,1.89293760,2.92730120,1.68600000,144.72983800
2026-03-06,6.35941440,2.34600000,1.08000000,1.52300000,1.84080000,2.32799850,0.52840800,1.08100000,1.90235520,2.89222970,1.68900000,144.76682440
2026-03-09,6.28701120,2.31300000,1.06200000,1.49300000,1.82714040,2.30552550,0.51945800,1.08100000,1.88940600,2.98341560,1.65800000,144.59319380
2026-03-10,6.39561600,2.37300000,1.07000000,1.51100000,1.82961620,2.32799850,0.52482800,1.08900000,1.87881120,2.88521540,1.70700000,144.60141300
2026-03-11,6.40768320,2.35100000,1.07200000,1.48900000,1.84694680,2.31982650,0.52697600,1.08100000,1.86939360,2.96471080,1.69800000,144.59113900
2026-03-12,6.34734720,2.32900000,1.07200000,1.45700000,1.85932580,2.30246100,0.52554400,1.06200000,1.88587440,3.12136350,1.68100000,144.59524860
2026-03-13,6.33528000,2.31600000,1.06200000,1.41400000,1.86675320,2.24014950,0.52554400,1.04400000,1.87527960,3.08395390,1.66900000,144.62915280
2026-03-16,6.38354880,2.33100000,1.05800000,1.41500000,1.87418060,2.17170900,0.52876600,1.05200000,1.81524240,3.01147280,1.69100000,144.53257720
2026-03-17,6.39561600,2.34600000,1.06800000,1.37600000,1.89027330,2.13595650,0.53055600,1.04000000,1.80935640,2.94600600,1.64700000,144.53463200
2026-03-18,6.39561600,2.35500000,1.06600000,1.40000000,1.88037010,2.11961250,0.52482800,1.05100000,1.79640720,2.92496310,1.68200000,144.67641320
2026-03-19,6.28701120,2.31600000,1.05000000,1.36300000,1.87665640,1.98579600,0.51050800,1.03300000,1.72577520,2.99042990,1.64500000,144.75449560
2026-03-20,6.22667520,2.29100000,1.03400000,1.32500000,1.87170480,1.95821550,0.50155800,1.00200000,1.68928200,2.99978230,1.61700000,144.71237220
2026-03-23,6.02153280,2.19600000,0.99000000,1.25900000,1.81723720,1.86219450,0.47649800,0.94800000,1.61511840,3.02316330,1.53700000,144.65792000
2026-03-24,6.06980160,2.26000000,1.00000000,1.29000000,1.84570890,1.93267800,0.49010200,0.97200000,1.67280120,3.00679660,1.56400000,144.62093360
2026-03-25,6.14220480,2.27700000,1.01200000,1.31300000,1.86056370,1.99396800,0.49726200,0.99100000,1.70340840,2.96003460,1.60400000,144.65446550
2026-03-26,6.06980160,2.25000000,0.99000000,1.28800000,1.86922900,1.96025850,0.48795400,0.97200000,1.66926960,2.99510610,1.56800000,144.71016650
2026-03-27,6.17840640,2.33400000,0.99800000,1.29600000,1.85932580,2.01848400,0.49153400,0.98500000,1.69399080,2.98575370,1.57100000,144.79784400
2026-03-30,6.20254080,2.34700000,0.99200000,1.31000000,1.86675320,2.05117200,0.49010200,0.98500000,1.70811720,2.96471080,1.55900000,144.88861600
2026-03-31,6.19047360,2.34600000,0.98400000,1.30400000,1.88408380,2.02563450,0.48544800,0.98600000,1.67986440,2.85248200,1.52500000,144.92987600
2026-04-01,6.33528000,2.44300000,0.99800000,1.30900000,1.88284590,2.06955900,0.48831200,1.00900000,1.69987680,2.83611530,1.57000000,144.80712750
2026-04-02,6.32321280,2.43600000,0.98000000,1.28500000,1.89027330,2.03380650,0.47578200,0.97900000,1.68457320,2.86417250,1.52400000,144.83291500
2026-04-03,6.22667520,2.39000000,0.97000000,1.27000000,1.87170480,2.01337650,0.46575800,0.95200000,1.66102920,2.78701520,1.52600000,144.90099400
2026-04-07,6.20254080,2.38200000,0.96800000,1.26900000,1.85066050,2.03482800,0.46647400,0.96200000,1.66691520,2.86651060,1.54200000,144.88345850
2026-04-08,6.32321280,2.43500000,1.00800000,1.33300000,1.86799110,2.16455850,0.48437400,1.03900000,1.72224360,2.81039620,1.64500000,144.80919050
2026-04-09,6.27494400,2.40800000,0.98600000,1.32300000,1.85189840,2.14821450,0.47757200,1.01200000,1.71400320,2.78935330,1.64900000,144.82672600
2026-04-10,6.29907840,2.41700000,1.02000000,1.33900000,1.84694680,2.14106400,0.48258400,1.02400000,1.71400320,2.79402950,1.68900000,144.82878900
2026-04-13,6.25080960,2.39100000,1.02800000,1.35100000,1.84818470,2.14106400,0.48688000,1.00500000,1.73166120,2.81974860,1.70700000,144.86592300
2026-04-14,6.27494400,2.41200000,1.03400000,1.37500000,1.86427740,2.18192400,0.50048400,1.01700000,1.72342080,2.78935330,1.75100000,144.89274200
2026-04-15,6.33528000,2.46500000,1.02800000,1.36700000,1.88779750,2.14923600,0.49296600,1.00600000,1.70694000,2.79402950,1.73100000,145.02993150
2026-04-16,6.34734720,2.46100000,1.03200000,1.37500000,1.88037010,2.21665500,0.49439800,1.03200000,1.74461040,2.80104380,1.75600000,145.11864050
2026-04-17,6.23874240,2.40300000,1.02800000,1.38600000,1.86922900,2.21359050,0.50263200,1.03000000,1.73872440,2.75661990,1.77700000,145.18775100
2026-04-20,6.23874240,2.39600000,1.02800000,1.42500000,1.88903540,2.22584850,0.50048400,1.04900000,1.73754720,2.75194370,1.81400000,145.17227850
2026-04-21,6.23874240,2.37900000,1.01800000,1.41600000,1.89893860,2.22687000,0.49869400,1.03700000,1.73166120,2.81974860,1.81000000,145.16712100
2026-04-22,6.21460800,2.38500000,1.02800000,1.42000000,1.88284590,2.22584850,0.50120000,1.03400000,1.73754720,2.82910100,1.87000000,145.27336550
2026-04-23,6.23874240,2.37700000,1.01800000,1.42400000,1.89151120,2.14310700,0.49833600,1.02600000,1.70811720,2.91327260,1.85000000,145.27336550
2026-04-24,6.21460800,2.37000000,1.00800000,1.39600000,1.88408380,2.16353700,0.49511400,0.99800000,1.70458560,2.91561070,1.84900000,145.33731850
2026-04-27,6.17840640,2.36700000,1.01200000,1.39300000,1.87789430,2.14004250,0.49404000,0.99200000,1.68457320,2.93197740,1.91800000,145.13308150
2026-04-28,6.21460800,2.40100000,1.02400000,1.37100000,1.88284590,2.08692450,0.49583000,0.97600000,1.68575040,3.03485380,1.89600000,145.25583000
2026-04-29,6.26287680,2.40600000,1.02800000,1.37700000,1.87665640,2.18601000,0.50621200,0.99800000,1.72224360,3.08629200,1.90000000,145.33731850
2026-04-30,6.25080960,2.39000000,1.03200000,1.39900000,1.86551530,2.16455850,0.51480400,0.98500000,1.69634520,3.07460150,1.93800000,145.31049950
2026-05-06,6.23874240,2.38800000,1.04600000,1.43000000,1.85189840,2.24627850,0.52339600,1.01100000,1.71400320,3.09096820,2.02800000,145.24654650
2026-05-07,6.25080960,2.40300000,1.04200000,1.44600000,1.84323310,2.25445050,0.52626000,1.03800000,1.71518040,2.93899170,2.06000000,145.25583000
2026-05-08,6.23874240,2.37300000,1.03400000,1.47400000,1.84323310,2.25342900,0.53270400,1.03300000,1.72459800,2.91327260,2.03800000,145.33835000
2026-05-11,6.27494400,2.42100000,1.05000000,1.48300000,1.84323310,2.25547200,0.54022200,1.02700000,1.71871200,2.92730120,2.13500000,145.34969650
2026-05-12,6.26287680,2.43300000,1.05400000,1.46900000,1.83704360,2.23504200,0.54058000,1.00700000,1.69752240,2.89690590,2.13200000,145.40333450
2026-05-13,6.22667520,2.41000000,1.04600000,1.48800000,1.83332990,2.25649350,0.53377800,1.02400000,1.69045920,2.87118680,2.21000000,145.44046850
2026-05-14,6.13013760,2.34100000,1.02400000,1.41900000,1.84075730,2.17579500,0.52124800,0.97900000,1.65514320,2.83377720,2.13900000,145.45284650
2026-05-15,6.08186880,2.33500000,1.00200000,1.38500000,1.83085410,2.08283850,0.51301400,0.98200000,1.62335880,2.87820110,2.10800000,145.51783100
2026-05-18,6.02153280,2.29000000,1.00000000,1.37500000,1.81228560,2.05219350,0.50657000,0.97600000,1.59981480,2.92730120,2.15500000,145.57146900
2026-05-19,6.02153280,2.29200000,1.01000000,1.37700000,1.81971300,2.02359150,0.51050800,0.99800000,1.59746040,2.92028690,2.21000000,145.69628050
2026-05-20,5.98533120,2.29700000,1.00200000,1.37100000,1.80362030,2.02767750,0.50692800,0.96900000,1.57980240,2.87352490,2.24500000,145.72825700
2026-05-21,6.03360000,2.32500000,1.00600000,1.33700000,1.80980980,1.98886050,0.48831200,0.94300000,1.55037240,2.78233900,2.18200000,145.63851650
2026-05-22,5.96119680,2.28900000,0.99200000,1.35700000,1.80609610,2.06240850,0.49117600,0.94100000,1.55625840,2.75895800,2.27400000,145.65192600
2026-05-25,5.91292800,2.27100000,0.99800000,1.37600000,1.80238240,2.06853750,0.49475600,0.93200000,1.54684080,2.84780580,2.39700000,145.62304400
2026-05-26,5.92499520,2.26600000,1.00800000,1.34800000,1.80980980,2.14004250,0.49010200,0.92100000,1.55861280,2.81974860,2.38100000,145.67874500
2026-05-27,5.91292800,2.27200000,0.99800000,1.32300000,1.80341190,2.05627950,0.47578200,0.90900000,1.51387920,2.87586300,2.34900000,145.75301300
2026-05-28,5.79225600,2.23200000,0.97600000,1.34400000,1.78937260,2.03380650,0.48007800,0.90200000,1.51858800,2.92496310,2.36500000,145.87163550
2026-05-29,5.87672640,2.28300000,0.98600000,1.28400000,1.82255640,2.00724750,0.48473200,0.90300000,1.51034760,3.00212040,2.27200000,145.95621850
2026-06-01,5.86465920,2.24900000,0.98800000,1.26900000,1.84425350,1.99090350,0.48580600,0.93300000,1.52094240,3.20085890,2.16800000,145.96137600
2026-06-02,5.82845760,2.22200000,0.99000000,1.26700000,1.85574020,2.05832250,0.47685600,0.90600000,1.50446160,3.14942070,2.23000000,145.93662000
2026-06-03,5.75605440,2.18900000,0.99000000,1.27300000,1.83787200,2.07568800,0.47112800,0.89100000,1.49739840,3.27334000,2.28100000,145.92011600
2026-06-04,5.67158400,2.15300000,0.97600000,1.27800000,1.81872750,2.01235500,0.46754800,0.87500000,1.48562640,3.34348300,2.32000000,145.96137600
2026-06-05,5.69571840,2.15700000,0.97000000,1.27400000,1.84042460,1.96740900,0.46432600,0.87400000,1.48798080,3.26164950,2.22400000,145.95725000
2026-06-08,5.62331520,2.11900000,0.95400000,1.22000000,1.85446390,1.85913000,0.45179600,0.85400000,1.44795600,3.24762090,2.12700000,145.86338350
2026-06-09,5.58711360,2.10700000,0.96000000,1.23500000,1.86339800,1.90918350,0.45215400,0.86800000,1.45384200,3.17981600,2.23800000,145.79736750
2026-06-10,5.59918080,2.13100000,0.97400000,1.22200000,1.89147660,1.88262450,0.45251200,0.85300000,1.44207000,3.05122050,2.18200000,145.72825700
2026-06-11,5.57504640,2.12200000,0.96400000,1.21900000,1.88637140,1.92042000,0.45108000,0.82300000,1.43971560,3.06291100,2.17800000,145.58384700
2026-06-12,5.65951680,2.18100000,0.99800000,1.24600000,1.91700260,2.01848400,0.45716600,0.83000000,1.47856320,3.08161580,2.17300000,145.60963450
2026-06-15,5.65951680,2.16900000,1.02400000,1.26600000,1.88764770,2.10735450,0.46003000,0.84200000,1.48798080,2.94132980,2.30800000,145.63748500
2026-06-16,5.57504640,2.13400000,1.03400000,1.26700000,1.86212170,2.09305350,0.45072200,0.83500000,1.46325960,2.86417250,2.33000000,145.76023350
2026-06-17,5.52677760,2.12300000,1.03400000,1.28900000,1.84552980,2.08896750,0.45000600,0.82200000,1.43500680,2.79402950,2.45100000,145.80046200
2026-06-18,5.52677760,2.16200000,1.00400000,1.29000000,1.80085930,2.09407500,0.44499400,0.82700000,1.43500680,2.70284360,2.52900000,145.88607650
2026-06-22,5.57504640,2.17400000,1.07800000,1.29800000,1.81234600,2.20133250,0.44427800,0.85300000,1.45031040,2.76129610,2.56500000,145.91908450
2026-06-23,5.50264320,2.18200000,1.08000000,1.25200000,1.82766160,2.01848400,0.44141400,0.82500000,1.41381720,2.72388650,2.49600000,145.82521800
2026-06-24,5.56297920,2.22600000,1.06200000,1.26200000,1.78937260,2.02257000,0.43389600,0.82100000,1.41028560,2.63971490,2.61600000,145.88813950
2026-06-25,5.57504640,2.23800000,1.10000000,1.26000000,1.77022810,1.96332300,0.43031600,0.82700000,1.38321000,2.59529100,2.73000000,145.90985000
2026-06-26,5.45437440,2.17700000,1.05800000,1.24100000,1.75363620,1.87853850,0.42637800,0.79900000,1.33965360,2.52748610,2.66200000,145.99803750
2026-06-29,5.69571840,2.33700000,1.07200000,1.23400000,1.76384660,1.90407600,0.42387200,0.80700000,1.35142560,2.56723380,2.74300000,146.12668750
2026-06-30,5.65951680,2.30100000,1.07400000,1.28000000,1.72428130,1.89386100,0.42458800,0.81800000,1.34789400,2.49475270,2.86400000,146.07170000
2026-07-01,5.74398720,2.39200000,1.12800000,1.29100000,1.73193910,1.88773200,0.43461200,0.82400000,1.37967840,2.56255760,2.77900000,145.91088750
2026-07-02,5.73192000,2.37800000,1.09800000,1.25600000,1.75363620,1.92042000,0.42602000,0.83000000,1.38438720,2.57892430,2.56100000,145.97106250
2026-07-03,5.84052480,2.44300000,1.10400000,1.30100000,1.75491250,1.93267800,0.42602000,0.81500000,1.39027320,2.60698150,2.56100000,145.97106250
2026-07-06,5.88879360,2.46900000,1.10600000,1.28400000,1.78682000,1.90509750,0.42852600,0.80900000,1.37732400,2.71687220,2.53700000,146.03123750
2026-07-07,5.74398720,2.38000000,1.07400000,1.24400000,1.78937260,1.84176450,0.41921800,0.80800000,1.35848880,2.63737680,2.53900000,146.02605000
2026-07-08,5.67158400,2.34500000,1.06000000,1.21900000,1.80724080,1.78762500,0.42136600,0.80800000,1.33965360,2.66777210,2.52000000,146.07896250
2026-07-09,5.69571840,2.39300000,1.08400000,1.24300000,1.79192520,1.78251750,0.42566200,0.81500000,1.31022360,2.61633390,2.72600000,146.04991250
2026-07-10,5.79225600,2.43300000,1.06400000,1.28100000,1.79958300,1.79375400,0.43532800,0.83800000,1.32670440,2.61633390,2.58400000,146.06132500
2026-07-13,5.71985280,2.42000000,1.05000000,1.19200000,1.83914830,1.71509850,0.42172400,0.79900000,1.29962880,2.61867200,2.43800000,146.05406250
2026-07-14,5.79225600,2.47300000,1.05600000,1.15800000,1.83276680,1.81214100,0.42494600,0.78400000,1.32552720,2.72622460,2.52200000,146.07792500
2026-07-15,5.98533120,2.55600000,1.08000000,1.14300000,1.85829280,1.77638850,0.42781000,0.81600000,1.34789400,2.77298660,2.39400000,146.09971250
2026-07-16,5.98533120,2.54200000,1.06400000,1.12000000,1.84170090,1.76208750,0.43318000,0.82800000,1.33494480,2.70985790,2.30600000,146.06858750
2026-07-17,5.79225600,2.41000000,1.04800000,1.06200000,1.86212170,1.67117400,0.41420600,0.78200000,1.31493240,2.66075780,2.13100000,146.09245000
2026-07-20,5.96119680,2.48800000,1.06600000,1.05500000,1.89785810,1.65993750,0.41026800,0.79000000,1.31846400,2.83611530,2.07000000,146.09556250
2026-07-21,5.97326400,2.50600000,1.07200000,1.09000000,1.85574020,1.74676500,0.40955200,0.80100000,1.32081840,2.78467710,2.27700000,146.10490000
2026-07-22,5.98533120,2.50000000,1.06400000,1.08300000,1.87616100,1.80601200,0.41456400,0.78000000,1.32905880,2.86183440,2.23400000,146.18271250
2026-07-23,5.97326400,2.49100000,1.07800000,1.10100000,1.89020030,1.86117300,0.41420600,0.76900000,1.36555200,2.89456780,2.18000000,146.14951250
2026-07-24,5.84052480,2.40800000,1.05200000,1.07700000,1.89658180,1.77230250,0.40203400,0.74300000,1.32670440,2.76831040,2.16500000,146.15677500
2026-07-27,5.90086080,2.45000000,1.05600000,1.10400000,1.89785810,1.81418400,0.40991000,0.76500000,1.35142560,2.77532470,2.21900000,146.12253750
2026-07-28,5.90086080,2.42000000,1.03800000,1.07700000,1.92721300,1.77332400,0.41492200,0.77100000,1.34907120,2.74492940,2.05900000,146.11320000
2026-07-29,6.03360000,2.46400000,1.05800000,1.09400000,1.92976560,1.80601200,0.42172400,0.79500000,1.37850120,2.80572000,2.04200000,146.10801250
2026-07-30,6.05773440,2.44100000,1.05800000,1.07300000,1.97954130,1.78456050,0.42029200,0.79500000,1.38321000,2.80805810,1.90400000,146.13498750
2026-07-31,6.09393600,2.46200000,1.05800000,1.09300000,1.95784420,1.83052800,0.42530400,0.85000000,1.38909600,2.80338190,1.97800000,146.25637500
2026-08-03,6.04566720,2.43500000,1.05400000,1.10100000,1.95784420,1.81622700,0.42745200,0.85300000,1.40439960,2.74960560,1.88300000,146.24288750
2026-08-04,6.08186880,2.48600000,1.05400000,1.11600000,1.90934480,1.84789350,0.42458800,0.88000000,1.38674160,2.74025320,1.99200000,146.27816250
2026-08-05,6.09393600,2.51600000,1.06000000,1.13600000,1.88509510,1.94391450,0.43210600,0.88100000,1.39145040,2.74492940,2.09600000,146.28750000
2026-08-06,6.00946560,2.47900000,1.04800000,1.13500000,1.89530550,1.95821550,0.43210600,0.86500000,1.38085560,2.90625830,2.12900000,146.30306250
2026-08-07,6.15427200,2.59500000,1.04800000,1.15400000,1.88126620,2.02767750,0.43210600,0.86700000,1.37261520,2.88521540,2.19300000,146.37672500
2026-08-10,6.26287680,2.62100000,1.05000000,1.17200000,1.88892400,2.06138700,0.43926600,0.87900000,1.39145040,2.95068220,2.17300000,146.39228750
2026-08-11,6.25080960,2.64000000,1.04400000,1.14800000,1.89147660,1.96332300,0.43676000,0.87000000,1.36908360,2.94834410,2.15000000,146.36012500
2026-08-12,6.21460800,2.61700000,1.04800000,1.15600000,1.88381880,1.98171000,0.45501800,0.87600000,1.38085560,2.91794880,2.19000000,146.37465000
2026-08-13,6.22667520,2.64500000,1.05200000,1.14800000,1.89147660,1.90918350,0.44392000,0.85900000,1.35848880,2.89924400,2.16200000,146.42341250
2026-08-14,6.16633920,2.60700000,1.04000000,1.15200000,1.87998990,1.93063500,0.43855000,0.86000000,1.36555200,2.94600600,2.17600000,146.47425000
2026-08-17,6.16633920,2.63300000,1.04400000,1.17200000,1.87616100,1.98988200,0.44141400,0.85200000,1.37732400,2.93431550,2.27000000,146.51263750
2026-08-18,6.16633920,2.62300000,1.03000000,1.16900000,1.88509510,1.97455950,0.44141400,0.83800000,1.38321000,2.96704890,2.25200000,146.58111250
2026-08-19,6.10600320,2.58900000,1.01800000,1.10800000,1.92083150,1.90407600,0.43246400,0.80300000,1.35495720,2.97640130,2.08100000,146.56658750
2026-08-20,6.16633920,2.64900000,1.01600000,1.09700000,1.92976560,1.92450600,0.43640200,0.81300000,1.36555200,2.96471080,2.07900000,146.53131250
2026-08-21,6.04566720,2.55900000,1.01600000,1.10700000,1.92338410,1.98783900,0.43246400,0.80900000,1.36672920,2.98575370,2.10000000,146.55206250
2026-08-24,5.96119680,2.47000000,1.02000000,1.09000000,1.94635750,1.99090350,0.42530400,0.79300000,1.37967840,3.05823480,2.03400000,146.58837500
2026-08-25,6.04566720,2.50900000,1.01800000,1.09500000,1.93614710,1.93676400,0.43318000,0.80700000,1.37614680,3.04654430,2.04100000,146.60082500
2026-08-26,6.05773440,2.51300000,1.04600000,1.10100000,1.95273900,1.98579600,0.43890800,0.80400000,1.39851360,3.05823480,2.06100000,146.50330000
2026-08-27,6.05773440,2.52900000,1.05800000,1.12100000,1.93231820,2.00929050,0.44177200,0.80900000,1.39380480,3.13539210,2.14300000,146.42652500
2026-08-28,6.04566720,2.50200000,1.05600000,1.12300000,1.92210780,2.02461300,0.44427800,0.81000000,1.40910840,3.15643500,2.10900000,146.40370000
2026-08-31,5.97326400,2.46200000,1.05600000,1.14200000,1.94891010,1.99498950,0.43711800,0.84100000,1.39380480,3.22190180,2.15100000,146.40577500
