date,510300.SS,510500.SS,513500.SS,513100.SS,159920.SZ,513520.SS,513030.SS,518880.SS,159980.SZ,511010.SS,511260.SS,511880.SS
2012-05-28,2.60400000,,,,,,,,,,,
2012-05-29,2.64400000,,,,,,,,,,,
2012-05-30,2.63600000,,,,,,,,,,,
2012-05-31,2.63000000,,,,,,,,,,,
2012-06-01,2.63000000,,,,,,,,,,,
2012-06-04,2.55800000,,,,,,,,,,,
2012-06-05,2.56100000,,,,,,,,,,,
2012-06-06,2.55900000,,,,,,,,,,,
2012-06-07,2.54300000,,,,,,,,,,,
2012-06-08,2.53400000,,,,,,,,,,,
2012-06-11,2.56400000,,,,,,,,,,,
2012-06-12,2.54800000,,,,,,,,,,,
2012-06-13,2.58500000,,,,,,,,,,,
2012-06-14,2.57400000,,,,,,,,,,,
2012-06-15,2.58400000,,,,,,,,,,,
2012-06-18,2.59200000,,,,,,,,,,,
2012-06-19,2.57300000,,,,,,,,,,,
2012-06-20,2.57000000,,,,,,,,,,,
2012-06-21,2.53000000,,,,,,,,,,,
2012-06-25,2.48000000,,,,,,,,,,,
2012-06-26,2.48000000,,,,,,,,,,,
2012-06-27,2.47100000,,,,,,,,,,,
2012-06-28,2.45700000,,,,,,,,,,,
2012-06-29,2.48500000,,,,,,,,,,,
2012-07-02,2.48500000,,,,,,,,,,,
2012-07-03,2.48900000,,,,,,,,,,,
2012-07-04,2.48900000,,,,,,,,,,,
2012-07-05,2.46100000,,,,,,,,,,,
2012-07-06,2.50100000,,,,,,,,,,,
2012-07-09,2.45100000,,,,,,,,,,,
2012-07-10,2.44100000,,,,,,,,,,,
2012-07-11,2.45200000,,,,,,,,,,,
2012-07-12,2.47400000,,,,,,,,,,,
2012-07-13,2.47800000,,,,,,,,,,,
2012-07-16,2.43800000,,,,,,,,,,,
2012-07-17,2.44300000,,,,,,,,,,,
2012-07-18,2.44300000,,,,,,,,,,,
2012-07-19,2.45100000,,,,,,,,,,,
2012-07-20,2.43300000,,,,,,,,,,,
2012-07-23,2.40300000,,,,,,,,,,,
2012-07-24,2.40800000,,,,,,,,,,,
2012-07-25,2.39300000,,,,,,,,,,,
2012-07-26,2.38200000,,,,,,,,,,,
2012-07-27,2.38500000,,,,,,,,,,,
2012-07-30,2.37700000,,,,,,,,,,,
2012-07-31,2.37100000,,,,,,,,,,,
2012-08-01,2.38900000,,,,,,,,,,,
2012-08-02,2.37100000,,,,,,,,,,,
2012-08-03,2.38500000,,,,,,,,,,,
2012-08-06,2.41600000,,,,,,,,,,,
2012-08-07,2.41900000,,,,,,,,,,,
2012-08-08,2.42100000,,,,,,,,,,,
2012-08-09,2.44500000,,,,,,,,,,,
2012-08-10,2.43800000,,,,,,,,,,,
2012-08-13,2.39200000,,,,,,,,,,,
2012-08-14,2.38800000,,,,,,,,,,,
2012-08-15,2.36600000,,,,,,,,,,,
2012-08-16,2.35900000,,,,,,,,,,,
2012-08-17,2.34900000,,,,,,,,,,,
2012-08-20,2.33600000,,,,,,,,,,,
2012-08-21,2.34500000,,,,,,,,,,,
2012-08-22,2.32800000,,,,,,,,,,,
2012-08-23,2.33900000,,,,,,,,,,,
2012-08-24,2.31600000,,,,,,,,,,,
2012-08-27,2.26800000,,,,,,,,,,,
2012-08-28,2.26800000,,,,,,,,,,,
2012-08-29,2.25300000,,,,,,,,,,,
2012-08-30,2.24300000,,,,,,,,,,,
2012-08-31,2.24300000,,,,,,,,,,,
2012-09-03,2.25700000,,,,,,,,,,,
2012-09-04,2.23300000,,,,,,,,,,,
2012-09-05,2.23200000,,,,,,,,,,,
2012-09-06,2.25400000,,,,,,,,,,,
2012-09-07,2.35700000,,,,,,,,,,,
2012-09-10,2.36500000,,,,,,,,,,,
2012-09-11,2.34700000,,,,,,,,,,,
2012-09-12,2.35900000,,,,,,,,,,,
2012-09-13,2.33600000,,,,,,,,,,,
2012-09-14,2.35200000,,,,,,,,,,,
2012-09-17,2.29700000,,,,,,,,,,,
2012-09-18,2.26900000,,,,,,,,,,,
2012-09-19,2.27800000,,,,,,,,,,,
2012-09-20,2.22900000,,,,,,,,,,,
2012-09-21,2.22800000,,,,,,,,,,,
2012-09-24,2.24800000,,,,,,,,,,,
2012-09-25,2.24500000,,,,,,,,,,,
2012-09-26,2.22100000,,,,,,,,,,,
2012-09-27,2.28500000,,,,,,,,,,,
2012-09-28,2.33800000,,,,,,,,,,,
2012-10-08,2.30300000,,,,,,,,,,,
2012-10-09,2.35600000,,,,,,,,,,,
2012-10-10,2.35600000,,,,,,,,,,,
2012-10-11,2.34000000,,,,,,,,,,,
2012-10-12,2.33800000,,,,,,,,,,,
2012-10-15,2.33000000,,,,,,,,,,,
2012-10-16,2.33100000,,,,,,,,,,,
2012-10-17,2.34000000,,,,,,,,,,,
2012-10-18,2.36900000,,,,,,,,,,,
2012-10-19,2.36900000,,,,,,,,,,,
2012-10-22,2.37800000,,,,0.99600000,,,,,,,
2012-10-23,2.35100000,,,,0.99000000,,,,,,,
2012-10-24,2.34700000,,,,0.99800000,,,,,,,
2012-10-25,2.32800000,,,,1.00200000,,,,,,,
2012-10-26,2.27600000,,,,0.99800000,,,,,,,
2012-10-29,2.26500000,,,,0.99500000,,,,,,,
2012-10-30,2.27000000,,,,0.99400000,,,,,,,
2012-10-31,2.28600000,,,,0.99900000,,,,,,,
2012-11-01,2.33400000,,,,1.00200000,,,,,,,
2012-11-02,2.33900000,,,,1.01300000,,,,,,,
2012-11-05,2.33300000,,,,1.01000000,,,,,,,
2012-11-06,2.32400000,,,,1.00600000,,,,,,,
2012-11-07,2.32200000,,,,1.00600000,,,,,,,
2012-11-08,2.28000000,,,,0.99200000,,,,,,,
2012-11-09,2.27400000,,,,0.98200000,,,,,,,
2012-11-12,2.28200000,,,,0.97800000,,,,,,,
2012-11-13,2.24700000,,,,0.96900000,,,,,,,
2012-11-14,2.25300000,,,,0.97500000,,,,,,,
2012-11-15,2.22600000,,,,0.96600000,,,,,,,
2012-11-16,2.20500000,,,,0.96800000,,,,,,,
2012-11-19,2.20500000,,,,0.97000000,,,,,,,
2012-11-20,2.19900000,,,,0.97500000,,,,,,,
2012-11-21,2.22600000,,,,0.97700000,,,,,,,
2012-11-22,2.21300000,,,,0.98800000,,,,,,,
2012-11-23,2.22500000,,,,0.99500000,,,,,,,
2012-11-26,2.21100000,,,,0.99400000,,,,,,,
2012-11-27,2.18700000,,,,0.99500000,,,,,,,
2012-11-28,2.16300000,,,,0.98900000,,,,,,,
2012-11-29,2.15500000,,,,0.99600000,,,,,,,
2012-11-30,2.16500000,,,,1.00000000,,,,,,,
2012-12-03,2.14500000,,,,0.99400000,,,,,,,
2012-12-04,2.16200000,,,,0.99000000,,,,,,,
2012-12-05,2.23800000,,,,1.00200000,,,,,,,
2012-12-06,2.23500000,,,,1.01000000,,,,,,,
2012-12-07,2.28000000,,,,1.00800000,,,,,,,
2012-12-10,2.30100000,,,,1.00500000,,,,,,,
2012-12-11,2.29400000,,,,1.00600000,,,,,,,
2012-12-12,2.29900000,,,,1.01700000,,,,,,,
2012-12-13,2.28100000,,,,1.01300000,,,,,,,
2012-12-14,2.39600000,,,,1.01700000,,,,,,,
2012-12-17,2.40300000,,,,1.01000000,,,,,,,
2012-12-18,2.39888740,,,,1.01200000,,,,,,,
2012-12-19,2.40497080,,,,1.01700000,,,,,,,
2012-12-20,2.42119320,,,,1.01400000,,,,,,,
2012-12-21,2.41105420,,,,1.01000000,,,,,,,
2012-12-24,2.41308200,,,,1.00800000,,,,,,,
2012-12-25,2.47999940,,,,1.01300000,,,,,,,
2012-12-26,2.48709670,,,,1.01400000,,,,,,,
2012-12-27,2.48202720,,,,1.01400000,,,,,,,
2012-12-28,2.51852760,,,,1.01000000,,,,,,,
2012-12-31,2.55908360,,,,1.02000000,,,,,,,
2013-01-04,2.56516700,,,,1.03300000,,,,,,,
2013-01-07,2.56922260,,,,1.03900000,,,,,,,
2013-01-08,2.55806970,,,,1.03000000,,,,,,,
2013-01-09,2.55604190,,,,1.03200000,,,,,,,
2013-01-10,2.56212530,,,,1.04000000,,,,,,,
2013-01-11,2.52359710,,,,1.03900000,,,,,,,
2013-01-14,2.61282030,,,,1.05000000,,,,,,,
2013-01-15,2.62802880,,,,1.04600000,,,,,,,
2013-01-16,2.60876470,,,,1.04400000,,,,,,,
2013-01-17,2.59254230,,,,1.04700000,,,,,,,
2013-01-18,2.63107050,,,,1.05600000,,,,,,,
2013-01-21,2.64019560,,,,1.05700000,,,,,,,
2013-01-22,2.63614000,,,,1.05900000,,,,,,,
2013-01-23,2.64120950,,,,1.05900000,,,,,,,
2013-01-24,2.62397320,,,,1.05700000,,,,,,,
2013-01-25,2.61180640,,,,1.05400000,,,,,,,
2013-01-28,2.68277940,,,,1.06200000,,,,,,,
2013-01-29,2.70305740,,,,1.06100000,,,,,,,
2013-01-30,2.71826590,,,,1.06700000,,,,,,,
2013-01-31,2.72536320,,,,1.06200000,,,,,,,
2013-02-01,2.77808600,,,,1.06200000,,,,,,,
2013-02-04,2.78315550,,,,1.06700000,,,,,,,
2013-02-05,2.80343350,,,,1.04400000,,,,,,,
2013-02-06,2.81154470,,,,1.04600000,,,,,,,
2013-02-07,2.79836400,,,,1.04100000,,,,,,,
2013-02-08,2.80748910,,,,1.04300000,,,,,,,
2013-02-18,2.76591920,,,,1.05100000,,,,,,,
2013-02-19,2.72130760,,,,1.04200000,,,,,,,
2013-02-20,2.73347440,,,,1.04400000,,,,,,,
2013-02-21,2.63614000,,,,1.02800000,,,,,,,
2013-02-22,2.62802880,,,,1.02500000,,,,,,,
2013-02-25,2.63208440,,,,1.02400000,,,,,,,
2013-02-26,2.59355620,,,,1.01500000,,,,,,,
2013-02-27,2.61788980,,,,1.01100000,,,,,,,
2013-02-28,2.70609910,,,,1.02900000,,,,,,,
2013-03-01,2.70305740,,,,1.03000000,,,,,,,
2013-03-04,2.57530600,,,,1.01000000,,,,,,,
2013-03-05,2.64932070,,,,1.01400000,,,,,,,
2013-03-06,2.67770990,,,,1.02100000,,,,,,,
2013-03-07,2.64526510,,,,1.01900000,,,,,,,
2013-03-08,2.64120950,,,,1.03800000,,,,,,,
2013-03-11,2.62295930,,,,1.03800000,,,,,,,
2013-03-12,2.58544500,,,,1.03200000,,,,,,,
2013-03-13,2.55705580,,,,1.01700000,,,,,,,
2013-03-14,2.56212530,,,,1.00800000,,,,,,,
2013-03-15,2.56415310,0.97000000,,,1.01500000,,,,,,,
2013-03-18,2.53677780,0.95400000,,,0.98800000,,,,,,,
2013-03-19,2.55908360,0.96000000,,,0.99300000,,,,,,,
2013-03-20,2.63715390,0.98500000,,,0.99900000,,,,,,,
2013-03-21,2.64425120,0.99500000,,,1.00000000,,,,,,,
2013-03-22,2.65134850,0.99900000,,,0.99400000,,,,,,,
2013-03-25,2.64729290,0.99600000,,,0.99900000,,,,,99.40800000,,
2013-03-26,2.60369520,0.98600000,,,0.99700000,,,,,99.64900000,,
2013-03-27,2.60977860,0.98900000,,,1.00800000,,,,,99.62500000,,
2013-03-28,2.52866660,0.96200000,,,0.99800000,,,,,99.73100000,,
2013-03-29,2.52156930,0.96300000,,,1.00000000,,,,,99.83300000,,
2013-04-01,2.51751370,0.96800000,,,1.00000000,,,,,99.94500000,,
2013-04-02,2.52156930,0.95700000,,,1.00000000,,,,,100.12200000,,
2013-04-03,2.51649980,0.95100000,,,1.00300000,,,,,100.36500000,,
2013-04-08,2.50433300,0.95300000,,,0.97900000,,,,,100.29100000,,
2013-04-09,2.51954150,0.96200000,,,0.98300000,,,,,100.26700000,,
2013-04-10,2.51954150,0.95900000,,,0.98300000,,,,,100.29600000,,
2013-04-11,2.50838860,0.95700000,,,0.99200000,,,,,100.30200000,,
2013-04-12,2.50027740,0.94900000,,,0.98800000,,,,,100.35200000,,
2013-04-15,2.47492990,0.93200000,,,0.97600000,,,,,100.42500000,,
2013-04-16,2.49013840,0.94300000,,,0.97400000,,,,,100.51600000,,
2013-04-17,2.49622180,0.95100000,,,0.97300000,,,,,100.60100000,,
2013-04-18,2.50129130,0.95400000,,,0.96400000,,,,,100.35900000,,100.09300000
2013-04-19,2.57226430,0.97400000,,,0.97700000,,,,,100.11000000,,100.13300000
2013-04-22,2.56415310,0.98000000,,,0.98400000,,,,,99.85900000,,100.08400000
2013-04-23,2.48608280,0.95200000,,,0.97200000,,,,,100.14500000,,100.02900000
2013-04-24,2.52866660,0.97100000,,,0.98900000,,,,,100.15400000,,100.08800000
2013-04-25,2.50230520,0.95900000,,,0.99700000,,,,,100.28900000,,100.09900000
2013-04-26,2.47898550,0.94300000,,,1.00900000,,,,,100.35700000,,100.16100000
2013-05-02,2.48101330,0.94600000,,,1.00900000,,,,,100.49700000,,100.21800000
2013-05-03,2.52562490,0.96600000,,,1.01300000,,,,,100.50300000,,100.25400000
2013-05-06,2.55502800,0.98300000,,,1.02200000,,,,,100.48100000,,100.26200000
2013-05-07,2.56111140,0.98500000,,,1.02200000,,,,,100.53000000,,100.26300000
2013-05-08,2.57733380,0.99500000,,,1.03000000,,,,,100.52000000,,100.26600000
2013-05-09,2.56415310,0.99500000,,,1.02900000,,,,,100.51900000,,100.26900000
2013-05-10,2.57429210,1.00100000,,,1.03000000,,,,,100.55200000,,100.28600000
2013-05-13,2.56415310,1.00400000,,,1.02500000,,,,,100.52100000,,100.29900000
2013-05-14,2.52663880,0.99300000,,,1.01900000,,,,,100.51300000,,100.30500000
2013-05-15,2.53880560,1.00800000,,0.99700000,1.02600000,,,,,100.47400000,,100.31100000
2013-05-16,2.59051450,1.01900000,,0.99900000,1.02500000,,,,,100.35100000,,100.31700000
2013-05-17,2.63512610,1.03300000,,0.99700000,1.02600000,,,,,100.45600000,,100.32400000
2013-05-20,2.65033460,1.04600000,,0.99700000,1.04100000,,,,,100.42800000,,100.32400000
2013-05-21,2.65033460,1.05800000,,0.99700000,1.03800000,,,,,100.35000000,,100.29900000
2013-05-22,2.65337630,1.05000000,,0.99900000,1.03100000,,,,,100.37100000,,100.32100000
2013-05-23,2.62498710,1.04200000,,0.99100000,1.01000000,,,,,100.36400000,,100.37000000
2013-05-24,2.63918170,1.05700000,,0.99400000,1.00800000,,,,,100.38000000,,100.37700000
2013-05-27,2.63309830,1.06700000,,0.99500000,1.00600000,,,,,100.48400000,,100.40100000
2013-05-28,2.68784890,1.07100000,,0.99200000,1.01300000,,,,,100.49000000,,100.40500000
2013-05-29,2.67872380,1.07700000,,0.99600000,1.00700000,,,,,100.48500000,,100.41300000
2013-05-30,2.67162650,1.08000000,,0.99200000,1.00300000,,,,,100.51100000,,100.41300000
2013-05-31,2.64120950,1.07600000,,0.99800000,1.00200000,,,,,100.50300000,,100.43100000
2013-06-03,2.64627900,1.06900000,,0.99000000,0.99900000,,,,,100.48958520,,100.45000000
2013-06-04,2.60775080,1.04700000,,0.99300000,0.99500000,,,,,100.48557400,,100.45500000
2013-06-05,2.60065350,1.05100000,,0.98900000,0.98100000,,,,,100.46050400,,100.46300000
2013-06-06,2.57530600,1.03200000,,0.97300000,0.97800000,,,,,100.46351240,,100.47300000
2013-06-07,2.52866660,1.01300000,,0.97300000,0.97200000,,,,,100.48657680,,100.49000000
2013-06-13,2.45059630,0.98400000,,0.96600000,0.94000000,,,,,100.49159080,,100.48600000
2013-06-14,2.46783260,1.00600000,,0.97900000,0.95300000,,,,,100.45047600,,100.51100000
2013-06-17,2.45262410,1.00600000,,0.97600000,0.96000000,,,,,100.42139480,,100.57000000
2013-06-18,2.46884650,1.00900000,,0.98400000,0.96000000,,,,,100.36824640,,100.57500000
2013-06-19,2.45465190,1.00500000,,0.99800000,0.95500000,,,,,100.05035880,,100.57600000
2013-06-20,2.37759550,0.97300000,,0.98100000,0.92500000,,,,,99.13680800,,100.56300000
2013-06-21,2.36644260,0.96600000,,0.96000000,0.92100000,,,,,99.30828680,,100.59000000
2013-06-24,2.22145490,0.90800000,,0.95200000,0.90000000,,,,,99.33636520,,100.52300000
2013-06-25,2.22246880,0.90400000,,0.94700000,0.90700000,,,,,99.90294720,,100.54200000
2013-06-26,2.21739930,0.92200000,,0.94600000,0.91800000,,,,,100.31309240,,100.56900000
2013-06-27,2.21841320,0.90600000,,0.95700000,0.93000000,,,,,100.41337240,,100.59000000
2013-06-28,2.25896920,0.90800000,,0.96300000,0.94000000,,,,,100.44847040,,100.68400000
2013-07-01,2.26809430,0.92500000,,0.96500000,0.94400000,,,,,100.44145080,,100.73600000
2013-07-02,2.27519160,0.94200000,,0.97200000,0.94000000,,,,,100.44847040,,100.75300000
2013-07-03,2.27012210,0.94200000,,0.97300000,0.92100000,,,,,100.39131080,,100.77500000
2013-07-04,2.28634450,0.95000000,,0.97800000,0.92800000,,,,,100.38830240,,100.79000000
2013-07-05,2.29445570,0.94600000,,0.98900000,0.94300000,,,,,100.44847040,,100.82000000
2013-07-08,2.23260780,0.91100000,,0.99800000,0.93000000,,,,,100.48557400,,100.86800000
2013-07-09,2.22753830,0.91400000,,0.99600000,0.93500000,,,,,100.35521000,,100.88400000
2013-07-10,2.28938620,0.94300000,,0.99900000,0.94400000,,,,,100.29303640,,100.90400000
2013-07-11,2.40395690,0.97100000,,1.00400000,0.96900000,,,,,99.71742920,,100.89400000
2013-07-12,2.34413680,0.96300000,,1.01900000,0.96400000,,,,,99.56299800,,100.96100000
2013-07-15,2.37759550,0.98000000,,1.02300000,0.96000000,,,,,99.66528360,,100.99200000
2013-07-16,2.39179010,0.99200000,,1.01900000,0.96600000,,,,,99.60812400,,101.01200000
2013-07-17,2.35630360,0.97900000,,1.01900000,0.96400000,,,,,99.43463960,,101.03100000
2013-07-18,2.31980320,0.97700000,,1.02000000,0.96600000,,,,,99.42260600,,101.05000000
2013-07-19,2.25592750,0.95500000,,1.01900000,0.96400000,,,,,99.45168720,,101.10700000
2013-07-22,2.27012210,0.97300000,,1.01500000,0.96700000,,,,,99.38349680,,101.12500000
2013-07-23,2.34109510,0.99600000,,1.01600000,0.99000000,,,,,99.39151920,,101.13700000
2013-07-24,2.32385880,1.00100000,,1.00000000,0.99200000,,,,,99.28020840,,101.14300000
2013-07-25,2.31777540,0.98400000,,1.00000000,0.99100000,,,,,99.22706000,,101.14100000
2013-07-26,2.29648350,0.98200000,,1.01000000,0.99000000,,,,,99.29625320,,101.18200000
2013-07-29,2.25187190,0.96200000,,1.01500000,0.98500000,,,2.62600000,,99.35742400,,101.19000000
2013-07-30,2.26505260,0.95700000,,1.01100000,0.98900000,,,2.64600000,,99.47274600,,101.19900000
2013-07-31,2.27012210,0.96300000,,1.01300000,0.99100000,,,2.65700000,,99.66026960,,101.22600000
2013-08-01,2.32994220,0.99000000,,1.01400000,0.99500000,,,2.64300000,,99.75954680,,101.24000000
2013-08-02,2.32588660,0.99200000,,1.02300000,1.00100000,,,2.57800000,,99.55798400,,101.29100000
2013-08-05,2.35934530,1.00900000,,1.03100000,1.00300000,,,2.63000000,,99.55798400,,101.29200000
2013-08-06,2.37455380,1.01900000,,1.03000000,0.99000000,,,2.59100000,,99.56801200,,101.30000000
2013-08-07,2.35833140,1.00600000,,1.01700000,0.97800000,,,2.57400000,,99.22304880,,101.31100000
2013-08-08,2.35934530,1.00800000,,1.01800000,0.97500000,,,2.58600000,,99.06661200,,101.31300000
2013-08-09,2.36948430,1.01300000,,1.02600000,0.98000000,,,2.61600000,,99.03753080,,101.34700000
2013-08-12,2.44045730,1.03100000,,1.01900000,1.00300000,,,2.65900000,,98.91619200,,101.35500000
2013-08-13,2.44045730,1.03500000,,1.01900000,1.01500000,,,2.67500000,,98.74571600,,101.37000000
2013-08-14,2.43538780,1.03000000,,1.02100000,1.01000000,,,2.64000000,,98.47596280,,101.38000000
2013-08-15,2.40699860,1.01700000,,1.01700000,1.01300000,,,2.68000000,,98.50704960,,101.40900000
2013-08-16,2.38976230,0.99500000,,1.00100000,1.01000000,,,2.71200000,,98.71262360,,101.42800000
2013-08-19,2.41004030,1.01200000,,1.00000000,1.01400000,,,2.73700000,,98.27841120,,101.44100000
2013-08-20,2.39280400,1.00600000,,0.99500000,0.99300000,,,2.70500000,,98.32153160,,101.45300000
2013-08-21,2.39280400,1.01300000,,1.00100000,0.98400000,,,2.72400000,,98.35562680,,101.46900000
2013-08-22,2.38469280,1.01800000,,0.99800000,0.98000000,,,2.71400000,,98.27640560,,101.49100000
2013-08-23,2.36948430,1.01500000,,1.01500000,0.98700000,,,2.73300000,,98.53312240,,101.51800000
2013-08-26,2.42220710,1.03700000,,1.01900000,0.99500000,,,2.77200000,,98.57824840,,101.52000000
2013-08-27,2.42220710,1.04500000,,1.01700000,0.98600000,,,2.77900000,,98.58125680,,101.53600000
2013-08-28,2.41105420,1.03900000,,0.99600000,0.97200000,,,2.82700000,,98.24030480,,101.56200000
2013-08-29,2.40395690,1.03900000,,1.00200000,0.97700000,,,2.79600000,,98.28944200,,101.58800000
2013-08-30,2.39990130,1.02800000,,1.00900000,0.97700000,,,2.78700000,,98.41178360,,101.60600000
2013-09-02,2.40192910,1.03000000,,1.01200000,0.99500000,,,2.76700000,,98.39874720,,101.63100000
2013-09-03,2.43842950,1.05000000,,1.01500000,1.00900000,,,2.76200000,,98.34760440,,101.64000000
2013-09-04,2.43741560,1.04900000,,1.01300000,1.01000000,,,2.78700000,,98.28843920,,101.65600000
2013-09-05,2.42727660,1.05500000,,1.01900000,1.02200000,,,2.75100000,,98.23127960,,101.66000000
2013-09-06,2.44147120,1.06300000,,1.01600000,1.02300000,,,2.72500000,,98.17913400,,101.68800000
2013-09-09,2.53170830,1.07100000,,1.02600000,1.02600000,,,2.75600000,,98.09790720,,101.71700000
2013-09-10,2.56516700,1.08000000,,1.02800000,1.03400000,,,2.74200000,,98.01066360,,101.71800000
2013-09-11,2.57631990,1.07600000,,1.03000000,1.03300000,,,2.72200000,,97.67472560,,101.73000000
2013-09-12,2.60166740,1.07000000,,1.03100000,1.03500000,,,2.68200000,,97.62358280,,101.72900000
2013-09-13,2.58240330,1.07300000,,1.02800000,1.03300000,,,2.62200000,,97.68375080,,101.76300000
2013-09-16,2.56922260,1.07200000,,1.04000000,1.04700000,,,2.63100000,,97.98158240,,101.78400000
2013-09-17,2.51852760,1.06900000,,1.02900000,1.04500000,,,2.60900000,,98.03272520,,101.80000000
2013-09-18,2.52156930,1.07200000,,1.04100000,1.04700000,,,2.58900000,,98.18113960,,101.84900000
2013-09-23,2.55705580,1.09300000,,1.06300000,1.05200000,,,2.62900000,,98.22225440,,101.85900000
2013-09-24,2.53272220,1.09300000,,1.06000000,1.04500000,,,2.62200000,,98.06180640,,101.85200000
2013-09-25,2.51751370,1.09500000,,1.06000000,1.04600000,,,2.62900000,,98.16108360,,101.85800000
2013-09-26,2.47594380,1.08200000,,1.06000000,1.04500000,,,2.63200000,,98.40376120,,101.88500000
2013-09-27,2.48506890,1.07600000,,1.07100000,1.05300000,,,2.62200000,,98.36565480,,101.92000000
2013-09-30,2.50129130,1.09900000,,1.05600000,1.03500000,,,2.64900000,,98.41278640,,102.02900000
2013-10-08,2.53677780,1.10300000,,1.05400000,1.04300000,,,2.63000000,,98.46092080,,102.05500000
2013-10-09,2.53981950,1.11600000,,1.04000000,1.03700000,,,2.61500000,,98.53412520,,102.08500000
2013-10-10,2.51751370,1.11100000,,1.04200000,1.03000000,,,2.59500000,,98.47596280,,102.10000000
2013-10-11,2.55806970,1.12800000,,1.06500000,1.04800000,,,2.56900000,,98.46192360,,102.13500000
2013-10-14,2.55908360,1.13900000,,1.06700000,1.04000000,,,2.54300000,,98.27941400,,102.15500000
2013-10-15,2.55604190,1.14200000,,1.08100000,1.04800000,,,2.53300000,,98.26537480,,102.17400000
2013-10-16,2.51143030,1.11000000,,1.07900000,1.04000000,,,2.54900000,,98.34359320,,102.20000000
2013-10-17,2.49824960,1.10200000,,1.09600000,1.04200000,,,2.53100000,,98.14704440,,102.19200000
2013-10-18,2.51041640,1.11300000,,1.10100000,1.04500000,,,2.60500000,,98.15807520,,102.23000000
2013-10-21,2.56415310,1.14000000,,1.11400000,1.05100000,,,2.60800000,,98.12799120,,102.24600000
2013-10-22,2.53576390,1.12900000,,1.15600000,1.04700000,,,2.59500000,,98.08286520,,102.27000000
2013-10-23,2.50838860,1.10100000,,1.14000000,1.03700000,,,2.62400000,,98.12398000,,102.28500000
2013-10-24,2.48811060,1.09700000,,1.12100000,1.02300000,,,2.62400000,,97.96052360,,102.28900000
2013-10-25,2.44856850,1.06800000,,1.13900000,1.01800000,,,2.61900000,,97.86525760,,102.31400000
2013-10-28,2.45161020,1.06600000,,1.14100000,1.02500000,,,2.62600000,,97.85021560,,102.31400000
2013-10-29,2.45465190,1.03700000,,1.12300000,1.02800000,,,2.63900000,,97.76196920,,102.30900000
2013-10-30,2.48912450,1.05400000,,1.12800000,1.03700000,,,2.63100000,,97.71082640,,102.31800000
2013-10-31,2.46479090,1.04200000,,1.11600000,1.04400000,,,2.61300000,,98.01066360,,102.33500000
2013-11-01,2.47492990,1.03800000,,1.11800000,1.04800000,,,2.60200000,,98.09088760,,102.38200000
2013-11-04,2.46783260,1.04300000,,1.12200000,1.04600000,,,2.58400000,,97.97556560,,102.40900000
2013-11-05,2.46783260,1.05700000,,1.12600000,1.04000000,,,2.58200000,,97.84821000,,102.41700000
2013-11-06,2.43944340,1.04900000,,1.13400000,1.03700000,,,2.57800000,,97.57043440,,102.43100000
2013-11-07,2.42930440,1.03300000,,1.13400000,1.03100000,,,2.58900000,,97.09009320,,102.44500000
2013-11-08,2.39280400,1.01800000,,1.12500000,1.02100000,,,2.57300000,,96.70602080,,102.47500000
2013-11-11,2.39584570,1.02200000,,1.12800000,1.02900000,,,2.52900000,,96.26880000,,102.49800000
2013-11-12,2.42017930,1.03000000,,1.12600000,1.03200000,,,2.51700000,,96.48239640,,102.50800000
2013-11-13,2.37455380,1.01300000,,1.11700000,1.01200000,,,2.50100000,,96.05921480,,102.52100000
2013-11-14,2.38165110,1.02500000,,1.13400000,1.01700000,,,2.51600000,,96.42523680,,102.53400000
2013-11-15,2.43133220,1.04700000,,1.13200000,1.03300000,,,2.52600000,,96.05219520,,102.56300000
2013-11-18,2.51143030,1.07100000,,1.13200000,1.06200000,,,2.52700000,,95.88171920,,102.58300000
2013-11-19,2.50027740,1.07600000,,1.11600000,1.06100000,,,2.50100000,,96.16852000,,102.59700000
2013-11-20,2.51143030,1.08700000,,1.09800000,1.06400000,,,2.50800000,,96.24874400,,102.61000000
2013-11-21,2.49926350,1.08300000,,1.08900000,1.06000000,,,2.46300000,,96.43927600,,102.62600000
2013-11-22,2.48506890,1.07700000,,1.10800000,1.06300000,,,2.45800000,,96.79326440,,102.65500000
2013-11-25,2.47188820,1.07300000,,1.12500000,1.06400000,,,2.43700000,,96.71203760,,102.67700000
2013-11-26,2.47087430,1.07700000,,1.12100000,1.06300000,,,2.46500000,,96.66992000,,102.68900000
2013-11-27,2.49926350,1.08800000,,1.13300000,1.06900000,,,2.45300000,,96.88151080,,102.70200000
2013-11-28,2.52562490,1.09900000,,1.14200000,1.07500000,,,2.44000000,,96.88451920,,102.71600000
2013-11-29,2.52765270,1.10400000,,1.13700000,1.07000000,,,2.44300000,,96.88752760,,102.74200000
2013-12-02,2.50433300,1.05700000,,1.13600000,1.07500000,,,2.45000000,,96.19860400,,102.76700000
2013-12-03,2.52663880,1.08000000,,1.13100000,1.07500000,,,2.41100000,,96.55560080,,102.78300000
2013-12-04,2.55908360,1.10000000,,1.13200000,1.06500000,,,2.40800000,,96.64785840,,102.79700000
2013-12-05,2.55908360,1.10000000,,1.13200000,1.06100000,,,2.42900000,,96.74111880,,102.81100000
2013-12-06,2.54184730,1.09800000,,1.13200000,1.06300000,,,2.41800000,,96.69398720,,102.83700000
2013-12-09,2.54083340,1.10500000,,1.14400000,1.06300000,,,2.42500000,,96.47738240,,102.86400000
2013-12-10,2.53981950,1.10500000,,1.14500000,1.06000000,,,2.44500000,,96.23971880,,102.87700000
2013-12-11,2.50027740,1.09400000,,1.13500000,1.04500000,,,2.46200000,,96.23370200,,102.89000000
2013-12-12,2.49520790,1.09600000,,1.11800000,1.03800000,,,2.45000000,,96.48440200,,102.90400000
2013-12-13,2.49419400,1.09800000,,1.12200000,1.03800000,,,2.41000000,,96.51649160,,102.93300000
2013-12-16,2.45363800,1.07900000,,1.12100000,1.03300000,,,2.41100000,,96.42022280,,102.95300000
2013-12-17,2.43842950,1.07200000,,1.12800000,1.03200000,,,2.43800000,,96.37609960,,102.96800000
2013-12-18,2.44045730,1.07000000,,1.12200000,1.03100000,,,2.41900000,,96.29286720,,102.98300000
2013-12-19,2.41713760,1.06200000,,1.13600000,1.02900000,,,2.40000000,,96.14445280,,102.99300000
2013-12-20,2.36542870,1.04800000,,1.13700000,1.01700000,,,2.34200000,,96.16852000,,103.02300000
2013-12-23,2.36542870,1.04600000,,1.15500000,1.02200000,,,2.36600000,,96.28584760,,103.04700000
2013-12-24,2.36847040,1.05200000,,1.17300000,1.03200000,,,2.36600000,,96.26178040,,103.06300000
2013-12-25,2.38063720,1.06500000,,1.17500000,1.03300000,,,2.37600000,,96.35804920,,103.08200000
2013-12-26,2.34819240,1.04600000,,1.17500000,1.02600000,,,2.37700000,,96.41621160,,103.09300000
2013-12-27,2.37962330,1.06300000,,1.17900000,1.03700000,,,2.40100000,,96.31192040,,103.04400000
2013-12-30,2.38165110,1.06600000,,1.16200000,1.03300000,,,2.37700000,,96.32194840,,103.15200000
2013-12-31,2.40902640,1.07100000,,1.16300000,1.03600000,,,2.37600000,,96.54757840,,103.17300000
2014-01-02,2.40091520,1.07700000,,1.16900000,1.03300000,,,2.40300000,,96.37509680,,103.18800000
2014-01-03,2.37455380,1.07000000,,1.16100000,1.01500000,,,2.42400000,,96.11938280,,103.29300000
2014-01-06,2.31777540,1.04000000,,1.15700000,1.00500000,,,2.43500000,,95.93085640,,103.30700000
2014-01-07,2.31878930,1.04400000,,1.15600000,1.00500000,,,2.44200000,,96.10133240,,103.35100000
2014-01-08,2.31676150,1.04500000,,1.17300000,1.01900000,,,2.41100000,,96.36506880,,103.34200000
2014-01-09,2.30256690,1.03500000,,1.17200000,1.01400000,,,2.41200000,,96.26980280,,103.35500000
2014-01-10,2.28634450,1.01500000,,1.17100000,1.01400000,,,2.42800000,,96.33598760,,103.38200000
2014-01-13,2.27012210,1.01000000,,1.17000000,1.01200000,,,2.44800000,,96.44930400,,103.40800000
2014-01-14,2.28533060,1.02800000,,1.15700000,1.00900000,,,2.45500000,,96.36807720,,103.43800000
2014-01-15,2.28533060,1.03400000,0.98600000,1.16800000,1.01200000,,,2.43400000,,96.44328720,,103.45300000
2014-01-16,2.28634450,1.04000000,0.99100000,1.18100000,1.01800000,,,2.43700000,,96.44128160,,103.49500000
2014-01-17,2.25389970,1.02600000,0.98700000,1.18300000,1.02300000,,,2.43500000,,96.29888400,,103.49205600
2014-01-20,2.24274680,1.01900000,0.98200000,1.18000000,1.01500000,,,2.45900000,,96.24774120,,103.45903200
2014-01-21,2.26142480,1.03100000,0.98400000,1.18200000,1.02100000,,,2.45100000,,96.59771840,,103.48173600
2014-01-22,2.32360880,1.06200000,0.97900000,1.18200000,1.02100000,,,2.43200000,,96.89053600,,103.53849600
2014-01-23,2.31117200,1.07000000,0.98800000,1.19100000,1.00800000,,,2.42600000,,96.96474320,,103.58080800
2014-01-24,2.32360880,1.08700000,0.99000000,1.18600000,1.00100000,,,2.46000000,,96.89655280,,103.62312000
2014-01-27,2.29355320,1.08600000,0.97000000,1.16200000,0.97800000,,,2.47600000,,97.31672600,,103.63860000
2014-01-28,2.29562600,1.08400000,0.96400000,1.16000000,0.97800000,,,2.46300000,,97.27260280,,103.66130400
2014-01-29,2.30288080,1.09200000,0.97700000,1.17400000,0.98700000,,,2.45500000,,97.23650200,,103.79856000
2014-01-30,2.27075240,1.08600000,0.96700000,1.16300000,0.98000000,,,2.46100000,,97.27160000,,103.96058400
2014-02-07,2.28526200,1.10700000,0.97300000,1.16000000,0.96400000,,,2.48000000,,97.33277080,,103.91311200
2014-02-10,2.35159160,1.13900000,0.97000000,1.17200000,0.96400000,,,2.50100000,,97.34179600,,103.89453600
2014-02-11,2.36299200,1.14200000,0.97500000,1.17100000,0.97900000,,,2.51500000,,97.39394160,,103.89556800
2014-02-12,2.36713760,1.15400000,0.98700000,1.18400000,0.98800000,,,2.52100000,,97.39494440,,103.92859200
2014-02-13,2.36091920,1.13700000,0.98700000,1.17700000,0.98600000,,,2.51700000,,97.44207600,,103.95645600
2014-02-14,2.36921040,1.15600000,0.99700000,1.18300000,0.99000000,,,2.55200000,,97.58246800,,104.07100800
2014-02-17,2.38579280,1.17800000,1.00100000,1.18700000,1.00300000,,,2.59600000,,97.54737000,,104.14531200
2014-02-18,2.35781000,1.17500000,1.00000000,1.18400000,1.00300000,,,2.57000000,,97.59249600,,104.19381600
2014-02-19,2.38890200,1.17600000,1.00400000,1.19600000,1.00900000,,,2.57500000,,97.84018760,,104.12776800
2014-02-20,2.36817400,1.15900000,1.00000000,1.18900000,0.99700000,,,2.56600000,,97.77300000,,104.06481600
2014-02-21,2.34122760,1.15200000,1.00300000,1.20300000,1.00500000,,,2.58200000,,97.63361080,,104.10506400
2014-02-24,2.28837120,1.14700000,1.00500000,1.20000000,0.99900000,,,2.59900000,,97.79807000,,104.10816000
2014-02-25,2.22929640,1.10700000,1.01300000,1.21500000,1.00500000,,,2.61200000,,98.00665240,,104.12673600
2014-02-26,2.23240560,1.11300000,1.01600000,1.22500000,1.00900000,,,2.65100000,,98.00665240,,104.14118400
2014-02-27,2.22722360,1.09800000,1.01500000,1.22700000,1.02100000,,,2.60200000,,98.24331320,,104.14428000
2014-02-28,2.25002440,1.11000000,1.02400000,1.25000000,1.03100000,,,2.62100000,,98.20721240,,104.16801600
2014-03-03,2.25831560,1.13300000,1.02600000,1.23900000,1.01800000,,,2.65100000,,98.13501080,,104.21032800
2014-03-04,2.25313360,1.13200000,1.02200000,1.22500000,1.02000000,,,2.64300000,,97.77300000,,104.25676800
2014-03-05,2.23344200,1.12600000,1.03100000,1.24000000,1.01200000,,,2.62400000,,97.72185720,,104.27844000
2014-03-06,2.24484240,1.12500000,1.03300000,1.23300000,1.01700000,,,2.62300000,,97.79606440,,104.28050400
2014-03-07,2.23758760,1.12100000,1.03400000,1.23100000,1.01500000,,,2.64900000,,97.74291600,,104.32384800
2014-03-10,2.16814880,1.07900000,1.03100000,1.22000000,1.00100000,,,2.61000000,,97.73890480,,104.33107200
2014-03-11,2.17747640,1.08000000,1.03900000,1.22100000,1.00200000,,,2.64100000,,97.80809800,,104.34139200
2014-03-12,2.17954920,1.08000000,1.02900000,1.21500000,0.99000000,,,2.66800000,,97.81511760,,104.33107200
2014-03-13,2.21375040,1.09200000,1.03400000,1.21900000,0.98600000,,,2.69400000,,98.08386800,,104.31662400
2014-03-14,2.19509520,1.08500000,1.01800000,1.19700000,0.97600000,,,2.69200000,,98.12498280,,104.33932800
2014-03-17,2.21167760,1.10900000,1.02200000,1.18900000,0.97500000,,,2.72200000,,98.22626560,,104.35480800
2014-03-18,2.20960480,1.11500000,1.03300000,1.20800000,0.98300000,,,2.68600000,,98.03773920,,104.37132000
2014-03-19,2.19613160,1.11100000,1.03700000,1.22600000,0.98500000,,,2.68000000,,97.96152640,,104.37544800
2014-03-20,2.15778480,1.08300000,1.03000000,1.21300000,0.97200000,,,2.64700000,,97.91138640,,104.37957600
2014-03-21,2.23758760,1.10300000,1.03300000,1.22000000,0.98200000,,,2.64700000,,98.12297720,,104.40640800
2014-03-24,2.24795160,1.11300000,1.03300000,1.20600000,0.99600000,,,2.64000000,,98.13099960,,104.40744000
2014-03-25,2.24484240,1.11300000,1.03100000,1.19700000,0.99100000,,,2.60800000,,98.07785120,,104.40744000
2014-03-26,2.24484240,1.11700000,1.03600000,1.19800000,1.00000000,,,2.61400000,,98.07283720,,104.43220800
2014-03-27,2.22929640,1.10200000,1.02900000,1.17900000,0.99500000,,,2.58000000,,98.04776720,,104.41466400
2014-03-28,2.22826000,1.07800000,1.02800000,1.17300000,1.00600000,,,2.58800000,,97.88531360,,104.40847200
2014-03-31,2.21893240,1.07200000,1.03300000,1.17600000,1.00800000,,,2.57300000,,97.83216520,,104.49000000
2014-04-01,2.23136920,1.08900000,1.04000000,1.19300000,1.01700000,,,2.55500000,,97.78102240,,104.53024800
2014-04-02,2.24898800,1.09000000,1.04800000,1.21400000,1.02100000,,,2.56100000,,97.69478160,,104.54676000
2014-04-03,2.23344200,1.08800000,1.05000000,1.21000000,1.02700000,,,2.57300000,,97.69177320,,104.56224000
2014-04-04,2.26038840,1.09900000,1.04900000,1.19900000,1.02500000,,,2.56400000,,97.59450160,,104.62003200
2014-04-08,2.31428120,1.11200000,1.02900000,1.16100000,1.02700000,,,2.60600000,,97.66971160,,104.61693600
2014-04-09,2.31013560,1.12200000,1.03000000,1.16800000,1.03100000,,,2.61000000,,97.76196920,,104.62312800
2014-04-10,2.34744600,1.12700000,1.03800000,1.18000000,1.04800000,,,2.61800000,,97.87027160,,104.64170400
2014-04-11,2.34640960,1.12200000,1.01400000,1.14200000,1.04700000,,,2.62000000,,98.12799120,,104.69227200
2014-04-14,2.34537320,1.13100000,1.00800000,1.13400000,1.04600000,,,2.64900000,,98.22526280,,104.69330400
2014-04-15,2.30391720,1.12300000,1.01800000,1.13900000,1.03700000,,,2.61000000,,98.55117280,,104.69949600
2014-04-16,2.30391720,1.12200000,1.02600000,1.14500000,1.03500000,,,2.59000000,,98.24030480,,104.71394400
2014-04-17,2.29977160,1.12100000,1.03300000,1.15500000,1.03500000,,,2.58600000,,98.80488120,,104.71910400
2014-04-18,2.29562600,1.12600000,1.03400000,1.15400000,1.03800000,,,2.57900000,,98.82794560,,104.74696800
2014-04-21,2.25417000,1.10700000,1.03400000,1.15700000,1.03300000,,,2.56500000,,98.95830960,,104.76141600
2014-04-22,2.26971600,1.10100000,1.03800000,1.16600000,1.03600000,,,2.57700000,,98.56120080,,104.77792800
2014-04-23,2.26349760,1.09600000,1.04200000,1.17200000,1.02800000,,,2.57500000,,98.62638280,,104.78928000
2014-04-24,2.26764320,1.08500000,1.04400000,1.17700000,1.02800000,,,2.57300000,,98.29345320,,104.79856800
2014-04-25,2.23966040,1.06100000,1.04300000,1.17700000,1.01800000,,,2.59000000,,98.58426520,,104.84191200
2014-04-28,2.20856840,1.02900000,1.03200000,1.15500000,1.00900000,,,2.63100000,,98.44287040,,104.78928000
2014-04-29,2.22826000,1.04300000,1.03800000,1.15900000,1.01500000,,,2.60300000,,98.56019800,,104.81404800
2014-04-30,2.22722360,1.05100000,1.04000000,1.17000000,1.01700000,,,2.61200000,,98.89814160,,104.91518400
2014-05-05,2.22826000,1.06000000,1.04100000,1.17400000,1.00600000,,,2.62400000,,99.03251680,,104.92550400
2014-05-06,2.22515080,1.06400000,1.04800000,1.18100000,1.00300000,,,2.62600000,,99.11976040,,104.94304800
2014-05-07,2.21064120,1.04700000,1.03800000,1.16400000,0.99400000,,,2.62500000,,98.97636000,,104.96368800
2014-05-08,2.20649560,1.04800000,1.04200000,1.16100000,1.00000000,,,2.58700000,,99.13279680,,104.97916800
2014-05-09,2.20545920,1.03800000,1.04100000,1.15900000,1.00000000,,,2.58800000,,99.48979360,,105.01425600
2014-05-12,2.25002440,1.06500000,1.04300000,1.16400000,1.02000000,,,2.59300000,,99.39753600,,105.01632000
2014-05-13,2.24380600,1.06300000,1.05100000,1.18600000,1.02400000,,,2.59500000,,99.36444360,,105.02664000
2014-05-14,2.24380600,1.06000000,1.05500000,1.19000000,1.03400000,,,2.59800000,,99.23708800,,105.03696000
2014-05-15,2.21893240,1.04300000,1.05200000,1.18600000,1.03300000,,,2.61000000,,99.32232600,,105.05450400
2014-05-16,2.21789600,1.04100000,1.04300000,1.17900000,1.03600000,,,2.59400000,,99.32934560,,105.08236800
2014-05-19,2.18784040,1.03300000,1.04500000,1.18200000,1.03800000,,,2.59600000,,99.26516640,,105.09372000
2014-05-20,2.18576760,1.03800000,1.04700000,1.19000000,1.04500000,,,2.59300000,,99.28020840,,105.09991200
2014-05-21,2.20649560,1.04700000,1.04100000,1.18300000,1.04800000,,,2.59400000,,99.22706000,,105.11023200
2014-05-22,2.20027720,1.04700000,1.05200000,1.19700000,1.05300000,,,2.59700000,,99.35140720,,105.12984000
2014-05-23,2.22515080,1.06000000,1.05000000,1.20200000,1.05600000,,,2.59700000,,99.42160320,,105.15357600
2014-05-26,2.23240560,1.07100000,1.05600000,1.21100000,1.05300000,,,2.59400000,,99.54595040,,105.15667200
2014-05-27,2.22515080,1.06700000,1.05600000,1.21600000,1.05400000,,,2.58900000,,99.82573160,,105.17937600
2014-05-28,2.24795160,1.08000000,1.06100000,1.22900000,1.06700000,,,2.55300000,,99.82874000,,105.18969600
2014-05-29,2.23447840,1.06800000,1.06200000,1.22400000,1.06400000,,,2.52600000,,99.99821320,,105.18556800
2014-05-30,2.23240560,1.07100000,1.06700000,1.23900000,1.05800000,,,2.53500000,,100.10651560,,105.24336000
2014-06-03,2.22515080,1.06800000,1.07100000,1.23600000,1.07000000,,,2.51700000,,100.26997200,,105.26606400
2014-06-04,2.20545920,1.06000000,1.07300000,1.23300000,1.06600000,,,2.51400000,,100.68212280,,105.28773600
2014-06-05,2.23136920,1.07200000,1.07500000,1.24200000,1.07000000,,,2.51000000,,100.07041480,,105.31869600
2014-06-06,2.21271400,1.06900000,1.08400000,1.25500000,1.06700000,,,2.53000000,,100.14161360,,105.38887200
2014-06-09,2.21064120,1.06100000,1.08600000,1.25600000,1.06600000,,,2.52200000,,100.17671160,,105.43221600
2014-06-10,2.24069680,1.07500000,1.08400000,1.24900000,1.07000000,,,2.52100000,,100.15765840,,105.42705600
2014-06-11,2.23655120,1.08000000,1.08200000,1.25500000,1.07100000,,,2.53000000,,100.23988800,,105.40332000
2014-06-12,2.23447840,1.07800000,1.07900000,1.24800000,1.06700000,,,2.53000000,,100.05838120,,105.38577600
2014-06-13,2.25935200,1.09000000,1.07100000,1.24100000,1.07400000,,,2.54400000,,100.01526080,,105.39816000
2014-06-16,2.27386160,1.09500000,1.07300000,1.23900000,1.07400000,,,2.55500000,,100.41537800,,105.35378400
2014-06-17,2.25520640,1.08600000,1.07500000,1.24300000,1.07100000,,,2.53600000,,100.20278440,,105.29702400
2014-06-18,2.24484240,1.08100000,1.07600000,1.24200000,1.07400000,,,2.53400000,,100.21582080,,105.19692000
2014-06-19,2.21271400,1.05100000,1.09000000,1.25700000,1.07100000,,,2.55600000,,100.17972000,,105.44253600
2014-06-20,2.22100520,1.06100000,1.09100000,1.25400000,1.07500000,,,2.62700000,,100.26896920,,105.49723200
2014-06-23,2.21789600,1.06900000,1.09200000,1.25600000,1.06300000,,,2.63700000,,100.27899720,,105.49310400
2014-06-24,2.23655120,1.07600000,1.09200000,1.25600000,1.06000000,,,2.63700000,,100.52468320,,105.54780000
2014-06-25,2.22929640,1.07000000,1.08400000,1.25400000,1.06200000,,,2.62900000,,100.49459920,,105.57360000
2014-06-26,2.23966040,1.08400000,1.09000000,1.26400000,1.06900000,,,2.63100000,,100.30005600,,105.59527200
2014-06-27,2.24380600,1.09000000,1.09100000,1.26800000,1.07200000,,,2.63400000,,100.22083480,,105.58598400
2014-06-30,2.25831560,1.10100000,1.09300000,1.27100000,1.06200000,,,2.62900000,,100.16568080,,105.63448800
2014-07-01,2.25935200,1.10900000,1.09300000,1.27300000,1.07100000,,,2.63800000,,100.06540080,,105.65203200
2014-07-02,2.26971600,1.11700000,1.09900000,1.28600000,1.09000000,,,2.64400000,,99.98718240,,105.69021600
2014-07-03,2.27800720,1.12800000,1.09700000,1.28800000,1.09300000,,,2.63800000,,100.00322720,,105.73665600
2014-07-04,2.27800720,1.12500000,1.10500000,1.30500000,1.09500000,,,2.63500000,,100.00122160,,105.75626400
2014-07-07,2.27593440,1.12700000,1.10500000,1.30800000,1.09000000,,,2.61700000,,99.95910400,,105.75420000
2014-07-08,2.27904360,1.13500000,1.10100000,1.30400000,1.09000000,,,2.62900000,,99.61514360,,105.74388000
2014-07-09,2.25002440,1.11800000,1.09500000,1.28400000,1.07600000,,,2.63300000,,99.32232600,,105.72220800
2014-07-10,2.24795160,1.11700000,1.09900000,1.29100000,1.07700000,,,2.64500000,,98.95931240,,105.70363200
2014-07-11,2.25417000,1.13200000,1.09300000,1.28100000,1.07500000,,,2.66900000,,99.69035360,,105.76245600
2014-07-14,2.28526200,1.14800000,1.09300000,1.29000000,1.08400000,,,2.63000000,,99.79665040,,105.78412800
2014-07-15,2.28215280,1.15000000,1.09800000,1.30100000,1.08900000,,,2.61000000,,99.71843200,,105.81818400
2014-07-16,2.28111640,1.14100000,1.09500000,1.29600000,1.08700000,,,2.59100000,,99.48177120,,105.83779200
2014-07-17,2.27178880,1.13300000,1.09800000,1.30000000,1.08900000,,,2.60400000,,99.17190600,,105.85017600
2014-07-18,2.28318920,1.13500000,1.08800000,1.29000000,1.08500000,,,2.62000000,,99.13981640,,105.87391200
2014-07-21,2.28215280,1.13200000,1.10000000,1.30200000,1.08600000,,,2.62000000,,99.19196200,,105.84192000
2014-07-22,2.30909920,1.14800000,1.09800000,1.29900000,1.09500000,,,2.60800000,,99.28221400,,105.85843200
2014-07-23,2.31324480,1.14000000,1.10000000,1.30400000,1.10500000,,,2.60500000,,99.29123920,,105.86772000
2014-07-24,2.36299200,1.13900000,1.10000000,1.31400000,1.11600000,,,2.59000000,,99.25112720,,105.89971200
2014-07-25,2.38993840,1.14900000,1.10000000,1.31100000,1.12200000,,,2.57900000,,99.41458360,,105.95750400
2014-07-28,2.45419520,1.16900000,1.09900000,1.30600000,1.13200000,,,2.59800000,,99.41157520,,105.98640000
2014-07-29,2.46041360,1.18000000,1.09900000,1.30400000,1.13100000,,,2.59600000,,99.38750800,,105.99878400
2014-07-30,2.45212240,1.18200000,1.09500000,1.30300000,1.14600000,,,2.58500000,,99.56400080,,106.00807200
2014-07-31,2.48528720,1.19600000,1.09400000,1.30800000,1.14400000,,,2.57700000,,99.58405680,,106.04522400
2014-08-01,2.45523160,1.18500000,1.07600000,1.28700000,1.13600000,,,2.56000000,,100.07442600,,106.07721600
2014-08-04,2.50808800,1.20100000,1.07300000,1.28600000,1.13900000,,,2.57800000,,100.08244840,,106.09269600
2014-08-05,2.50083320,1.20600000,1.07400000,1.28800000,1.13300000,,,2.57100000,,100.16367520,,106.10301600
2014-08-06,2.48528720,1.21500000,1.06700000,1.27900000,1.13100000,,,2.57100000,,100.26094680,,106.09785600
2014-08-07,2.45834080,1.20400000,1.06800000,1.28100000,1.12900000,,,2.59200000,,100.08545680,,106.11952800
2014-08-08,2.45937720,1.21000000,1.06200000,1.27200000,1.12300000,,,2.61600000,,100.18172560,,106.13294400
2014-08-11,2.49357840,1.22900000,1.07400000,1.28600000,1.13200000,,,2.59600000,,100.22685160,,106.12572000
2014-08-12,2.48321440,1.23600000,1.07300000,1.29000000,1.13400000,,,2.59800000,,100.15966400,,106.13397600
2014-08-13,2.49046920,1.23600000,1.07200000,1.28500000,1.13800000,,,2.59800000,,100.23387120,,106.14636000
2014-08-14,2.46041360,1.22800000,1.08000000,1.30200000,1.14700000,,,2.59800000,,100.29504200,,106.15564800
2014-08-15,2.49150560,1.24300000,1.08600000,1.31100000,1.15600000,,,2.59900000,,100.42139480,,106.18970400
2014-08-18,2.49979680,1.26100000,1.08600000,1.30900000,1.15500000,,,2.57800000,,100.35420720,,106.20621600
2014-08-19,2.50186960,1.26400000,1.09500000,1.32500000,1.15600000,,,2.57200000,,100.31710360,,106.22995200
2014-08-20,2.49254200,1.26400000,1.10000000,1.33300000,1.16300000,,,2.56900000,,100.27799440,,106.23924000
2014-08-21,2.48321440,1.26200000,1.10100000,1.32900000,1.15800000,,,2.54300000,,100.21983200,,106.24852800
2014-08-22,2.49565120,1.27000000,1.10600000,1.33300000,1.16700000,,,2.54400000,,100.19275640,,106.26091200
2014-08-25,2.47388680,1.26000000,1.10400000,1.33700000,1.16100000,,,2.53700000,,100.19175360,,106.24440000
2014-08-26,2.45834080,1.24000000,1.10900000,1.34800000,1.16200000,,,2.55700000,,100.26796640,,106.23511200
2014-08-27,2.45730440,1.24100000,1.10900000,1.35000000,1.15300000,,,2.54900000,,100.18874520,,106.26091200
2014-08-28,2.44590400,1.23000000,1.10800000,1.34400000,1.14100000,,,2.55100000,,100.25192160,,106.22272800
2014-08-29,2.46974120,1.24500000,1.10700000,1.33600000,1.13600000,,,2.55400000,,100.27298040,,106.33108800
2014-09-01,2.48114160,1.26600000,1.11100000,1.34500000,1.14300000,,,2.54900000,,100.33014000,,106.35998400
2014-09-02,2.51845200,1.28600000,1.11600000,1.35600000,1.14900000,,,2.53300000,,100.29604480,,106.40126400
2014-09-03,2.54228920,1.29600000,1.11200000,1.36000000,1.16700000,,,2.52400000,,100.27498600,,106.40952000
2014-09-04,2.56612640,1.30500000,1.10900000,1.34100000,1.16700000,,,2.52100000,,100.25392720,,106.40848800
2014-09-05,2.59100000,1.31100000,1.10800000,1.33900000,1.16500000,,1.00800000,2.51600000,,100.25192160,,106.40539200
2014-09-09,2.58478160,1.32100000,1.10700000,1.34800000,1.16200000,,0.99100000,2.49800000,,100.28100280,,106.41055200
2014-09-10,2.56819920,1.32300000,1.10200000,1.34000000,1.14200000,,0.97500000,2.49000000,,100.21582080,,106.42190400
2014-09-11,2.55368960,1.32100000,1.10200000,1.34200000,1.13700000,,0.97800000,2.47900000,,100.20378720,,106.46834400
2014-09-12,2.57441760,1.33700000,1.10700000,1.34100000,1.14100000,,0.98400000,2.46400000,,100.18172560,,106.49104800
2014-09-15,2.56716280,1.34900000,1.10200000,1.33700000,1.13100000,,0.97000000,2.45800000,,100.27598880,,106.50652800
2014-09-16,2.52259760,1.30500000,1.09600000,1.32200000,1.12100000,,0.96400000,2.45800000,,100.25994400,,106.53955200
2014-09-17,2.53088880,1.31600000,1.10600000,1.33400000,1.13200000,,0.97200000,2.45900000,,100.27899720,,106.53232800
2014-09-18,2.54125280,1.32500000,1.10700000,1.33800000,1.12100000,,0.97900000,2.43500000,,100.77137200,,106.57773600
2014-09-19,2.56198080,1.33700000,1.11800000,1.35400000,1.13400000,,0.98600000,2.43400000,,100.87365760,,106.59012000
2014-09-22,2.50808800,1.31800000,1.11300000,1.34600000,1.11600000,,0.98000000,2.40600000,,100.97494040,,106.59424800
2014-09-23,2.53399800,1.33600000,1.10500000,1.33500000,1.11500000,,0.97700000,2.41100000,,101.23466560,,106.59837600
2014-09-24,2.58270880,1.35400000,1.09900000,1.32600000,1.11300000,,0.96600000,2.41800000,,100.76936640,,106.57773600
2014-09-25,2.56923560,1.35200000,1.10500000,1.33900000,1.10800000,,0.96500000,2.40200000,,100.81750080,,106.59218400
2014-09-26,2.57027200,1.35700000,1.08800000,1.31300000,1.10200000,,0.94900000,2.42900000,,100.74128800,,106.68506400
2014-09-29,2.58167240,1.37200000,1.09800000,1.32700000,1.09300000,,0.95300000,2.42400000,,100.97895160,,106.88320800
2014-09-30,2.58167240,1.38100000,1.09800000,1.32500000,1.09500000,,0.94600000,2.42900000,,101.42118640,,107.29704000
2014-10-08,2.60965520,1.40500000,1.07600000,1.29400000,1.10200000,,0.90400000,2.41800000,,101.36202120,,106.97092800
2014-10-09,2.61069160,1.40600000,1.09600000,1.31400000,1.12800000,,0.90600000,2.43100000,,101.39511360,,107.05658400
2014-10-10,2.59825480,1.39900000,1.07400000,1.29600000,1.10200000,,0.90000000,2.42400000,,101.35099040,,106.84605600
2014-10-13,2.58374520,1.40000000,1.06000000,1.27800000,1.07800000,,0.87500000,2.44100000,,101.43622840,,106.86463200
2014-10-14,2.57441760,1.39400000,1.05100000,1.26800000,1.08000000,,0.89000000,2.44400000,,102.14119680,,106.88733600
2014-10-15,2.59100000,1.40000000,1.04900000,1.26800000,1.09500000,,0.89200000,2.42800000,,102.51423840,,106.89662400
2014-10-16,2.58167240,1.37900000,1.03900000,1.26500000,1.07500000,,0.87400000,2.44600000,,102.81808680,,106.92036000
2014-10-17,2.57027200,1.36500000,1.04000000,1.25600000,1.07400000,,0.88400000,2.44900000,,103.08784000,,106.93377600
2014-10-20,2.58167240,1.38400000,1.05000000,1.26500000,1.07600000,,0.90900000,2.44800000,,103.26433280,,106.93480800
2014-10-21,2.56509000,1.37100000,1.05700000,1.27600000,1.07000000,,0.89900000,2.46100000,,103.01864680,,106.93687200
2014-10-22,2.55058040,1.35400000,1.07800000,1.30700000,1.08500000,,0.91000000,2.46400000,,102.50822160,,106.94409600
2014-10-23,2.52363400,1.33700000,1.07200000,1.29900000,1.08300000,,0.90900000,2.44800000,,102.62354360,,106.95235200
2014-10-24,2.52156120,1.34100000,1.07800000,1.31000000,1.07700000,,0.91000000,2.43100000,,102.66666400,,106.96576800
2014-10-27,2.49772400,1.35100000,1.08800000,1.32400000,1.06800000,,0.90900000,2.42700000,,102.58944840,,107.00704800
2014-10-28,2.54747120,1.38300000,1.08800000,1.31900000,1.08400000,,0.90700000,2.42200000,,102.96549840,,107.04936000
2014-10-29,2.57959960,1.40400000,1.09300000,1.33400000,1.09800000,,0.92800000,2.42800000,,103.21218720,,107.07928800
2014-10-30,2.59514560,1.40100000,1.09200000,1.33400000,1.09300000,,0.92600000,2.39600000,,103.12694920,,107.07619200
2014-10-31,2.64696560,1.40200000,1.10700000,1.34700000,1.11100000,,0.92600000,2.34900000,,103.09285400,,107.07928800
2014-11-03,2.64178360,1.41300000,1.11600000,1.35700000,1.10500000,,0.94000000,2.31900000,,103.31146440,,107.09476800
2014-11-04,2.63971080,1.40500000,1.11300000,1.35900000,1.10200000,,0.92800000,2.31600000,,103.82890920,,107.11231200
2014-11-05,2.63660160,1.40300000,1.11300000,1.35400000,1.08500000,,0.91500000,2.27200000,,104.09966520,,107.11850400
2014-11-06,2.63763800,1.41300000,1.11700000,1.35400000,1.09100000,,0.92500000,2.26200000,,103.84094280,,107.13192000
2014-11-07,2.63245600,1.39800000,1.12500000,1.36300000,1.08800000,,0.93100000,2.25800000,,104.27014120,,107.14430400
2014-11-10,2.70604040,1.41300000,1.12200000,1.36300000,1.10800000,,0.92700000,2.30500000,,104.55694200,,107.15875200
2014-11-11,2.68842160,1.37000000,1.12900000,1.36300000,1.10300000,,0.92500000,2.27100000,,104.48273480,,107.17732800
2014-11-12,2.72780480,1.39300000,1.12600000,1.36200000,1.11200000,,0.92400000,2.30300000,,104.44863960,,107.18971200
2014-11-13,2.71225880,1.38200000,1.12300000,1.36400000,1.12000000,,0.90900000,2.29300000,,104.22902640,,107.20003200
2014-11-14,2.71536800,1.37800000,1.12300000,1.36500000,1.13900000,,0.90800000,2.28200000,,104.09364840,,107.22789600
2014-11-17,2.70396760,1.39300000,1.11900000,1.36800000,1.12100000,,0.90800000,2.33500000,,103.75670760,,107.22789600
2014-11-18,2.67494840,1.39200000,1.12300000,1.36800000,1.09600000,,0.91300000,2.34000000,,104.13175480,,107.22892800
2014-11-19,2.66665720,1.39900000,1.13200000,1.38500000,1.08400000,,0.93800000,2.35000000,,103.89108280,,107.22996000
2014-11-20,2.67080280,1.39700000,1.12700000,1.37200000,1.08400000,,0.94000000,2.33000000,,103.88506600,,107.24234400
2014-11-21,2.72158640,1.41300000,1.13000000,1.37800000,1.08800000,,0.93700000,2.34900000,,103.93320040,,107.19590400
2014-11-24,2.79931640,1.43600000,1.12700000,1.37000000,1.09900000,,0.96000000,2.35900000,,104.14679680,,106.98847200
2014-11-25,2.82833560,1.45700000,1.13600000,1.38300000,1.09600000,,0.96000000,2.36100000,,104.28217480,,107.10715200
2014-11-26,2.85942760,1.46200000,1.13700000,1.38900000,1.10500000,,0.97800000,2.36300000,,104.26111600,,107.27743200
2014-11-27,2.88533760,1.47400000,1.13900000,1.40000000,1.10300000,,0.98700000,2.36900000,,104.33432040,,107.36928000
2014-11-28,2.95374000,1.46900000,1.13900000,1.40000000,1.10500000,,0.98700000,2.35300000,,104.38646600,,107.41675200
2014-12-01,2.95684920,1.46200000,1.13200000,1.39800000,1.08300000,,0.97600000,2.30200000,,104.51181600,,107.40024000
2014-12-02,3.07396240,1.48100000,1.12700000,1.38200000,1.09700000,,0.96600000,2.39000000,,104.34334560,,107.42088000
2014-12-03,3.10712720,1.50000000,1.13400000,1.39500000,1.08900000,,0.95800000,2.38400000,,103.61230440,,107.44461600
2014-12-04,3.29575200,1.53000000,1.13900000,1.39700000,1.10300000,,0.95900000,2.39200000,,103.17608640,,107.42500800
2014-12-05,3.27606040,1.49900000,1.13600000,1.39000000,1.11400000,,0.94100000,2.39400000,,102.82310080,,107.45596800
2014-12-08,3.43359320,1.51900000,1.14100000,1.39100000,1.12400000,,0.96600000,2.37300000,,102.59145400,,107.46319200
2014-12-09,3.24393200,1.45700000,1.13000000,1.37300000,1.10100000,,0.94300000,2.40800000,,102.54532520,,107.48899200
2014-12-10,3.36104520,1.51400000,1.13300000,1.39400000,1.10000000,,0.93100000,2.46300000,,102.74688800,,107.50860000
2014-12-11,3.32477120,1.53300000,1.11500000,1.36400000,1.09600000,,0.94400000,2.44100000,,102.82410360,,107.52098400
2014-12-12,3.33513520,1.54200000,1.10700000,1.36500000,1.09700000,,0.94800000,2.43400000,,102.96148720,,107.53027200
2014-12-15,3.37348200,1.56700000,1.10000000,1.35300000,1.09400000,,0.92800000,2.43700000,,103.07781200,,107.53130400
2014-12-16,3.45224840,1.57000000,1.09400000,1.35000000,1.09000000,,0.92400000,2.40400000,,103.19513960,,107.50240800
2014-12-17,3.51132320,1.55800000,1.08300000,1.33000000,1.07600000,,0.93200000,2.40100000,,103.70957600,,107.43636000
2014-12-18,3.50717760,1.56200000,1.10900000,1.36200000,1.07700000,,0.94400000,2.40900000,,103.40973880,,107.50756800
2014-12-19,3.55899760,1.54800000,1.13700000,1.40300000,1.08200000,,0.95700000,2.41400000,,103.47492080,,107.60973600
2014-12-22,3.53412400,1.48900000,1.14000000,1.39700000,1.09500000,,0.94400000,2.40900000,,103.49397400,,107.62624800
2014-12-23,3.46261240,1.45600000,1.14600000,1.40000000,1.09300000,,0.96100000,2.38000000,,103.67949200,,107.65824000
2014-12-24,3.36622720,1.47500000,1.15000000,1.39500000,1.08500000,,0.96500000,2.37800000,,103.96829840,,107.78208000
2014-12-25,3.48852240,1.50400000,1.14600000,1.39500000,1.08200000,,0.95400000,2.37600000,,103.91414720,,107.79136800
2014-12-26,3.62429080,1.51900000,1.14600000,1.39400000,1.09100000,,0.95500000,2.38600000,,103.79381120,,107.72635200
2014-12-29,3.60667200,1.49600000,1.15200000,1.40400000,1.10900000,,0.96400000,2.40600000,,103.79280840,,107.72532000
2014-12-30,3.60667200,1.47000000,1.14900000,1.40100000,1.09100000,,0.95700000,2.38800000,,103.55414200,,107.74492800
2014-12-31,3.70409360,1.48900000,1.14800000,1.39200000,1.09900000,,0.95000000,2.41200000,,103.68751440,,107.86727250
2015-01-05,3.82224320,1.51300000,1.13400000,1.36700000,1.12600000,,0.94700000,2.41400000,,103.58522880,,107.76940200
2015-01-06,3.79633320,1.53600000,1.11400000,1.34900000,1.10900000,,0.92700000,2.43500000,,103.65141360,,107.78230800
2015-01-07,3.79529680,1.53700000,1.10800000,1.35100000,1.11700000,,0.92800000,2.44500000,,103.78177760,,107.78768550
2015-01-08,3.71238480,1.52300000,1.12800000,1.37000000,1.11900000,,0.93300000,2.43100000,,103.80785040,,107.81242200
2015-01-09,3.68543840,1.51500000,1.14300000,1.38900000,1.12200000,,0.94300000,2.43900000,,104.00540200,,107.81027100
2015-01-12,3.67403800,1.49300000,1.13400000,1.37800000,1.13000000,,0.93400000,2.45800000,,104.28117200,,107.81027100
2015-01-13,3.66678320,1.51400000,1.12200000,1.36000000,1.13900000,,0.93200000,2.47100000,,104.51983840,,107.83178100
2015-01-14,3.65849200,1.50800000,1.11700000,1.35300000,1.12900000,,0.93700000,2.46600000,,104.63415760,,107.86081950
2015-01-15,3.76213200,1.53300000,1.11600000,1.35200000,1.14000000,,0.93200000,2.46200000,,104.95003960,,107.88555600
2015-01-16,3.79529680,1.54700000,1.11200000,1.35000000,1.14900000,,0.97000000,2.51800000,,105.51160760,,107.92857600
2015-01-19,3.41597440,1.48000000,1.11600000,1.33900000,1.12800000,,0.96800000,2.56700000,,105.83852040,,107.97912450
2015-01-20,3.54264500,1.53200000,1.11900000,1.34900000,1.12300000,,0.97800000,2.57000000,,105.84353440,,108.10818450
2015-01-21,3.70500750,1.57000000,1.12300000,1.35900000,1.13800000,,0.97800000,2.62000000,,105.91072200,,108.06624000
2015-01-22,3.71129250,1.59600000,1.13300000,1.37300000,1.15100000,,0.99000000,2.58900000,,105.93880040,,108.01138950
2015-01-23,3.72910000,1.58100000,1.15200000,1.39400000,1.16600000,,1.02200000,2.60700000,,105.98894040,,108.01461600
2015-01-26,3.76471500,1.61500000,1.13700000,1.39300000,1.16800000,,1.00300000,2.60900000,,106.11629600,,108.02214450
2015-01-27,3.72700500,1.61900000,1.14100000,1.39400000,1.16000000,,0.97900000,2.58900000,,106.21557320,,108.03612600
2015-01-28,3.66729750,1.61100000,1.12900000,1.37200000,1.16000000,,0.95400000,2.59800000,,106.14537720,,108.04903200
2015-01-29,3.62854000,1.60100000,1.11500000,1.35400000,1.14700000,,0.95800000,2.58500000,,105.98492920,,108.06516450
2015-01-30,3.58349750,1.58200000,1.12300000,1.37100000,1.15000000,,0.95600000,2.54200000,,105.60787640,,108.03182400
2015-02-02,3.50284000,1.57500000,1.11200000,1.35700000,1.14000000,,0.95400000,2.58600000,,105.75227960,,108.05548500
2015-02-03,3.58559250,1.60400000,1.12400000,1.36700000,1.15000000,,0.97400000,2.58800000,,105.96888440,,108.09635400
2015-02-04,3.54474000,1.59600000,1.13400000,1.38100000,1.15500000,,0.99000000,2.56000000,,106.12732680,,108.13937400
2015-02-05,3.50284000,1.58500000,1.12700000,1.37600000,1.15100000,,0.98500000,2.57600000,,106.32989240,,108.15658200
2015-02-06,3.45046500,1.55400000,1.13600000,1.38700000,1.14600000,,0.97400000,2.56400000,,106.75006560,,108.16303500
2015-02-09,3.49027000,1.54500000,1.13600000,1.37300000,1.14200000,,0.96300000,2.50400000,,106.89346600,,108.15335550
2015-02-10,3.56045250,1.56400000,1.12900000,1.36700000,1.14500000,,0.95400000,2.51400000,,106.23663200,,108.13507200
2015-02-11,3.58349750,1.58100000,1.14300000,1.38500000,1.13700000,,0.96800000,2.50400000,,106.78516360,,108.15012900
2015-02-12,3.59816250,1.59400000,1.14200000,1.39300000,1.13700000,,0.96700000,2.47900000,,107.07196440,,108.23724450
2015-02-13,3.62120750,1.61900000,1.15700000,1.41900000,1.15000000,,0.99100000,2.49600000,,107.26149360,,108.39211650
2015-02-16,3.65158500,1.65100000,1.16000000,1.43500000,1.15500000,,0.99400000,2.49800000,,106.97569560,,108.50396850
2015-02-17,3.68405750,1.65900000,1.16200000,1.43700000,1.15800000,,0.99000000,2.48800000,,107.19731440,,108.40717350
2015-02-25,3.62749250,1.65500000,1.17100000,1.45000000,1.15600000,,1.00900000,2.46600000,,107.20333120,,108.40717350
2015-02-26,3.73538500,1.67500000,1.17000000,1.44400000,1.16400000,,1.00500000,2.46400000,,107.00577960,,108.41685300
2015-02-27,3.72805250,1.69200000,1.17000000,1.44900000,1.16300000,,1.01200000,2.46500000,,107.02784120,,108.42330600
2015-03-02,3.75738250,1.72800000,1.17000000,1.45200000,1.15800000,,1.01800000,2.48500000,,106.70493960,,108.45019350
2015-03-03,3.65472750,1.71600000,1.17700000,1.47400000,1.15400000,,1.01300000,2.46700000,,106.65680520,,108.45879750
2015-03-04,3.68510500,1.74900000,1.17500000,1.46800000,1.15400000,,1.01100000,2.45900000,,106.73301800,,108.47170350
2015-03-05,3.65368000,1.74500000,1.17400000,1.45700000,1.13600000,,1.01200000,2.44900000,,106.55351680,,108.48353400
2015-03-06,3.63063500,1.72000000,1.17700000,1.46300000,1.13400000,,1.01400000,2.43900000,,106.51942160,,108.49213800
2015-03-09,3.70186500,1.74900000,1.16600000,1.44900000,1.13700000,,1.01000000,2.38900000,,106.17145000,,108.49536450
2015-03-10,3.67567750,1.75900000,1.16600000,1.45000000,1.12500000,,1.00200000,2.36800000,,106.04309160,,108.52440300
2015-03-11,3.68091500,1.75800000,1.14500000,1.42600000,1.11900000,,0.98200000,2.36900000,,106.59764000,,108.51902550
2015-03-12,3.74795500,1.75600000,1.15000000,1.42400000,1.12100000,,0.99900000,2.37200000,,106.60064840,,108.55666800
2015-03-13,3.76890500,1.77800000,1.15500000,1.43100000,1.12400000,,1.00100000,2.35900000,,106.51440760,,108.63625500
2015-03-16,3.86213250,1.83500000,1.15100000,1.42700000,1.12900000,,1.00500000,2.37400000,,106.51240200,,108.71584200
2015-03-17,3.91136500,1.86000000,1.16200000,1.44100000,1.13200000,,1.02000000,2.35800000,,106.57557840,,108.74595600
2015-03-18,4.01506750,1.88900000,1.15700000,1.44000000,1.14000000,,1.01300000,2.34100000,,106.55151120,,108.72874800
2015-03-19,3.99411750,1.90800000,1.17200000,1.45500000,1.14200000,,1.01300000,2.36300000,,106.55351680,,108.71584200
2015-03-20,4.05068250,1.92500000,1.16500000,1.45400000,1.14000000,,1.01100000,2.35400000,,106.57056440,,108.73197450
2015-03-23,4.13238750,1.99900000,1.17400000,1.46000000,1.14300000,,1.02300000,2.37400000,,106.64076040,,108.74488050
2015-03-24,4.12819750,1.98100000,1.16700000,1.45800000,1.13900000,,1.01900000,2.38300000,,106.63975760,,108.75456000
2015-03-25,4.10305750,1.99900000,1.15800000,1.46000000,1.14300000,,1.03300000,2.38100000,,106.64978560,,108.77499450
2015-03-26,4.10620000,1.98300000,1.14200000,1.43900000,1.14100000,,1.02500000,2.40400000,,106.62070440,,108.78574950
2015-03-27,4.13762500,2.01500000,1.14400000,1.43900000,1.13900000,,1.02600000,2.40600000,,106.53747200,,108.81478800
2015-03-30,4.26961000,2.05000000,1.14200000,1.43200000,1.19300000,,1.01900000,2.38000000,,106.03406640,,108.81371250
2015-03-31,4.22247250,2.04200000,1.15200000,1.43700000,1.19200000,,1.02200000,2.36600000,,105.34012880,,108.81586350
2015-04-01,4.29160750,2.09500000,1.14500000,1.41500000,1.18400000,,1.01600000,2.37100000,,105.71417320,,108.84382650
2015-04-02,4.28532250,2.13200000,1.14500000,1.41200000,1.19500000,,1.02100000,2.39700000,,105.91573600,,108.87071400
2015-04-03,4.35445750,2.16400000,1.14400000,1.41600000,1.31500000,,1.02000000,2.39200000,,105.79439720,,108.90943200
2015-04-07,4.43092500,2.21900000,1.14800000,1.42000000,1.44700000,,1.02700000,2.40700000,,105.71918720,,108.91911150
2015-04-08,4.46654000,2.18700000,1.14600000,1.41500000,1.30200000,,1.02600000,2.40800000,,105.54971400,,108.94169700
2015-04-09,4.43406750,2.17600000,1.14500000,1.42100000,1.32200000,,1.01900000,2.38500000,,105.62392120,,108.95352750
2015-04-10,4.53777000,2.24300000,1.15000000,1.43100000,1.35200000,,1.03200000,2.38400000,,105.68208360,,108.95245200
2015-04-13,4.61319000,,1.15000000,1.43100000,1.33900000,,1.03100000,2.39400000,,105.76130480,,108.90943200
2015-04-14,4.61528500,,1.14700000,1.42600000,1.28100000,,1.02200000,2.37400000,,105.93880040,,108.93847050
2015-04-15,4.57652750,2.19138540,1.14700000,1.43000000,1.27900000,,1.01300000,2.36800000,,105.90771360,,108.97181100
2015-04-16,4.72632000,2.21072610,1.14900000,1.43900000,1.28000000,,1.01500000,2.38600000,,106.59463160,,109.02128400
2015-04-17,4.80802500,2.22586230,1.15500000,1.43800000,1.27700000,,1.01400000,2.39500000,,106.61067640,,109.11377700
2015-04-20,4.70327500,2.19222630,1.14700000,1.41600000,1.23400000,,1.01200000,2.41700000,,106.95864800,,109.23961050
2015-04-21,4.80278750,2.27043000,1.15700000,1.42900000,1.26500000,,1.01600000,2.39900000,,107.01580760,,109.28908350
2015-04-22,4.93372500,2.34050500,1.15400000,1.43400000,1.28600000,,1.01500000,2.41100000,,107.24143760,,109.18691100
2015-04-23,4.92848750,2.35536090,1.15800000,1.43900000,1.28900000,,1.01300000,2.39000000,,107.13614360,,109.16002350
2015-04-24,4.91068000,2.36348960,1.16300000,1.46200000,1.28100000,,1.00900000,2.39900000,,106.94862000,,109.16862750
2015-04-27,5.01228750,2.38927720,1.16700000,1.47700000,1.32900000,,1.01300000,2.37600000,,107.23943200,,109.17185400
2015-04-28,4.94734250,2.31780070,1.16300000,1.46700000,1.31800000,,1.01900000,2.39800000,,107.35876520,,109.18045800
2015-04-29,4.97457750,2.36825470,1.16600000,1.46700000,1.33300000,,1.01400000,2.41100000,,107.39887720,,109.19013750
2015-04-30,4.96410250,2.38339090,1.16000000,1.45800000,1.31700000,,1.00500000,2.40900000,,107.53024400,,109.19981700
2015-05-04,4.99133750,2.39964830,1.16000000,1.45700000,1.30600000,,1.00900000,2.38500000,,107.21135360,,109.16862750
2015-05-05,4.80174000,2.30967200,1.16500000,1.45600000,1.27600000,,1.01000000,2.38100000,,107.16723040,,109.17077850
2015-05-06,4.75146000,2.27014970,1.15200000,1.43700000,1.27000000,,1.00100000,2.38300000,,106.75307400,,109.23423300
2015-05-07,4.66870750,2.22249870,1.15000000,1.43500000,1.26000000,,1.01000000,2.35800000,,106.95664240,,109.20627000
2015-05-08,4.74098500,2.32088400,1.15500000,1.45000000,1.27300000,,1.01300000,2.36900000,,107.32868120,,109.30629150
2015-05-11,4.89706250,2.44253420,1.16300000,1.45700000,1.28700000,,1.02500000,2.37700000,,107.49815440,,109.33963200
2015-05-12,4.95362750,2.47112480,1.16200000,1.45300000,1.27900000,,1.01900000,2.37600000,,107.48010400,,109.34608500
2015-05-13,4.90753750,2.49382910,1.15900000,1.45000000,1.25500000,,1.00800000,2.38400000,,107.43196960,,109.31489550
2015-05-14,4.89601500,2.48401860,1.15500000,1.45600000,1.25500000,,1.00600000,2.42000000,,107.65759960,,109.32565050
2015-05-15,4.80593000,2.47000360,1.16400000,1.46400000,1.29000000,,1.02800000,2.42500000,,107.67264160,,109.33855650
2015-05-18,4.77031500,2.51681370,1.16300000,1.46000000,1.27200000,,1.02300000,2.45200000,,107.70072000,,109.32780150
2015-05-19,4.93477250,2.58072210,1.16900000,1.46200000,1.28100000,,1.02500000,2.43300000,,107.49314040,,109.34393400
2015-05-20,4.95781750,2.62444890,1.16800000,1.45300000,1.27100000,,1.03200000,2.40600000,,107.38483800,,109.33102800
2015-05-21,5.05942500,2.74357640,1.16600000,1.46000000,1.27100000,,1.03900000,2.40700000,,107.24544880,,109.38802950
2015-05-22,5.16836500,2.78085630,1.17100000,1.46800000,1.29500000,,1.02800000,2.41100000,,107.33971200,,109.45686150
2015-05-25,5.33177500,2.83131030,1.17000000,1.46800000,1.35400000,,1.02300000,2.42300000,,107.33469800,,109.45255950
2015-05-26,5.41033750,2.94399090,1.17000000,1.46600000,1.31800000,,1.02200000,2.41000000,,107.31363920,,109.45040850
2015-05-27,5.41033750,2.97650570,1.16400000,1.45400000,1.31300000,,1.01300000,2.39400000,,107.20533680,,109.45148400
2015-05-28,5.04371250,2.78421990,1.16800000,1.48100000,1.26300000,,1.01400000,2.39100000,,107.22840120,,109.45578600
2015-05-29,5.04685500,2.84112080,1.17000000,1.47500000,1.27700000,,1.00600000,2.38100000,,106.60867080,,109.45148400
2015-06-01,5.31082500,3.02107340,1.16300000,1.46700000,1.28700000,,0.99900000,2.38500000,,106.09624000,,109.45255950
2015-06-02,5.40091000,3.10123920,1.16400000,1.46800000,1.26900000,,0.99400000,2.37900000,,106.26671600,,109.44395550
2015-06-03,5.35586750,3.08021670,1.15800000,1.45900000,1.27700000,,0.98400000,2.37000000,,106.89346600,,109.50203250
2015-06-04,5.41662250,3.08610300,1.16500000,1.46500000,1.28200000,,0.99700000,2.36300000,,106.98873200,,109.61280900
2015-06-05,5.42500250,3.15842040,1.16200000,1.46400000,1.27900000,,0.99800000,2.36800000,,107.35074280,,109.64830050
2015-06-08,5.55803500,3.09507260,1.16400000,1.45800000,1.28200000,,0.99600000,2.36900000,,107.45102280,,109.62356400
2015-06-09,5.51299250,3.11273150,1.15600000,1.44900000,1.26900000,,0.98800000,2.36600000,,107.23842920,,109.61818650
2015-06-10,5.50775500,3.16458700,1.16000000,1.45200000,1.26800000,,0.99100000,2.37100000,,106.99174040,,109.60312950
2015-06-11,5.50880250,3.22345000,1.16700000,1.46000000,1.25500000,,0.99600000,2.37100000,,107.03887200,,109.60420500
2015-06-12,5.54965500,3.27951000,1.16900000,1.46000000,1.26200000,,0.99500000,2.37500000,,106.90850800,,109.59022350
2015-06-15,5.41662250,3.20495020,1.15700000,1.45600000,1.25200000,,0.98800000,2.37200000,,106.49635720,,109.60743150
2015-06-16,5.27416250,3.07909550,1.15400000,1.45000000,1.24000000,,0.97600000,2.36800000,,106.49334880,,109.62786600
2015-06-17,5.35272500,3.14776900,1.15400000,1.44600000,1.25300000,,0.97300000,2.36100000,,106.34694000,,109.66120650
2015-06-18,5.14217750,3.03957320,1.15500000,1.44100000,1.22100000,,0.95800000,2.36000000,,106.41813880,,109.66443300
2015-06-19,4.82164250,2.84252230,1.15900000,1.46200000,1.23100000,,0.95700000,2.36400000,,106.49535440,,109.70530200
2015-06-23,4.99238500,2.84196170,1.16600000,1.48500000,1.27500000,,0.98200000,2.35400000,,106.68989760,,109.72251000
2015-06-24,5.10237250,2.88652940,1.17000000,1.48100000,1.28500000,,1.00500000,2.36300000,,106.95463680,,109.77628500
2015-06-25,4.91906000,2.79655310,1.16400000,1.47100000,1.26800000,,0.99800000,2.35900000,,106.49736000,,109.77520950
2015-06-26,4.55243500,2.51681370,1.15900000,1.47000000,1.24800000,,0.99900000,2.35300000,,106.09122600,,109.77951150
2015-06-29,4.38064500,2.36965620,1.15900000,1.45600000,1.21600000,,0.96800000,2.35500000,,106.24666000,,109.77090750
2015-06-30,4.69699000,2.54932850,1.14100000,1.44000000,1.25400000,,0.97000000,2.34600000,,106.18448640,,109.76337900
2015-07-01,4.39635750,2.34386860,1.14400000,1.44000000,1.20600000,,0.96200000,2.34900000,,106.36699600,,109.78704000
2015-07-02,4.30313000,2.24240000,1.15000000,1.44700000,1.23500000,,0.96900000,2.33000000,,106.11930440,,109.79349300
2015-07-03,4.10515250,2.07674270,1.15000000,1.44300000,1.22700000,,0.95700000,2.31200000,,106.20353960,,109.81285200
2015-07-06,4.21618750,2.07674270,1.14600000,1.41400000,1.16400000,,0.92600000,2.33000000,,106.88845200,,109.88706150
2015-07-07,4.03078000,1.91472930,1.14300000,1.41900000,1.17200000,,0.92700000,2.31300000,,107.59943720,,109.97525250
2015-07-08,3.62749250,1.72328440,1.11900000,1.38000000,1.05500000,,0.89400000,2.23600000,,108.11989040,,109.89781650
2015-07-09,3.98992750,1.89566890,1.11800000,1.38200000,1.14500000,,0.92000000,2.31500000,,107.95442840,,109.91072250
2015-07-10,4.38797750,2.08515170,1.12300000,1.38600000,1.15200000,,0.94700000,2.30100000,,107.34171760,,109.92793050
2015-07-13,4.43511500,2.29369490,1.13400000,1.40000000,1.14800000,,0.95200000,2.31000000,,107.48411520,,109.93761000
2015-07-14,4.35131500,2.21044580,1.15700000,1.44100000,1.14000000,,0.95200000,2.30900000,,107.37982400,,109.94836500
2015-07-15,4.13238750,2.01872060,1.16500000,1.46200000,1.15300000,,0.94000000,2.30700000,,107.63353240,,109.96342200
2015-07-16,4.22771000,2.12747700,1.15900000,1.43900000,1.15100000,,0.93900000,2.29900000,,108.20212000,,109.98063000
2015-07-17,4.39950000,2.26398310,1.17100000,1.47500000,1.18600000,,0.94200000,2.29900000,,108.90909400,,110.01934800
2015-07-20,4.38693000,2.27435420,1.17400000,1.50800000,1.19400000,,0.92900000,2.24300000,,108.70452280,,110.01934800
2015-07-21,4.41416500,2.31135380,1.18200000,1.52500000,1.20700000,,0.94600000,2.22600000,,108.66340800,,110.02365000
2015-07-22,4.39321500,2.34246710,1.17500000,1.50700000,1.19800000,,0.92800000,2.20400000,,108.61928480,,110.02365000
2015-07-23,4.51263000,2.42487530,1.18000000,1.51000000,1.21200000,,0.92800000,2.20900000,,108.75366000,,110.03117850
2015-07-24,4.41835500,2.37442130,1.17800000,1.49800000,1.19000000,,0.92400000,2.18600000,,108.34552040,,110.04731100
2015-07-27,3.98364250,2.16643870,1.15100000,1.47800000,1.14800000,,0.90300000,2.21300000,,108.40167720,,110.06667000
2015-07-28,4.02973250,2.15859030,1.15200000,1.47200000,1.15700000,,0.89600000,2.19200000,,108.67744720,,110.07527400
2015-07-29,4.17743000,2.28388440,1.16500000,1.49900000,1.17000000,,0.91200000,2.19700000,,109.02541880,,110.07850050
2015-07-30,4.03392250,2.20147620,1.17600000,1.52000000,1.16300000,,0.91100000,2.18000000,,108.56914480,,110.11076550
2015-07-31,4.03392250,2.17737040,1.17700000,1.52600000,1.16500000,,0.90900000,2.16700000,,108.48290400,,110.12259600
2015-08-03,4.03497000,2.10421210,1.17500000,1.52800000,1.15800000,,0.90900000,2.18900000,,108.69650040,,110.15486100
2015-08-04,4.19523750,2.25865740,1.17000000,1.51100000,1.17100000,,0.92100000,2.18000000,,108.48490960,,110.14948350
2015-08-05,4.10201000,2.21184730,1.17100000,1.50200000,1.16600000,,0.92000000,2.17700000,,108.72658440,,110.14948350
2015-08-06,4.05696750,2.19811260,1.17500000,1.52000000,1.16100000,,0.93500000,2.17700000,,108.92614160,,110.13550200
2015-08-07,4.14076750,2.27127090,1.16600000,1.49700000,1.16800000,,0.93000000,2.18700000,,108.99332920,,110.15163450
2015-08-10,4.34503000,2.39824680,1.16800000,1.49000000,1.16700000,,0.93100000,2.19500000,,108.96725640,,110.15593650
2015-08-11,4.29370250,2.38983780,1.20000000,1.56400000,1.19800000,,0.96100000,2.25100000,,108.89706040,,110.15593650
2015-08-12,4.24970750,2.35059580,1.20000000,1.52900000,1.18400000,,0.94500000,2.32700000,,108.82586160,,110.16669150
2015-08-13,4.30732000,2.40833760,1.21100000,1.54400000,1.18800000,,0.94100000,2.31500000,,108.71154240,,110.17422000
2015-08-14,4.29684500,2.43132220,1.21100000,1.55200000,1.18800000,,0.94800000,2.29900000,,108.66140240,,110.19465450
2015-08-17,4.30417750,2.50027600,1.22500000,1.55700000,1.17800000,,0.95000000,2.30100000,,108.32045040,,110.20648500
2015-08-18,4.00878250,2.28696770,1.23100000,1.57700000,1.15600000,,0.93900000,2.30200000,,107.93637800,,110.21186250
2015-08-19,4.10096250,2.36405020,1.22600000,1.55800000,1.15300000,,0.93600000,2.31000000,,107.99955440,,110.21939100
2015-08-20,3.99621250,2.27155120,1.21600000,1.53700000,1.12200000,,0.92900000,2.34600000,,107.98752080,,110.22476850
2015-08-21,3.79718750,2.15774940,1.19100000,1.48700000,1.10000000,,0.90000000,2.39000000,,108.01459640,,110.24197650
2015-08-24,3.41799250,1.94191840,1.12400000,1.37500000,1.03600000,,0.84700000,2.38100000,,108.18507240,,110.24735400
2015-08-25,3.12469250,1.74767050,1.11000000,1.37800000,1.02900000,,0.83900000,2.36800000,,108.30240000,,110.24627850
2015-08-26,3.21268250,1.74795080,1.11300000,1.38400000,1.06200000,,0.86000000,2.34900000,,108.40268000,,110.25488250
2015-08-27,3.41170750,1.82195000,1.14200000,1.44800000,1.08200000,,0.88100000,2.32200000,,108.68145840,,110.26563750
2015-08-28,3.56359500,1.93154730,1.16200000,1.48000000,1.08400000,,0.89300000,2.33300000,,108.83588960,,110.29037400
2015-08-31,3.55626250,1.85586630,1.15700000,1.46800000,1.06400000,,0.87500000,2.33900000,,109.07054480,,110.29467600
2015-09-01,3.54264500,1.72832980,1.13800000,1.42600000,1.05900000,,0.86500000,2.35400000,,109.43556400,,110.33662050
2015-09-02,3.53217000,1.68488330,1.12900000,1.42700000,1.03000000,,0.88200000,2.35100000,,109.42052200,,110.38071600
2015-09-07,3.44522750,1.72608740,1.13000000,1.41900000,1.02900000,,0.87600000,2.31300000,,109.32425320,,110.37964050
2015-09-08,3.53845500,1.82054850,1.13800000,1.46000000,1.04300000,,0.87900000,2.30300000,,108.94318920,,110.36996100
2015-09-09,3.60549500,1.87296460,1.15200000,1.47100000,1.08800000,,0.88900000,2.31300000,,108.97126760,,110.36243250
2015-09-10,3.54159750,1.82447270,1.13700000,1.44200000,1.07000000,,0.87900000,2.28600000,,108.75366000,,110.37533850
2015-09-11,3.54893000,1.83848770,1.14000000,1.46600000,1.07300000,,0.87800000,2.28700000,,108.51699920,,110.39792400
2015-09-14,3.42427750,1.68123940,1.14700000,1.46400000,1.06300000,,0.87500000,2.28200000,,108.69248920,,110.40437700
2015-09-15,3.32371750,1.59799030,1.14000000,1.43900000,1.05700000,,0.86300000,2.28000000,,108.73159840,,110.41405650
2015-09-16,3.50388750,1.73533730,1.15300000,1.47600000,1.08700000,,0.88200000,2.27700000,,108.70352000,,110.42696250
2015-09-17,3.43580000,1.69413320,1.16400000,1.47800000,1.07500000,,0.88000000,2.30500000,,108.67544160,,110.42481150
2015-09-18,3.43475250,1.71683750,1.15900000,1.47900000,1.08500000,,0.87900000,2.31800000,,108.66140240,,110.44417050
2015-09-21,3.49760250,1.79195790,1.14100000,1.46100000,1.07800000,,0.85600000,2.34700000,,108.68045560,,110.44739700
2015-09-22,3.52483750,1.78438980,1.14800000,1.46800000,1.09200000,,0.85200000,2.33300000,,108.60825400,,110.45815200
2015-09-23,3.44313250,1.75804160,1.13400000,1.44600000,1.05400000,,0.82500000,2.32600000,,108.62429880,,110.46352950
2015-09-24,3.47246250,1.78242770,1.13300000,1.44600000,1.05400000,,0.82900000,2.34400000,,108.61828200,,110.46675600
2015-09-25,3.39704250,1.71543600,1.13200000,1.45000000,1.05300000,,0.82100000,2.35900000,,108.58117840,,110.48288850
2015-09-28,3.41694500,1.76336730,1.12800000,1.43400000,1.05300000,,0.83000000,2.34500000,,108.60424280,,110.50224750
2015-09-29,3.35095250,1.74486750,1.09700000,1.39300000,1.02900000,,0.81600000,2.31400000,,108.73260120,,110.50977600
2015-09-30,3.37399750,1.74654930,1.10500000,1.39400000,1.03500000,,0.82000000,2.31400000,,108.99533480,,110.55709800
2015-10-08,3.49550750,1.81886670,1.15000000,1.44300000,1.09400000,,0.84200000,2.34600000,,108.88302120,,110.54311650
2015-10-09,3.53950250,1.84016950,1.16100000,1.45000000,1.10700000,,0.84700000,2.35000000,,109.16510600,,110.57107950
2015-10-12,3.68720000,1.91949440,1.16600000,1.46100000,1.11200000,,0.86200000,2.37500000,,109.75212400,,110.57000400
2015-10-13,3.66101250,1.93687300,1.16300000,1.45900000,1.11000000,,0.86200000,2.36100000,,109.61245420,,110.59689150
2015-10-14,3.62120750,1.92061560,1.15800000,1.45100000,1.09900000,,0.86000000,2.39700000,,109.93733830,,110.62162800
2015-10-15,3.71443500,1.99209210,1.15900000,1.46000000,1.12100000,,0.86600000,2.40700000,,109.76325710,,110.62808100
2015-10-16,3.76576250,2.01227370,1.16800000,1.48400000,1.12800000,,0.87200000,2.40200000,,109.32299360,,110.64421350
2015-10-19,3.75947750,2.02376600,1.17300000,1.48500000,1.12800000,,0.86600000,2.39800000,,109.37157440,,110.65604400
2015-10-20,3.80871000,2.04366730,1.17800000,1.49500000,1.12800000,,0.87200000,2.39300000,,109.90292690,,110.66249700
2015-10-21,3.69453250,1.92510040,1.17400000,1.48800000,1.11500000,,0.87100000,2.39900000,,109.81183790,,110.67110100
2015-10-22,3.74167000,1.99293300,1.17100000,1.48400000,1.12300000,,0.87400000,2.38900000,,109.71771260,,110.66464800
2015-10-23,3.80766250,2.04619000,1.19100000,1.53100000,1.13700000,,0.89500000,2.40300000,,109.85232190,,110.68293150
2015-10-26,3.81394750,2.04506880,1.19900000,1.54900000,1.13600000,,0.91200000,2.38700000,,109.97883440,,110.69906400
2015-10-27,3.81604250,2.06328830,1.20100000,1.54200000,1.13400000,,0.90300000,2.39400000,,110.16708500,,110.70981900
2015-10-28,3.74900250,2.00582680,1.20000000,1.55300000,1.13100000,,0.89300000,2.40600000,,110.35938400,,110.71842300
2015-10-29,3.75424000,2.02825080,1.21100000,1.56000000,1.12800000,,0.90700000,2.38400000,,110.06385080,,110.72702700
2015-10-30,3.75528750,2.02656900,1.21200000,1.56900000,1.11900000,,0.90600000,2.35100000,,110.12154050,,110.76359400
2015-11-02,3.69243750,1.98564520,1.20500000,1.55200000,1.11200000,,0.89900000,2.34000000,,110.15291560,,110.77219800
2015-11-03,3.66415500,1.97611500,1.21900000,1.57500000,1.12000000,,0.91000000,2.32700000,,110.08915330,,110.77757550
2015-11-04,3.88413000,2.10561360,1.22100000,1.58000000,1.14700000,,0.91500000,2.30100000,,109.71771260,,110.78187750
2015-11-05,3.94593250,2.09944700,1.22000000,1.57900000,1.14400000,,0.90100000,2.28100000,,109.70354320,,110.79370800
2015-11-06,4.04020750,2.15074190,1.21800000,1.57400000,1.13600000,,0.90300000,2.28200000,,109.53148620,,110.80446300
2015-11-09,4.08210750,2.17596890,1.22100000,1.58300000,1.13300000,,0.90000000,2.25000000,,108.51128940,,110.80876500
2015-11-10,4.07058500,2.17737040,1.20900000,1.56300000,1.11700000,,0.89400000,2.25000000,,108.80176210,,110.83887900
2015-11-11,4.06534750,2.22053660,1.20900000,1.55800000,1.11600000,,0.89600000,2.24900000,,109.22279570,,110.85501150
2015-11-12,4.02344750,2.22726380,1.21000000,1.55900000,1.13500000,,0.89300000,2.24300000,,109.31995730,,110.86469100
2015-11-13,3.98469000,2.18157490,1.19300000,1.54300000,1.11600000,,0.89200000,2.23000000,,109.30983630,,110.88189900
2015-11-16,4.00773500,2.23651370,1.17900000,1.51600000,1.10000000,,0.88000000,2.26000000,,109.33918720,,110.88942750
2015-11-17,3.99307000,2.20007470,1.20200000,1.55200000,1.11300000,,0.88700000,2.22600000,,109.45861500,,110.89910700
2015-11-18,3.95850250,2.16643870,1.19600000,1.54800000,1.10800000,,0.89200000,2.21200000,,109.25923130,,110.90986200
2015-11-19,4.01821000,2.23651370,1.21900000,1.58300000,1.12200000,,0.90100000,2.22100000,,109.31894520,,110.91739050
2015-11-20,4.00668750,2.25585440,1.22300000,1.58100000,1.12500000,,0.90100000,2.23400000,,109.33007830,,110.93137200
2015-11-23,3.98678500,2.23118800,1.22500000,1.58700000,1.12900000,,0.90100000,2.21200000,,109.32906620,,110.95180650
2015-11-24,3.98992750,2.25781650,1.22300000,1.58600000,1.12200000,,0.89800000,2.21200000,,109.57804280,,110.95395750
2015-11-25,4.01402000,2.28921010,1.22200000,1.58000000,1.12700000,,0.89200000,2.22600000,,109.58310330,,110.96041050
2015-11-26,3.99516500,2.26818760,1.22500000,1.58100000,1.12300000,,0.90400000,2.21700000,,109.80778950,,110.96471250
2015-11-27,3.77938000,2.13252240,1.22400000,1.58400000,1.10200000,,0.90600000,2.20600000,,109.75516030,,110.96901450
2015-11-30,3.78042750,2.13056030,1.23000000,1.58300000,1.10500000,,0.91100000,2.18300000,,109.89179380,,110.96256150
2015-12-01,3.80975750,2.14457530,1.22800000,1.58200000,1.11300000,,0.92300000,2.21600000,,109.74503930,,111.00020400
2015-12-02,3.97316750,2.14541620,1.23700000,1.60500000,1.12400000,,0.91800000,2.20800000,,109.91406000,,111.00988350
2015-12-03,3.98154750,2.18213550,1.22500000,1.59300000,1.11800000,,0.91800000,2.18200000,,109.94948350,,111.02494050
2015-12-04,3.90612750,2.15410550,1.20700000,1.57200000,1.11100000,,0.91100000,2.20000000,,109.93025360,,111.04537500
2015-12-07,3.91241250,2.19026420,1.22700000,1.60400000,1.11300000,,0.91400000,2.24000000,,109.98591910,,111.06365850
2015-12-08,3.85584750,2.13756780,1.22100000,1.59800000,1.09400000,,0.91700000,2.22500000,,110.04057250,,111.07441350
2015-12-09,3.86108500,2.12074980,1.21800000,1.60000000,1.09400000,,0.90000000,2.23100000,,110.02640310,,111.06473400
2015-12-10,3.85375250,2.11318170,1.21200000,1.58200000,1.09200000,,0.89400000,2.23000000,,110.07295970,,111.07548900
2015-12-11,3.83489750,2.09916670,1.21500000,1.58500000,1.08300000,,0.89400000,2.23000000,,110.07498390,,111.09377250
2015-12-14,3.95221750,2.14569650,1.19800000,1.56000000,1.07500000,,0.88100000,2.24200000,,109.94442300,,111.10560300
2015-12-15,3.91450750,2.15214340,1.20300000,1.57200000,1.07600000,,0.88000000,2.22500000,,110.01931840,,111.11420700
2015-12-16,3.91555500,2.16952200,1.21200000,1.58500000,1.09600000,,0.88800000,2.22700000,,110.10129850,,111.13141500
2015-12-17,3.98888000,2.23230920,1.22700000,1.61100000,1.10200000,,0.89900000,2.22800000,,110.13773410,,111.13894350
2015-12-18,4.00354500,2.21773360,1.21100000,1.58500000,1.10300000,,0.89800000,2.21700000,,110.42011000,,111.15830250
2015-12-21,4.10829500,2.24884690,1.20100000,1.57400000,1.10500000,,0.89500000,2.23800000,,110.84620410,,111.15937800
2015-12-22,4.11353250,2.26874820,1.20700000,1.57400000,1.10200000,,0.89400000,2.24900000,,110.78345390,,111.15400050
2015-12-23,4.10829500,2.23903640,1.21100000,1.57800000,1.11400000,,0.89500000,2.24400000,,110.82596210,,111.16368000
2015-12-24,4.05906250,2.23959700,1.22400000,1.58800000,1.11600000,,0.90800000,2.24500000,,110.97474080,,111.17013300
2015-12-25,4.08001250,2.24940750,1.22700000,1.58100000,1.12000000,,0.90900000,2.25000000,,110.92616000,,111.19702050
2015-12-28,3.95745500,2.19530960,1.22300000,1.57500000,1.11000000,,0.90500000,2.24400000,,111.39678650,,111.21315300
2015-12-29,3.99411750,2.21857450,1.22500000,1.58200000,1.11800000,,0.91100000,2.24800000,,111.32897580,,111.22928550
2015-12-30,3.99307000,2.23567280,1.23300000,1.60700000,1.11400000,,0.91800000,2.24500000,,111.29760070,,111.23143650
2015-12-31,3.95745500,2.19699140,1.23400000,1.61700000,1.11300000,,0.91500000,2.23200000,,111.17412450,,111.27446900
2016-01-04,3.70291250,2.01591760,1.22700000,1.59300000,1.08200000,,0.91100000,2.25100000,,110.83001050,,111.24113000
2016-01-05,3.69453250,1.99629660,1.21100000,1.57000000,1.07900000,,0.89700000,2.27000000,,110.76422400,,111.29447240
2016-01-06,3.75214500,2.03834160,1.21400000,1.57800000,1.08000000,,0.89800000,2.28900000,,110.79964750,,111.30447410
2016-01-07,3.64949000,1.85614660,1.20200000,1.56000000,1.05800000,,0.88300000,2.33900000,,110.91705110,,111.31336450
2016-01-08,3.56988000,1.89286590,1.19200000,1.53600000,1.04800000,,0.88500000,2.33800000,,111.17918500,,111.34225830
2016-01-11,3.38656750,1.77121570,1.17300000,1.52200000,1.01800000,,0.86700000,2.34700000,,111.22979000,,111.35781650
2016-01-12,3.41066000,1.76841270,1.17900000,1.51200000,1.01500000,,0.85700000,2.31800000,,111.52532320,,111.36559560
2016-01-13,3.36352250,1.71347390,1.18000000,1.52500000,1.02300000,,0.86300000,2.30000000,,111.65892040,,111.36559560
2016-01-14,3.42008750,1.77093540,1.16400000,1.49700000,1.01500000,,0.85800000,2.31700000,,111.51823850,,111.36670690
2016-01-15,3.31952750,1.70282250,1.17100000,1.48000000,0.99500000,,0.84600000,2.30400000,,111.62248480,,111.38448770
2016-01-18,3.32162250,1.72720860,1.16300000,1.46400000,0.97800000,,0.84400000,2.31300000,,111.50204490,,111.39671200
2016-01-19,3.41694500,1.78242770,1.17900000,1.48700000,0.98900000,,0.85400000,2.31100000,,111.20954800,,111.39448940
2016-01-20,3.37244980,1.76785210,1.15800000,1.45000000,0.95900000,,0.83000000,2.32900000,,111.17210030,,111.40115720
2016-01-21,3.27560760,1.70702700,1.14600000,1.43000000,0.94600000,,0.81000000,2.35000000,,111.42917370,,111.39448940
2016-01-22,3.30753360,1.72945100,1.16900000,1.45600000,0.96900000,,0.83200000,2.33500000,,111.44435520,,111.43227360
2016-01-25,3.32030400,1.74234480,1.16200000,1.48700000,0.98000000,,0.83500000,2.33900000,,111.29760070,,111.44672050
2016-01-26,3.13300480,1.63498990,1.13600000,1.43100000,0.95400000,,0.81100000,2.37900000,,111.35933880,,111.46894650
2016-01-27,3.09895040,1.59490700,1.15000000,1.45300000,0.96500000,,0.83600000,2.37500000,,111.15793090,,111.48005950
2016-01-28,3.03190580,1.52819560,1.14000000,1.43800000,0.96300000,,0.83100000,2.36100000,,111.08404760,,111.49117250
2016-01-29,3.11810600,1.58173290,1.15300000,1.45800000,0.99000000,,0.83800000,2.36300000,,111.13465260,,111.52340020
2016-02-01,3.08405160,1.56407400,1.16600000,1.48500000,0.99300000,,0.84300000,2.38300000,,111.13262840,,111.54340360
2016-02-02,3.15003200,1.61929310,1.16700000,1.48800000,0.99200000,,0.84400000,2.38900000,,111.11744690,,111.54562620
2016-02-03,3.13513320,1.62770210,1.16500000,1.45800000,0.96700000,,0.82800000,2.39900000,,111.23991100,,111.55118270
2016-02-04,3.17663700,1.65489120,1.19800000,1.46600000,0.97600000,,0.83400000,2.42100000,,111.20347540,,111.58007650
2016-02-05,3.13939000,1.64339890,1.19300000,1.48100000,0.97800000,,0.83200000,2.45100000,,111.23485050,,111.62675110
2016-02-15,3.12768380,1.64592160,1.18100000,1.45900000,0.95000000,,0.81000000,2.54700000,,111.44233100,,111.63008500
2016-02-16,3.21601240,1.71375420,1.18700000,1.46400000,0.96400000,,0.81900000,2.51200000,,111.43828260,,111.62675110
2016-02-17,3.24900260,1.73057220,1.17900000,1.45300000,0.95900000,,0.81700000,2.53300000,,111.44131890,,111.62786240
2016-02-18,3.24474580,1.72216320,1.18000000,1.45700000,0.97000000,,0.82600000,2.53700000,,111.37350820,,111.64453190
2016-02-19,3.23623220,1.72889040,1.17700000,1.44600000,0.97100000,,0.82500000,2.57400000,,111.47168190,,111.66675790
2016-02-22,3.30327680,1.76701120,1.17500000,1.45100000,0.97800000,,0.82700000,2.55500000,,111.46763350,,111.68009350
2016-02-23,3.27773600,1.75832190,1.17800000,1.45800000,0.97900000,,0.82900000,2.55700000,,111.53038370,,111.69342910
2016-02-24,3.30221260,1.76673090,1.17000000,1.44300000,0.97000000,,0.82000000,2.57700000,,111.70142860,,111.69342910
2016-02-25,3.09150100,1.62265670,1.17000000,1.45300000,0.95300000,,0.81700000,2.61400000,,111.61337590,,111.67231440
2016-02-26,3.12129860,1.63723230,1.18800000,1.47200000,0.96600000,,0.81900000,2.61200000,,111.69738020,,111.70120820
2016-02-29,3.04786880,1.53604400,1.18700000,1.46300000,0.96800000,,0.82000000,2.58700000,,111.70851330,,111.72343420
2016-03-01,3.10533560,1.58145260,1.18400000,1.45900000,0.97400000,,0.82200000,2.62600000,,111.86741300,,111.74232630
2016-03-02,3.24474580,1.66778500,1.20500000,1.51500000,1.01200000,,0.83600000,2.59500000,,111.90789700,,111.74677150
2016-03-03,3.23729640,1.66638350,1.20400000,1.51500000,1.00400000,,0.82900000,2.61700000,,111.83502580,,111.76344100
2016-03-04,3.27667180,1.61705070,1.20500000,1.50800000,1.01400000,,0.82900000,2.65100000,,111.77126350,,111.78900090
2016-03-07,3.30221260,1.66273960,1.21100000,1.50800000,1.01700000,,0.83800000,2.64900000,,111.73482790,,111.79344610
2016-03-08,3.29050640,1.67283040,1.20300000,1.48800000,1.00800000,,0.83300000,2.66200000,,111.75709410,,111.81567210
2016-03-09,3.24155320,1.62630060,1.19500000,1.46900000,1.00600000,,0.83200000,2.63400000,,111.83705000,,111.82789640
2016-03-10,3.19792100,1.59714940,1.19600000,1.48200000,1.01100000,,0.83200000,2.61800000,,111.97773190,,111.84789980
2016-03-11,3.19153580,1.59686910,1.19600000,1.48200000,1.01400000,,0.83400000,2.65100000,,112.27933770,,111.84345460
2016-03-14,3.26070880,1.65769420,1.21200000,1.50500000,1.02800000,,0.85400000,2.62400000,,112.01113120,,111.83789810
2016-03-15,3.25006680,1.63527020,1.20700000,1.50500000,1.02500000,,0.86000000,2.57200000,,111.97469560,,111.84789980
2016-03-16,3.27135080,1.61733100,1.20700000,1.50100000,1.02200000,,0.86100000,2.59100000,,112.16193410,,111.85234500
2016-03-17,3.32456080,1.67030770,1.21200000,1.51500000,1.03100000,,0.86400000,2.61700000,,112.16092200,,111.84012070
2016-03-18,3.37138560,1.73673880,1.21400000,1.51400000,1.03500000,,0.85900000,2.61700000,,112.15990990,,111.84234330
2016-03-21,3.44587960,1.77233690,1.22300000,1.51000000,1.04000000,,0.85900000,2.57600000,,112.05363940,,111.85123370
2016-03-22,3.42246720,1.76392790,1.22000000,1.51100000,1.03600000,,0.85700000,2.59700000,,112.17104300,,111.87568230
2016-03-23,3.42885240,1.78074590,1.22100000,1.52300000,1.03900000,,0.86300000,2.57000000,,112.29249500,,111.90235350
2016-03-24,3.37564240,1.74514780,1.21200000,1.50900000,1.02700000,,0.85700000,2.53400000,,112.53944740,,111.91791170
2016-03-25,3.38947700,1.76729150,1.21400000,1.51600000,1.02700000,,0.85600000,2.54900000,,112.66191150,,111.93680380
2016-03-28,3.35755100,1.75243560,1.20900000,1.52200000,1.02600000,,0.85500000,2.54100000,,112.70441970,,111.93902640
2016-03-29,3.32988180,1.72216320,1.20700000,1.51500000,1.02600000,,0.85700000,2.54700000,,112.74692790,,111.93791510
2016-03-30,3.42140300,1.80485170,1.21700000,1.53300000,1.04400000,,0.86500000,2.57000000,,112.80866600,,111.92902470
2016-03-31,3.41501780,1.79055640,1.21700000,1.53500000,1.04200000,,0.86700000,2.54800000,,112.77830300,,111.95347330
2016-04-01,3.42565980,1.78467010,1.21500000,1.52700000,1.03400000,,0.86300000,2.56400000,,113.09407820,,111.99236880
2016-04-05,3.45865000,1.82587420,1.22000000,1.53600000,1.02200000,,0.85800000,2.55200000,,112.92809380,,112.00681570
2016-04-06,3.45226480,1.83708620,1.21800000,1.53600000,1.02300000,,0.85000000,2.55400000,,112.96048100,,112.01570610
2016-04-07,3.40969680,1.81466220,1.22400000,1.55300000,1.01700000,,0.85000000,2.55300000,,112.87242830,,112.02459650
2016-04-08,3.38096340,1.79812450,1.21900000,1.53600000,1.01500000,,0.84400000,2.57000000,,112.86939200,,112.05682420
2016-04-11,3.41821040,1.83035900,1.22400000,1.53300000,1.02600000,,0.84800000,2.59300000,,112.87242830,,112.05349030
2016-04-12,3.41395360,1.82166970,1.22100000,1.52200000,1.03100000,,0.85000000,2.60700000,,112.84510160,,112.06015810
2016-04-13,3.45758580,1.85054060,1.22500000,1.53200000,1.05100000,,0.85900000,2.58400000,,112.65482680,,112.06904850
2016-04-14,3.47035620,1.86287380,1.23300000,1.54900000,1.07100000,,0.87000000,2.56300000,,112.49491500,,112.05571290
2016-04-15,3.47354880,1.86035110,1.23300000,1.55400000,1.07300000,,0.86700000,2.56200000,,112.48884240,,112.08460670
2016-04-18,3.42459560,1.82839690,1.23100000,1.55000000,1.05600000,,0.86400000,2.56400000,,112.55968940,,112.10461010
2016-04-19,3.42885240,1.83176050,1.23900000,1.55600000,1.07300000,,0.88100000,2.58800000,,112.60624600,,112.12016830
2016-04-20,3.36925720,1.75103410,1.24100000,1.54600000,1.06400000,,0.89000000,2.59400000,,112.47366090,,112.12350220
2016-04-21,3.35329420,1.73701910,1.25000000,1.55100000,1.08200000,,0.90000000,2.62600000,,111.99190130,,112.13572650
2016-04-22,3.36819300,1.74739020,1.24700000,1.54700000,1.07900000,,0.89400000,2.59200000,,111.96356250,,112.15684120
2016-04-25,3.35755100,1.73870090,1.24100000,1.53400000,1.07900000,,0.89400000,2.57800000,,111.36136300,,112.16350900
2016-04-26,3.37670660,1.76140520,1.24800000,1.53300000,1.07300000,,0.88900000,2.57300000,,111.53240790,,112.16462030
2016-04-27,3.36074360,1.75243560,1.25100000,1.52200000,1.07200000,,0.89100000,2.60100000,,111.63159370,,112.18573500
2016-04-28,3.35861520,1.73814030,1.25500000,1.51900000,1.07500000,,0.90100000,2.61300000,,111.98279240,,112.21018360
2016-04-29,3.35435840,1.74066300,1.23900000,1.50500000,1.05900000,,0.89300000,2.66000000,,112.02833690,,112.22796440
2016-05-03,3.41927460,1.79644270,1.24500000,1.50700000,1.04900000,,0.90000000,2.70200000,,112.09209920,,112.21796270
2016-05-04,3.40650420,1.79644270,1.23200000,1.49500000,1.03700000,,0.88400000,2.67700000,,112.06983300,,112.22351920
2016-05-05,3.40650420,1.80905620,1.22600000,1.49000000,1.04200000,,0.88400000,2.67500000,,112.14371630,,112.23574350
2016-05-06,3.32881760,1.73786000,1.22500000,1.49400000,1.02800000,,0.87500000,2.68000000,,112.07286930,,112.25796950
2016-05-09,3.26070880,1.67451220,1.25000000,1.50300000,1.02700000,,0.87900000,2.67000000,,112.16193410,,112.27241640
2016-05-10,3.25751620,1.66918650,1.24600000,1.50300000,1.02700000,,0.88300000,2.65700000,,112.32488220,,112.29797630
2016-05-11,3.27028660,1.66610320,1.25600000,1.52400000,1.02300000,,0.88900000,2.66900000,,112.39066870,,112.28797460
2016-05-12,3.28199280,1.66666380,1.25000000,1.51000000,1.01400000,,0.87500000,2.66000000,,112.58802820,,112.29019720
2016-05-13,3.27028660,1.66105780,1.24200000,1.49800000,0.99900000,,0.86200000,2.68200000,,112.65077840,,112.30797800
2016-05-16,3.28305700,1.69104990,1.23500000,1.49900000,1.01100000,,0.87000000,2.69500000,,112.36941460,,112.31797970
2016-05-17,3.27773600,1.68852720,1.24100000,1.51600000,1.01500000,,0.87200000,2.68200000,,112.38763240,,112.32575880
2016-05-18,3.25645200,1.64199740,1.23100000,1.49800000,1.00600000,,0.86200000,2.68100000,,112.27427720,,112.33242660
2016-05-19,3.25006680,1.65012610,1.23200000,1.50100000,1.00600000,,0.86700000,2.64000000,,112.17610350,,112.34020570
2016-05-20,3.27135080,1.67226980,1.23000000,1.50200000,1.01900000,,0.86400000,2.63800000,,112.32285800,,112.33909440
2016-05-23,3.27667180,1.69048930,1.23600000,1.51300000,1.01600000,,0.86400000,2.63500000,,112.22772060,,112.36465430
2016-05-24,3.25645200,1.67479250,1.23200000,1.51300000,1.01400000,,0.86000000,2.62300000,,112.24087790,,112.37798990
2016-05-25,3.25432360,1.66470170,1.24700000,1.54000000,1.04600000,,0.87100000,2.58100000,,112.29553130,,112.38354640
2016-05-26,3.25432360,1.67283040,1.25400000,1.54600000,1.04300000,,0.88200000,2.59100000,,112.22468430,,112.38688030
2016-05-27,3.25645200,1.67423190,1.25600000,1.55300000,1.05200000,,0.89900000,2.58000000,,112.23784160,,112.39799330
2016-05-30,3.25858040,1.66666380,1.27900000,1.56800000,1.06300000,,0.89600000,2.55400000,,112.19432130,,112.41466280
2016-05-31,3.37244980,1.74010240,1.28200000,1.57600000,1.08200000,,0.90000000,2.57600000,,112.23278110,,112.41466280
2016-06-01,3.35861520,1.74066300,1.27900000,1.57700000,1.07100000,,0.89100000,2.57900000,,112.24593840,,112.41688540
2016-06-02,3.36180780,1.75495830,1.27700000,1.57100000,1.07000000,,0.88700000,2.58100000,,112.14068000,,112.42688710
2016-06-03,3.40118320,1.76560970,1.27400000,1.57100000,1.07900000,,0.89000000,2.57400000,,112.09513550,,112.44355660
2016-06-06,3.38096340,1.76981420,1.26600000,1.56000000,1.07700000,,0.88600000,2.62100000,,112.11132910,,112.45689220
2016-06-07,3.38096340,1.76813240,1.27000000,1.56600000,1.09300000,,0.89000000,2.62500000,,112.13460740,,112.47133910
2016-06-08,3.37670660,1.76308700,1.27300000,1.56000000,1.09600000,,0.90500000,2.64600000,,112.23885370,,112.51801370
2016-06-13,3.26602980,1.67815610,1.25800000,1.54000000,1.06200000,,0.87700000,2.72400000,,112.25201100,,112.51801370
2016-06-14,3.27986440,1.68572420,1.25900000,1.53900000,1.06600000,,0.87400000,2.71700000,,112.42204380,,112.52245890
2016-06-15,3.32349660,1.73982210,1.26500000,1.55000000,1.06400000,,0.87200000,2.73000000,,112.43621320,,112.52357020
2016-06-16,3.30327680,1.73309490,1.26200000,1.54800000,1.04200000,,0.86100000,2.77700000,,112.52224170,,112.52912670
2016-06-17,3.31711140,1.74654930,1.26500000,1.55000000,1.04800000,,0.87100000,2.71500000,,112.56879830,,112.55690920
2016-06-20,3.31817560,1.74879170,1.27500000,1.55400000,1.06800000,,0.88600000,2.71700000,,112.46758830,,112.56579960
2016-06-21,3.31072620,1.72804950,1.27500000,1.54600000,1.06800000,,0.88300000,2.71200000,,112.48175770,,112.57024480
2016-06-22,3.33094600,1.76084460,1.26900000,1.54100000,1.08400000,,0.88800000,2.67500000,,112.54754420,,112.57357870
2016-06-23,3.32030400,1.75103410,1.27200000,1.54400000,1.08600000,,0.88900000,2.68100000,,112.60219760,,112.58024650
2016-06-24,3.28518540,1.72552680,1.25900000,1.53000000,1.04900000,,0.86100000,2.80500000,,112.77121830,,112.59691600
2016-06-27,3.32668920,1.77513990,1.26000000,1.52500000,1.06300000,,0.86400000,2.82800000,,113.00501340,,112.57357870
2016-06-28,3.34371640,1.79167760,1.25600000,1.52200000,1.06300000,,0.86200000,2.81700000,,112.98072300,,112.59247080
2016-06-29,3.35861520,1.79195790,1.26400000,1.52500000,1.07000000,,0.86100000,2.83000000,,112.89975500,,112.59135950
2016-06-30,3.36393620,1.79307910,1.28500000,1.53700000,1.08900000,,0.85700000,2.81800000,,112.90886390,,112.64136800
2016-07-01,3.36074360,1.79055640,1.29400000,1.55000000,1.09600000,,0.85600000,2.85800000,,113.20338500,,112.67692960
2016-07-04,3.41714620,1.82615450,1.28300000,1.55700000,1.11200000,,0.86200000,2.89900000,,113.20338500,,112.67915220
2016-07-05,3.42565980,1.83540440,1.28200000,1.55500000,1.10100000,,0.85900000,2.89000000,,113.21046970,,112.68026350
2016-07-06,3.44268700,1.84633610,1.28300000,1.55100000,1.08400000,,0.85000000,2.94700000,,113.34710320,,112.69804430
2016-07-07,3.44694380,1.85362390,1.29300000,1.56800000,1.09000000,,0.85600000,2.93600000,,113.45742210,,112.71137990
2016-07-08,3.43417340,1.84633610,1.29900000,1.56700000,1.08600000,,0.84500000,2.91600000,,113.35317580,,112.73693980
2016-07-11,3.44268700,1.85110120,1.31900000,1.59700000,1.10200000,,0.85600000,2.94200000,,113.31674020,,112.74471890
2016-07-12,3.52995140,1.87436610,1.33300000,1.60300000,1.11600000,,0.85900000,2.91900000,,113.27119570,,112.75027540
2016-07-13,3.53740080,1.88754020,1.34200000,1.61000000,1.12900000,,0.86400000,2.89200000,,113.21451810,,112.75249800
2016-07-14,3.53207980,1.89398710,1.33700000,1.60800000,1.13700000,,0.86800000,2.87200000,,113.24488110,,112.77027880
2016-07-15,3.53633660,1.88950230,1.35700000,1.62100000,1.14200000,,0.87200000,2.87500000,,113.38151460,,112.78694830
2016-07-18,3.52356620,1.88193420,1.34800000,1.61900000,1.15400000,,0.87600000,2.86500000,,113.40884130,,112.80361780
2016-07-19,3.50547480,1.88137360,1.36500000,1.63300000,1.14700000,,0.87200000,2.87000000,,113.48576090,,112.81473080
2016-07-20,3.49802540,1.87829030,1.36100000,1.63100000,1.15800000,,0.87200000,2.85800000,,113.55357160,,112.82028730
2016-07-21,3.51718100,1.88725990,1.39100000,1.64400000,1.16800000,,0.88100000,2.83000000,,113.61834600,,112.82362120
2016-07-22,3.48631920,1.87520700,1.37800000,1.63700000,1.15700000,,0.87800000,2.84400000,,113.59810400,,112.84140200
2016-07-25,3.48525500,1.87801000,1.39600000,1.64300000,1.15900000,,0.87900000,2.83000000,,113.58494670,,112.85807150
2016-07-26,3.52995140,1.90463850,1.40000000,1.64700000,1.17600000,,0.88200000,2.83400000,,113.65579370,,112.85029240
2016-07-27,3.46503520,1.82054850,1.39200000,1.64900000,1.16700000,,0.88600000,2.83600000,,113.67704780,,112.87362970
2016-07-28,3.47461300,1.82923780,1.38100000,1.65600000,1.16600000,,0.89200000,2.87600000,,113.70639870,,112.88918790
2016-07-29,3.46290680,1.81634400,1.41900000,1.66500000,1.15200000,,0.89300000,2.85900000,,113.78028200,,112.91141390
2016-08-01,3.43417340,1.78915490,1.40900000,1.67000000,1.16300000,,0.90500000,2.87700000,,114.01205290,,112.91808170
2016-08-02,3.44268700,1.80653350,1.42000000,1.67800000,1.15900000,,0.89800000,2.89500000,,113.97865360,,112.92586080
2016-08-03,3.44694380,1.81270010,1.39500000,1.65400000,1.14100000,,0.88500000,2.91200000,,113.98978670,,112.93252860
2016-08-04,3.45758580,1.82363180,1.39000000,1.65600000,1.14700000,,0.89000000,2.88100000,,113.93310910,,112.93808510
2016-08-05,3.47142040,1.81774550,1.38700000,1.66800000,1.16800000,,0.89100000,2.91800000,,114.08188780,,112.96475630
2016-08-08,3.50015380,1.84297250,1.40400000,1.68800000,1.18500000,,0.90100000,2.85700000,,114.15475900,,112.96920150
2016-08-09,3.51611680,1.86147230,1.40400000,1.69500000,1.17900000,,0.90300000,2.85500000,,114.34098540,,112.97586930
2016-08-10,3.50547480,1.85222240,1.40000000,1.70000000,1.17500000,,0.92700000,2.89600000,,114.49583670,,112.98364840
2016-08-11,3.50121800,1.82166970,1.39400000,1.69300000,1.18700000,,0.93300000,2.87100000,,114.42802600,,112.99365010
2016-08-12,3.56294160,1.84745730,1.38800000,1.70200000,1.19400000,,0.93500000,2.87000000,,114.40373560,,113.00365180
2016-08-15,3.66829740,1.88585840,1.39000000,1.69800000,1.20200000,,0.92700000,2.86400000,,114.23775120,,113.00476310
2016-08-16,3.65765540,1.89454770,1.38600000,1.70200000,1.20100000,,0.93100000,2.87500000,,114.39057830,,113.01143090
2016-08-17,3.64914180,1.89903250,1.37400000,1.68800000,1.20300000,,0.93300000,2.86100000,,114.41284450,,113.02587780
2016-08-18,3.64382080,1.89959310,1.37600000,1.69200000,1.20600000,,0.93100000,2.87600000,,114.34604590,,113.02365520
2016-08-19,3.63956400,1.89987340,1.37800000,1.69100000,1.21100000,,0.93600000,2.87700000,,114.21143660,,113.05810550
2016-08-22,3.61402320,1.87885090,1.38000000,1.69100000,1.20500000,,0.93300000,2.85500000,,114.31669500,,113.06921850
2016-08-23,3.61615160,1.88333570,1.38000000,1.70300000,1.21000000,,0.93000000,2.86000000,,114.25394480,,113.07366370
2016-08-24,3.60125280,1.88445690,1.38700000,1.70700000,1.20400000,,0.93100000,2.86100000,,114.03937960,,113.07366370
2016-08-25,3.58209720,1.87184340,1.38400000,1.69500000,1.20700000,,0.93000000,2.83700000,,114.04444010,,113.08588800
2016-08-26,3.57784040,1.88109330,1.38500000,1.69900000,1.21200000,,0.92500000,2.84100000,,114.17297680,,113.11255920
2016-08-29,3.57677620,1.88445690,1.38200000,1.69400000,1.20700000,,0.92400000,2.83000000,,114.21548500,,113.12700610
2016-08-30,3.59167500,1.88333570,1.39800000,1.70300000,1.22000000,,0.92800000,2.83600000,,114.15374690,,113.13700780
2016-08-31,3.60657380,1.88641900,1.40500000,1.69300000,1.21800000,,0.92900000,2.82300000,,114.16184370,,113.14367560
2016-09-01,3.56826260,1.86876010,1.40100000,1.69500000,1.22600000,,0.92600000,2.81500000,,114.02419810,,113.15478860
2016-09-02,3.58422560,1.85979050,1.40400000,1.69400000,1.23100000,,0.92700000,2.82100000,,114.01407710,,113.17034680
2016-09-05,3.59167500,1.87296460,1.41900000,1.70400000,1.25800000,,0.93600000,2.85100000,,114.03634330,,113.17701460
2016-09-06,3.62253680,1.90660060,1.44500000,1.71000000,1.26800000,,0.93600000,2.85200000,,113.88250410,,113.18923890
2016-09-07,3.62466520,1.90211580,1.45100000,1.72200000,1.26200000,,0.93000000,2.89100000,,113.91792760,,113.19924060
2016-09-08,3.61934420,1.91276720,1.44900000,1.71700000,1.27000000,,0.94300000,2.88900000,,113.96246000,,113.20479710
2016-09-09,3.60125280,1.89426740,1.44300000,1.71500000,1.29500000,,0.93800000,2.87200000,,114.13046860,,113.21813270
2016-09-12,3.52995140,1.84241190,1.40400000,1.66100000,1.25300000,,0.92200000,2.85200000,,113.99484720,,113.23480220
2016-09-13,3.52995140,1.85054060,1.41700000,1.68500000,1.25100000,,0.92600000,2.85700000,,114.04848850,,113.26258470
2016-09-14,3.50866740,1.83876800,1.41500000,1.67200000,1.24200000,,0.92800000,2.84300000,,114.14868640,,113.29703500
2016-09-19,3.53101560,1.86119200,1.42400000,1.71200000,1.25800000,,0.92000000,2.82600000,,114.17601310,,113.28925590
2016-09-20,3.52675880,1.85754810,1.42300000,1.70100000,1.25500000,,0.91900000,2.83100000,,114.23775120,,113.28481070
2016-09-21,3.54059340,1.86287380,1.44100000,1.70100000,1.26600000,,0.92000000,2.83800000,,114.21953340,,113.29036720
2016-09-22,3.56400580,1.87296460,1.45300000,1.72800000,1.26500000,,0.92300000,2.85900000,,114.21548500,,113.27925420
2016-09-23,3.55549220,1.86988130,1.46500000,1.77300000,1.27000000,,0.93300000,2.86200000,,114.23876330,,113.30036890
2016-09-26,3.49589700,1.83400290,1.44700000,1.74500000,1.24800000,,0.92600000,2.86300000,,114.26912630,,113.31037060
2016-09-27,3.51398840,1.84437400,1.44600000,1.72200000,1.26000000,,0.92400000,2.85800000,,114.28734410,,113.31370450
2016-09-28,3.50866740,1.84213160,1.44500000,1.72400000,1.25100000,,0.91600000,2.83700000,,114.35616690,,113.33704180
2016-09-29,3.52463040,1.85194210,1.43500000,1.72400000,1.25900000,,0.92400000,2.83200000,,114.46243740,,113.34815480
2016-09-30,3.53527240,1.85951020,1.44900000,1.70700000,1.24300000,,0.90700000,2.84300000,,114.52619970,,113.42261190
2016-10-10,3.57571200,1.89510830,1.46400000,1.72100000,1.27700000,,0.91800000,2.73700000,,114.54441750,,113.43150230
2016-10-11,3.58422560,1.90099460,1.47700000,1.74300000,1.25900000,,0.92700000,2.73100000,,114.56668370,,113.43483620
2016-10-12,3.57571200,1.89959310,1.47700000,1.74000000,1.25000000,,0.92000000,2.72500000,,114.56769580,,113.46039610
2016-10-13,3.57571200,1.90183550,1.50800000,1.73500000,1.24400000,,0.91100000,2.73400000,,114.59704670,,113.47150910
2016-10-14,3.58635400,1.89819160,1.52100000,1.73400000,1.25100000,,0.90900000,2.72400000,,114.68813570,,113.50040290
2016-10-17,3.55336380,1.88361600,1.50600000,1.71700000,1.24200000,,0.91200000,2.73400000,,114.78732150,,113.49818030
2016-10-18,3.59806020,1.91164600,1.50700000,1.71700000,1.25600000,,0.91600000,2.74000000,,114.80250300,,113.48595600
2016-10-19,3.59593180,1.90323700,1.51000000,1.72500000,1.25500000,,0.92100000,2.74000000,,114.84703540,,113.50151420
2016-10-20,3.59061080,1.90435820,1.51200000,1.73300000,1.25900000,,0.92600000,2.76100000,,114.98164470,,113.49484640
2016-10-21,3.60870220,1.90155520,1.51400000,1.72800000,1.25800000,,0.92500000,2.75100000,,115.13852020,,113.51929500
2016-10-24,3.65233440,1.91641110,1.51600000,1.73900000,1.27100000,,0.92800000,2.76000000,,115.13345970,,113.51818370
2016-10-25,3.64275660,1.92341860,1.52100000,1.76200000,1.27500000,,0.93000000,2.77000000,,115.02314080,,113.52485150
2016-10-26,3.63211460,1.91528990,1.52000000,1.75100000,1.26300000,,0.92700000,2.78300000,,114.86727740,,113.53374190
2016-10-27,3.62679360,1.91164600,1.51100000,1.73800000,1.25100000,,0.92500000,2.77200000,,114.70432930,,113.53485320
2016-10-28,3.62147260,1.89707040,1.50600000,1.73700000,1.24700000,,0.92200000,2.77500000,,114.89764040,,113.56485830
2016-10-31,3.61402320,1.89034320,1.51000000,1.73400000,1.24400000,,0.92600000,2.78800000,,114.83590230,,113.58708430
2016-11-01,3.63637140,1.91024450,1.51300000,1.73800000,1.25600000,,0.92700000,2.79900000,,114.87436210,,113.60041990
2016-11-02,3.61189480,1.89118410,1.50500000,1.71900000,1.23500000,,0.91800000,2.82400000,,114.78327310,,113.62931370
2016-11-03,3.63956400,1.90043400,1.49800000,1.70200000,1.23400000,,0.91000000,2.82300000,,114.85209590,,113.63264760
2016-11-04,3.62785780,1.89454770,1.48800000,1.70600000,1.22800000,,0.90700000,2.80400000,,114.98569310,,113.65598490
2016-11-07,3.63105040,1.89594920,1.50500000,1.72700000,1.23800000,,0.91500000,2.79200000,,114.86727740,,113.66265270
2016-11-08,3.65020600,1.90856270,1.51500000,1.72300000,1.24000000,,0.91800000,2.79800000,,114.86019270,,113.66932050
2016-11-09,3.63637140,1.89090380,1.47100000,1.67400000,1.20100000,,0.90900000,2.86500000,,114.88853150,,113.67043180
2016-11-10,3.67361840,1.91893380,1.50300000,1.73200000,1.24800000,,0.92600000,2.81300000,,114.82476920,,113.67376570
2016-11-11,3.70554440,1.93407000,1.49700000,1.70900000,1.24000000,,0.92500000,2.76900000,,114.84197490,,113.67376570
2016-11-14,3.71086540,1.93799420,1.49500000,1.71900000,1.22500000,,0.92600000,2.68300000,,114.55049010,,113.68599000
2016-11-15,3.70660860,1.94500170,1.49900000,1.70300000,1.22700000,,0.92300000,2.70900000,,114.27621100,,113.70710470
2016-11-16,3.70767280,1.94696380,1.53900000,1.73300000,1.23300000,,0.92700000,2.72200000,,114.28936830,,113.71154990
2016-11-17,3.71618640,1.94724410,1.54900000,1.73900000,1.22300000,,0.91900000,2.71600000,,114.09200880,,113.72044030
2016-11-18,3.70341600,1.93827450,1.56000000,1.75900000,1.22500000,,0.91800000,2.68700000,,113.86226210,,113.74600020
2016-11-21,3.72044320,1.93799420,1.55800000,1.75200000,1.23100000,,0.91600000,2.70900000,,113.93614540,,113.75155670
2016-11-22,3.75769020,1.95537280,1.57900000,1.77800000,1.24800000,,0.92000000,2.71500000,,114.05658530,,113.76044710
2016-11-23,3.76407540,1.94331990,1.59500000,1.77900000,1.24700000,,0.91800000,2.71700000,,114.12540810,,113.76822620
2016-11-24,3.77471740,1.93967600,1.66600000,1.78200000,1.24400000,,0.91500000,2.68400000,,113.91590340,,113.77267140
2016-11-25,3.81622120,1.94920620,1.69700000,1.80000000,1.25100000,,0.91700000,2.66200000,,113.65579370,,113.79045220
2016-11-28,3.83324840,1.95453190,1.66600000,1.81400000,1.26100000,,0.91800000,2.67800000,,113.67704780,,113.80378780
2016-11-29,3.86304600,1.94331990,1.64400000,1.79700000,1.25000000,,0.91100000,2.66600000,,113.05663050,,113.80267650
2016-11-30,3.82792740,1.93154730,1.66600000,1.79000000,1.24800000,,0.91200000,2.65200000,,113.04549740,,113.79934260
2016-12-01,3.86411020,1.94275930,1.68300000,1.76800000,1.25400000,,0.91000000,2.64000000,,113.02829170,,113.80934430
2016-12-02,3.82154220,1.91192630,1.68000000,1.75500000,1.24000000,,0.91000000,2.63800000,,113.05561840,,113.85379630
2016-12-05,3.74491980,1.89931280,1.73500000,1.75300000,1.22900000,,0.90600000,2.62900000,,113.01513440,,113.87602230
2016-12-06,3.73853460,1.90183550,1.77900000,1.76900000,1.23700000,,0.92300000,2.62600000,,112.89064610,,113.87824490
2016-12-07,3.75556180,1.92453980,1.83000000,1.76700000,1.24800000,,0.93200000,2.62100000,,112.84712580,,113.87935620
2016-12-08,3.76407540,1.91500960,1.80000000,1.80100000,1.25000000,,0.95200000,2.64400000,,112.93416640,,113.89491440
2016-12-09,3.78535940,1.90996420,1.76000000,1.78400000,1.24500000,,0.95900000,2.64300000,,112.88254930,,113.90269350
2016-12-12,3.68532460,1.83288170,1.79800000,1.79400000,1.23300000,,0.95100000,2.63000000,,112.07691770,,113.90936130
2016-12-13,3.68000360,1.83820740,1.87200000,1.79400000,1.23100000,,0.95500000,2.63200000,,111.73381580,,113.91602910
2016-12-14,3.65446280,1.82699540,1.84200000,1.80800000,1.23600000,,0.96700000,2.65000000,,111.36136300,,113.91602910
2016-12-15,3.61295900,1.83848770,1.79500000,1.81000000,1.21200000,,0.95400000,2.61500000,,109.49403850,,113.81045560
2016-12-16,3.61295900,1.85026030,1.84200000,1.81800000,1.22000000,,0.96700000,2.60200000,,109.95859240,,113.85713020
2016-12-19,3.60231700,1.85166180,1.87600000,1.81300000,1.20500000,,0.96500000,2.61500000,,110.60532430,,113.89158050
2016-12-20,3.57571200,1.84381340,1.89700000,1.81600000,1.19800000,,0.96200000,2.60100000,,110.50310220,,113.93603250
2016-12-21,3.61508740,1.85894960,1.98200000,1.84600000,1.20800000,,0.97300000,2.59500000,,111.21359640,,113.95047940
2016-12-22,3.60870220,1.85586630,1.97000000,1.83800000,1.19600000,,0.96700000,2.57700000,,111.48180290,,113.97715060
2016-12-23,3.57996880,1.84269220,1.90400000,1.83600000,1.18900000,,0.96700000,2.58300000,,111.20651170,,114.00048790
2016-12-26,3.59273920,1.84353310,1.91100000,1.86500000,1.18900000,,0.96600000,2.59200000,,111.20853590,,113.99270880
2016-12-27,3.58741820,1.84689670,1.84000000,1.83400000,1.19000000,,0.96600000,2.59500000,,111.32695160,,113.96826020
2016-12-28,3.56826260,1.83848770,1.67700000,1.84300000,1.19600000,,0.97000000,2.60300000,,111.57390400,,113.99270880
2016-12-29,3.57039100,1.83736650,1.61500000,1.82500000,1.20000000,,0.96800000,2.61600000,,112.02024010,,114.06938850
2016-12-30,3.57358360,1.83680590,1.57700000,1.81700000,1.21600000,,0.97700000,2.63600000,,112.05869990,,114.20980600
2017-01-03,3.61402320,1.85278300,1.45100000,1.80100000,1.22500000,,0.99000000,2.62600000,,112.05566360,,114.09243750
2017-01-04,3.64594920,1.87548730,1.46200000,1.81200000,1.22100000,,0.98400000,2.63800000,,111.92712690,,114.09471650
2017-01-05,3.63849980,1.87464640,1.46200000,1.81100000,1.22900000,,0.98100000,2.63600000,,111.95344150,,114.09471650
2017-01-06,3.62679360,1.86595710,1.45500000,1.81200000,1.23300000,,0.98000000,2.63300000,,111.95141730,,114.12662250
2017-01-09,3.63956400,1.88025240,1.45900000,1.82300000,1.23900000,,0.98100000,2.64500000,,112.00101020,,114.13004100
2017-01-10,3.62998620,1.87324490,1.45200000,1.83200000,1.24600000,,0.98000000,2.66300000,,112.04453050,,114.15169150
2017-01-11,3.60338120,1.85838900,1.45100000,1.84200000,1.25800000,,0.98200000,2.66400000,,111.99898600,,114.15624950
2017-01-12,3.58528980,1.83568470,1.45300000,1.84000000,1.25300000,,0.98600000,2.67100000,,112.06578460,,114.15169150
2017-01-13,3.59167500,1.81550310,1.45400000,1.83700000,1.25300000,,0.97900000,2.66200000,,112.09412340,,114.16878400
2017-01-16,3.58741820,1.76392790,1.45400000,1.84500000,1.24300000,,0.98600000,2.68200000,,111.71964640,,114.16992350
2017-01-17,3.59273920,1.77934440,1.44200000,1.83600000,1.24800000,,0.97400000,2.69400000,,111.76519090,,114.15966800
2017-01-18,3.61615160,1.78046560,1.44700000,1.83200000,1.25800000,,0.98100000,2.68500000,,111.87753400,,114.16650500
2017-01-19,3.60338120,1.77429900,1.44300000,1.83300000,1.25700000,,0.97700000,2.66200000,,112.06477250,,114.14599400
2017-01-20,3.63424300,1.79700330,1.43900000,1.83300000,1.25300000,,0.98400000,2.66800000,,112.22266010,,114.19385300
2017-01-23,3.63525760,1.81438190,1.43300000,1.83000000,1.24700000,,0.98500000,2.68100000,,112.49390290,,114.23601450
2017-01-24,3.63742080,1.80653350,1.43100000,1.83600000,1.25100000,,0.98300000,2.67700000,,112.22367220,,114.25196750
2017-01-25,3.64823680,1.81354100,1.44600000,1.85100000,1.25700000,,0.99300000,2.65100000,,112.04250630,,114.30096600
2017-01-26,3.66337920,1.82587420,1.45800000,1.88100000,1.27200000,,1.02400000,2.64100000,,112.21759960,,114.32831400
2017-02-03,3.64174720,1.81998790,1.44600000,1.86800000,1.26300000,,1.01000000,2.67400000,,112.16800670,,114.35452250
2017-02-06,3.64066560,1.83568470,1.45900000,1.87400000,1.27000000,,1.00700000,2.70100000,,112.05465150,,114.38073100
2017-02-07,3.63417600,1.83288170,1.45600000,1.87400000,1.27500000,,0.99100000,2.72200000,,112.03440950,,114.41947400
2017-02-08,3.65905280,1.84521490,1.46100000,1.88900000,1.28500000,,0.99400000,2.72200000,,112.01315540,,114.41719500
2017-02-09,3.67203200,1.85418450,1.45500000,1.89400000,1.28600000,,0.99400000,2.74000000,,111.93724790,,114.41263700
2017-02-10,3.69150080,1.85810870,1.47200000,1.91300000,1.29500000,,0.99800000,2.71200000,,111.63361790,,114.42061350
2017-02-13,3.71096960,1.86539650,1.48100000,1.91600000,1.30000000,,0.99700000,2.71900000,,111.70750120,,114.42745050
2017-02-14,3.71529600,1.86679800,1.48000000,1.91500000,1.29500000,,1.00200000,2.72000000,,111.72167060,,114.42403200
2017-02-15,3.70231680,1.84941940,1.48800000,1.92900000,1.30900000,,0.99900000,2.70700000,,111.93826000,,114.43428750
2017-02-16,3.71854080,1.86147230,1.48800000,1.93800000,1.31700000,,0.99400000,2.72500000,,112.17003090,,114.45024050
2017-02-17,3.69690880,1.84857850,1.48500000,1.93100000,1.30800000,,0.99500000,2.73700000,,112.12145010,,114.45479850
2017-02-20,3.75747840,1.87268430,1.49000000,1.93700000,1.32200000,,0.99800000,2.73000000,,112.05566360,,114.46961200
2017-02-21,3.75747840,1.88725990,1.48900000,1.93900000,1.31700000,,0.99700000,2.73600000,,112.10829280,,114.47303050
2017-02-22,3.76937600,1.89594920,1.50300000,1.96500000,1.32400000,,1.01200000,2.73500000,,112.24189000,,114.49809950
2017-02-23,3.75315200,1.89875220,1.50700000,1.96300000,1.31700000,,1.01200000,2.73900000,,112.41495910,,114.52544750
2017-02-24,3.74990720,1.89931280,1.50900000,1.95700000,1.31300000,,1.00300000,2.77500000,,112.26618040,,114.53684250
2017-02-27,3.72070400,1.88361600,1.50800000,1.94700000,1.30900000,,0.99800000,2.78400000,,112.35524520,,114.56077200
2017-02-28,3.72611200,1.89006290,1.51900000,1.95500000,1.30000000,,0.99700000,2.77400000,,112.47568510,,114.56533000
2017-03-01,3.73043840,1.89622950,1.54100000,1.94700000,1.30300000,,0.99600000,2.75500000,,112.50402390,,114.57786450
2017-03-02,3.71745920,1.88725990,1.62300000,1.98900000,1.30600000,,1.01300000,2.75800000,,112.30666440,,114.59951500
2017-03-03,3.70339840,1.89118410,1.63000000,1.97800000,1.29300000,,1.00700000,2.73700000,,112.36334200,,114.63597900
2017-03-06,3.72178560,1.90912330,1.67800000,2.02000000,1.29900000,,1.01400000,2.73900000,,112.26314410,,114.64281600
2017-03-07,3.72719360,1.91416870,1.62800000,1.99300000,1.30700000,,1.01000000,2.72900000,,112.28541030,,114.66674550
2017-03-08,3.73152000,1.90716120,1.59500000,1.97800000,1.30900000,,1.00700000,2.71700000,,112.29350710,,114.67928000
2017-03-09,3.69799040,1.88445690,1.55600000,1.97900000,1.29500000,,1.00700000,2.70800000,,112.22164800,,114.70890700
2017-03-10,3.70123520,1.89034320,1.59000000,1.99500000,1.30000000,,1.01700000,2.69000000,,111.93826000,,114.74537100
2017-03-13,3.74125440,1.91080510,1.60300000,2.01000000,1.31400000,,1.02000000,2.71800000,,111.79352970,,114.73625500
2017-03-14,3.73260160,1.90183550,1.61700000,2.02500000,1.31600000,,1.02200000,2.70900000,,111.99797390,,114.72486000
2017-03-15,3.73909120,1.90015370,1.59400000,2.01900000,1.31100000,,1.02000000,2.70900000,,111.89170340,,114.72030200
2017-03-16,3.76180480,1.91725200,1.61300000,2.04000000,1.32700000,,1.03100000,2.75000000,,112.22367220,,114.69067500
2017-03-17,3.71962240,1.89819160,1.61100000,2.03400000,1.33100000,,1.03500000,2.75400000,,112.24492630,,114.72144150
2017-03-20,3.72178560,1.90435820,1.61200000,2.02800000,1.34500000,,1.04300000,2.76600000,,112.28136190,,114.75106850
2017-03-21,3.74774400,1.91248690,1.61500000,2.04000000,1.35500000,,1.04100000,2.75100000,,112.12043800,,114.76018450
2017-03-22,3.72827520,1.90547940,1.55500000,1.97700000,1.32900000,,1.02300000,2.77600000,,112.11234120,,114.79892750
2017-03-23,3.73909120,1.90940360,1.55500000,1.98200000,1.34100000,,1.02800000,2.77900000,,112.16092200,,114.81602000
2017-03-24,3.77478400,1.92145650,1.54200000,1.95500000,1.33900000,,1.03400000,2.77300000,,112.37649930,,114.81602000
2017-03-27,3.75747840,1.90996420,1.52100000,1.93600000,1.32400000,,1.03300000,2.80000000,,112.43317690,,114.83767050
2017-03-28,3.75207040,1.90575970,1.53800000,1.95900000,1.32900000,,1.03900000,2.79300000,,112.26111990,,114.84222850
2017-03-29,3.74449920,1.89931280,1.55300000,1.99000000,1.33500000,,1.05000000,2.78600000,,112.27326510,,114.82969400
2017-03-30,3.70880640,1.87072220,1.54700000,1.99200000,1.33000000,,1.05100000,2.78400000,,111.96457460,,114.85248400
2017-03-31,3.73584640,1.87436610,1.57400000,2.00700000,1.32900000,,1.05300000,2.76100000,,112.16395830,,114.91401700
2017-04-05,3.79749760,1.92257770,1.56400000,1.99000000,1.33300000,,1.05400000,2.79200000,,112.15080100,,114.93452800
2017-04-06,3.79317120,1.92201710,1.54900000,1.96900000,1.33300000,,1.05100000,2.79400000,,112.23986580,,114.97441050
2017-04-07,3.80074240,1.92538070,1.54300000,1.96300000,1.32700000,,1.05000000,2.81900000,,112.28338610,,115.01201400
2017-04-10,3.79100800,1.92341860,1.54600000,1.97200000,1.33400000,,1.04900000,2.80800000,,112.33095480,,115.02682750
2017-04-11,3.80074240,1.94500170,1.54000000,1.96900000,1.32300000,,1.04400000,2.81400000,,112.26719250,,115.06784950
2017-04-12,3.78668160,1.92986550,1.53400000,1.96800000,1.32000000,,1.03100000,2.84200000,,112.24087790,,115.04847800
2017-04-13,3.80074240,1.94107750,1.52900000,1.95400000,1.33200000,,1.03500000,2.85300000,,112.25808360,,115.05873350
2017-04-14,3.76937600,1.91528990,1.51500000,1.93500000,1.31700000,,1.02000000,2.85900000,,112.28237400,,115.08266300
2017-04-17,3.75639680,1.89370680,1.50700000,1.93600000,1.31400000,,1.02000000,2.85200000,,112.03643370,,115.09519750
2017-04-18,3.74774400,1.88501750,1.53500000,1.96400000,1.31200000,,1.02300000,2.84300000,,111.93826000,,115.10659250
2017-04-19,3.71854080,1.86287380,1.52200000,1.95200000,1.30300000,,1.02300000,2.84100000,,111.79251760,,115.11684800
2017-04-20,3.73909120,1.86203290,1.51700000,1.94900000,1.30800000,,1.02100000,2.83600000,,111.72369480,,115.13621950
2017-04-21,3.74233600,1.85054060,1.52800000,1.96800000,1.32000000,,1.02300000,2.82700000,,111.60831540,,115.16926500
2017-04-24,3.70231680,1.80064720,1.53600000,1.98400000,1.31900000,,1.05500000,2.80500000,,111.36541140,,115.17040450
2017-04-25,3.71421440,1.80625320,1.55900000,2.00000000,1.33700000,,1.08300000,2.80700000,,111.39982280,,115.16356750
2017-04-26,3.72286720,1.80961680,1.56800000,2.02000000,1.34300000,,1.08500000,2.79400000,,111.41500430,,115.17952050
2017-04-27,3.72503040,1.81606370,1.54100000,2.00600000,1.34900000,,1.08300000,2.80200000,,111.27735870,,115.19889200
2017-04-28,3.71096960,1.82223030,1.55300000,2.01900000,1.34600000,,1.08400000,2.81200000,,111.31986690,,115.23877450
2017-05-02,3.70556160,1.82026820,1.55200000,2.04200000,1.34600000,,1.09000000,2.78800000,,111.38160500,,115.25928550
2017-05-03,3.68717440,1.81886670,1.55000000,2.03900000,1.35200000,,1.09500000,2.78800000,,111.23889890,,115.27182000
2017-05-04,3.67311360,1.81017740,1.54700000,2.03300000,1.34700000,,1.09200000,2.74500000,,110.91401480,,115.28663350
2017-05-05,3.64931840,1.78943520,1.54400000,2.02700000,1.33500000,,1.10900000,2.74700000,,110.79762330,,115.31626050
2017-05-08,3.61795200,1.75635980,1.55900000,2.06300000,1.34600000,,1.13500000,2.73800000,,110.52132000,,115.33449250
2017-05-09,3.62119680,1.76308700,1.55300000,2.07200000,1.36000000,,1.12800000,2.74100000,,110.55168300,,115.37095650
2017-05-10,3.60821760,1.73001160,1.54800000,2.07100000,1.37900000,,1.14200000,2.72600000,,110.13874620,,115.36525900
2017-05-11,3.62660480,1.72496620,1.55400000,2.07000000,1.37900000,,1.16200000,2.73100000,,110.26222240,,115.36753800
2017-05-12,3.65580800,1.72020110,1.54300000,2.05100000,1.38000000,,1.13300000,2.73900000,,110.21769000,,115.39488600
2017-05-15,3.67095040,1.72889040,1.54400000,2.06000000,1.38900000,,1.14300000,2.75000000,,110.35229930,,115.40856000
2017-05-16,3.71421440,1.76504910,1.55200000,2.07300000,1.38900000,,1.13700000,2.75700000,,110.19846010,,115.40514150
2017-05-17,3.68933760,1.76981420,1.53300000,2.06400000,1.38700000,,1.12000000,2.76800000,,110.12154050,,115.41881550
2017-05-18,3.67311360,1.75327650,1.50700000,2.02000000,1.37700000,,1.11100000,2.79100000,,110.30776690,,115.44274500
2017-05-19,3.67960320,1.75271590,1.50600000,2.03300000,1.38900000,,1.11500000,2.78400000,,109.95251980,,115.44730300
2017-05-22,3.68284800,1.72692830,1.52000000,2.05000000,1.39700000,,1.13800000,2.79000000,,109.84928560,,115.48262750
2017-05-23,3.69907200,1.69581500,1.52300000,2.07000000,1.39100000,,1.14000000,2.80300000,,109.82297100,,115.49402250
2017-05-24,3.69907200,1.70310280,1.52400000,2.06900000,1.39300000,,1.12700000,2.77200000,,110.02437890,,115.50769650
2017-05-25,3.77802880,1.71599660,1.53300000,2.08200000,1.40600000,,1.12000000,2.78400000,,110.52132000,,115.53276550
2017-05-26,3.77153920,1.71739810,1.54600000,2.10800000,1.40500000,,1.11800000,2.78800000,,110.36849290,,115.54985800
2017-05-31,3.77370240,1.70786790,1.53000000,2.10700000,1.40300000,,1.11300000,2.77500000,,110.55573140,,115.54985800
2017-06-01,3.78235520,1.67731520,1.52300000,2.08700000,1.39500000,,1.11500000,2.77700000,,110.83810730,,115.59999600
2017-06-02,3.77262080,1.69609530,1.54200000,2.11700000,1.41500000,,1.13000000,2.77100000,,111.05672090,,115.61253050
2017-06-05,3.74774400,1.70618610,1.53600000,2.13500000,1.40300000,,1.15900000,2.80500000,,111.15084620,,115.63873900
2017-06-06,3.77694720,1.71403450,1.53300000,2.12300000,1.40900000,,1.12900000,2.82200000,,111.05773300,,115.65697100
2017-06-07,3.82886400,1.75131440,1.52900000,2.11200000,1.40900000,,1.11600000,2.82300000,,110.97271660,,115.66722650
2017-06-08,3.85590400,1.75047350,1.52800000,2.11900000,1.41100000,,1.11500000,2.80600000,,110.88263970,,115.68317950
2017-06-09,3.87969920,1.75664010,1.52800000,2.12300000,1.40700000,,1.11800000,2.78000000,,111.01724900,,115.69457450
2017-06-12,3.87212800,1.73505700,1.52400000,2.09700000,1.39600000,,1.11700000,2.77000000,,111.18222130,,115.71964350
2017-06-13,3.87969920,1.75972340,1.52900000,2.07900000,1.39500000,,1.11100000,2.77500000,,111.22472950,,115.72762000
2017-06-14,3.84076160,1.75383710,1.52900000,2.07800000,1.39600000,,1.11400000,2.78200000,,111.33403630,,115.73901500
2017-06-15,3.82778240,1.76953390,1.53100000,2.04400000,1.38500000,,1.11300000,2.75900000,,111.44030680,,115.75382850
2017-06-16,3.82129280,1.76841270,1.53300000,2.05200000,1.38900000,,1.10600000,2.75500000,,111.29152810,,115.76978150
2017-06-19,3.86455680,1.78130650,1.53400000,2.05100000,1.40600000,,1.11600000,2.75300000,,111.44941570,,115.79257150
2017-06-20,3.85265920,1.78663220,1.54700000,2.07900000,1.40900000,,1.12600000,2.74300000,,111.51115380,,115.78687400
2017-06-21,3.90133120,1.78971550,1.53500000,2.05400000,1.40100000,,1.11500000,2.74500000,,111.32695160,,115.82105900
2017-06-22,3.90565760,1.76420820,1.53500000,2.07200000,1.40300000,,1.11500000,2.76000000,,111.14780990,,115.84498850
2017-06-23,3.94351360,1.76953390,1.53800000,2.07200000,1.40500000,,1.11300000,2.76400000,,111.14578570,,115.87005750
2017-06-26,3.99218560,1.80176840,1.53700000,2.08400000,1.41400000,,1.11600000,2.76400000,,111.22574160,,115.86777850
2017-06-27,3.99434880,1.79700330,1.53800000,2.07300000,1.41100000,,1.11600000,2.75100000,,111.42006480,,115.88145250
2017-06-28,3.96730880,1.79139730,1.52500000,2.03400000,1.39800000,,1.10900000,2.74700000,,111.37249610,,115.89398700
2017-06-29,3.99110400,1.80204870,1.53000000,2.04900000,1.41200000,,1.11800000,2.74000000,,111.24193520,,115.89740550
2017-06-30,3.98461440,1.80765470,1.52100000,2.01300000,1.39900000,,1.10200000,2.71400000,,111.05570880,,115.94526450
2017-07-03,3.96730880,1.81970760,1.52000000,2.01700000,1.40200000,,1.10000000,2.70700000,,111.14780990,,115.97603100
2017-07-04,3.93486080,1.81213950,1.52100000,1.99300000,1.38000000,,1.09600000,2.68900000,,111.21764480,,116.01021600
2017-07-05,3.98569600,1.82335150,1.52300000,2.00000000,1.38900000,,1.10200000,2.68800000,,111.13161630,,116.06149350
2017-07-06,3.98245120,1.82335150,1.52300000,2.01300000,1.39300000,,1.10100000,2.69400000,,111.32290320,,116.07174900
2017-07-07,3.98028800,1.83484380,1.51500000,1.99800000,1.38700000,,1.09100000,2.68600000,,111.30974590,,116.06491200
2017-07-10,3.98461440,1.82867720,1.52100000,2.02100000,1.39800000,,1.09900000,2.65800000,,111.18626970,,116.07630700
2017-07-11,4.01706240,1.80849560,1.52200000,2.02600000,1.41800000,,1.10300000,2.66700000,,111.23991100,,116.08656250
2017-07-12,3.99326720,1.80597290,1.52000000,2.03200000,1.42300000,,1.10700000,2.67600000,,111.23586260,,116.09795750
2017-07-13,4.03436800,1.80793500,1.53000000,2.06000000,1.43800000,,1.12900000,2.68400000,,111.14578570,,116.10821300
2017-07-14,4.06140800,1.80316990,1.52800000,2.05600000,1.43800000,,1.13200000,2.67500000,,111.11643480,,116.12758450
2017-07-17,4.00624640,1.73253430,1.53300000,2.07000000,1.44000000,,1.12500000,2.69500000,,111.16703980,,116.15151400
2017-07-18,4.00840960,1.74823110,1.53400000,2.07300000,1.44300000,,1.11600000,2.70800000,,110.88263970,,116.15265350
2017-07-19,4.09169280,1.78747310,1.53800000,2.08900000,1.45300000,,1.11400000,2.70900000,,110.95854720,,116.15607200
2017-07-20,4.11116160,1.79588210,1.54500000,2.09800000,1.45700000,,1.11500000,2.70800000,,111.03546680,,116.17088550
2017-07-21,4.09061120,1.80232900,1.54100000,2.09500000,1.45400000,,1.12200000,2.72400000,,111.07190240,,116.20734950
2017-07-24,4.11116160,1.81634400,1.53800000,2.09400000,1.45500000,,1.10400000,2.72700000,,111.01421270,,116.22330250
2017-07-25,4.07979520,1.81578340,1.53700000,2.09800000,1.45300000,,1.10200000,2.73300000,,110.96664400,,116.23925550
2017-07-26,4.05708160,1.81241980,1.54000000,2.09800000,1.45800000,,1.10500000,2.71000000,,110.97069240,,116.26660350
2017-07-27,4.06897920,1.82391210,1.53600000,2.11600000,1.47100000,,1.10500000,2.73900000,,110.99903120,,116.28369600
2017-07-28,4.08412160,1.83400290,1.53500000,2.07900000,1.46400000,,1.09800000,2.73500000,,111.00307960,,116.29737000
2017-07-31,4.09926400,1.85922990,1.53600000,2.07700000,1.47600000,,1.10400000,2.74200000,,111.00712800,,116.30306750
2017-08-01,4.13171200,1.85418450,1.53200000,2.08100000,1.49100000,,1.10400000,2.74500000,,111.09214440,,116.31332300
2017-08-02,4.13171200,1.84577550,1.53500000,2.09800000,1.50400000,,1.11300000,2.74200000,,111.09720490,,116.34750800
2017-08-03,4.09061120,1.84661640,1.53000000,2.08300000,1.49300000,,1.10900000,2.73100000,,111.09821700,,116.36004250
2017-08-04,4.06573440,1.83596500,1.52700000,2.07500000,1.48700000,,1.10800000,2.74800000,,111.22270530,,116.39650650
2017-08-07,4.09061120,1.86203290,1.53900000,2.08700000,1.49600000,,1.11800000,2.72500000,,111.19841490,,116.40904100
2017-08-08,4.09169280,1.86007080,1.53900000,2.09200000,1.50000000,,1.11000000,2.72000000,,111.08809600,,116.42385450
2017-08-09,4.08844800,1.87240400,1.53100000,2.07500000,1.49400000,,1.10900000,2.72700000,,111.09214440,,116.43297050
2017-08-10,4.07979520,1.85698750,1.52700000,2.06600000,1.47500000,,1.09700000,2.74900000,,111.10428960,,116.44664450
2017-08-11,4.00192000,1.82223030,1.51300000,2.03100000,1.44000000,,1.07700000,2.76300000,,111.19436650,,116.47171350
2017-08-14,4.05167360,1.85922990,1.51800000,2.04400000,1.45500000,,1.08700000,2.76000000,,111.24395940,,116.48538750
2017-08-15,4.06248960,1.86035110,1.52300000,2.07500000,1.47000000,,1.09400000,2.74000000,,111.43119790,,116.48766650
2017-08-16,4.05600000,1.86259350,1.51900000,2.06300000,1.47000000,,1.09700000,2.73300000,,111.17007610,,116.49450350
2017-08-17,4.08736640,1.88109330,1.51800000,2.06200000,1.46600000,,1.10000000,2.76000000,,111.27432240,,116.50589850
2017-08-18,4.08952960,1.87296460,1.50500000,2.04400000,1.45700000,,1.09100000,2.76300000,,111.29355230,,116.54350200
2017-08-21,4.10683520,1.89118410,1.50300000,2.04000000,1.45900000,,1.08700000,2.75200000,,111.25408040,,116.55375750
2017-08-22,4.11332480,1.88361600,1.50400000,2.05300000,1.47200000,,1.08800000,2.74900000,,111.25711670,,116.56857100
2017-08-23,4.12414080,1.86904040,1.51000000,2.06200000,1.47700000,,1.09300000,2.75000000,,111.33100000,,116.57654750
2017-08-24,4.10250880,1.85530570,1.50200000,2.04500000,1.47600000,,1.09000000,2.75100000,,111.32391530,99.48700000,116.60275600
2017-08-25,4.17389440,1.87492670,1.50200000,2.05000000,1.48800000,,1.09400000,2.74900000,,111.34921780,99.80900000,116.62098800
2017-08-28,4.22148480,1.89622950,1.50200000,2.03900000,1.48500000,,1.09900000,2.76200000,,111.31683060,99.97900000,116.62098800
2017-08-29,4.21283200,1.88978260,1.49400000,2.03000000,1.47800000,,1.09400000,2.79200000,,111.29355230,99.77300000,116.63352250
2017-08-30,4.20850560,1.90295670,1.49400000,2.03800000,1.48800000,,1.09000000,2.76000000,,111.26622560,99.87700000,116.64035950
2017-08-31,4.20093440,1.90940360,1.49700000,2.05600000,1.48800000,,1.09200000,2.75600000,,111.22068110,99.99800000,116.68138150
2017-09-01,4.20634240,1.92902460,1.50400000,2.06900000,1.48600000,,1.09000000,2.77500000,,111.28140710,99.86600000,116.70872950
2017-09-04,4.22148480,1.93687300,1.50300000,2.05600000,1.46500000,,1.08000000,2.79600000,,111.32492740,99.87800000,116.74063550
2017-09-05,4.23662720,1.93827450,1.50000000,2.05500000,1.46100000,,1.08000000,2.79200000,,111.25306830,99.87000000,116.75544900
2017-09-06,4.22364800,1.94892590,1.49700000,2.04100000,1.45900000,,1.07700000,2.79500000,,111.32492740,99.87100000,116.76798350
2017-09-07,4.20526080,1.93463060,1.49500000,2.03600000,1.45400000,,1.08900000,2.78600000,,111.37452030,99.82200000,116.78051800
2017-09-08,4.20093440,1.94079720,1.49300000,2.03900000,1.44800000,,1.09200000,2.79400000,,111.48382710,99.96100000,116.79875000
2017-09-11,4.20742400,1.96434240,1.49500000,2.03600000,1.47800000,,1.10200000,2.78100000,,111.50103280,99.99800000,116.81242400
2017-09-12,4.21824000,1.95985760,1.50300000,2.04800000,1.48000000,,1.11400000,2.76900000,,111.47674240,99.96200000,116.83293500
2017-09-13,4.22148480,1.97303170,1.50300000,2.04800000,1.47500000,,1.11000000,2.77300000,,111.37553240,99.99500000,116.84319050
2017-09-14,4.20742400,1.96882720,1.50500000,2.05900000,1.47400000,,1.11700000,2.76800000,,111.44435520,100.00900000,116.86712000
2017-09-15,4.21391360,1.95369100,1.50700000,2.05000000,1.47300000,,1.11600000,2.78000000,,111.42208900,100.19500000,116.87623600
2017-09-18,4.23013760,1.97219080,1.51200000,2.05800000,1.49400000,,1.11600000,2.75800000,,111.34516940,100.27600000,116.89104950
2017-09-19,4.20309760,1.95537280,1.51500000,2.05800000,1.50100000,,1.12200000,2.75900000,,111.35225410,100.12100000,116.89332850
2017-09-20,4.22256640,1.97555440,1.51800000,2.06000000,1.49600000,,1.12000000,2.76200000,,111.22371740,100.22500000,116.92523450
2017-09-21,4.22364800,1.95256980,1.52200000,2.05800000,1.50100000,,1.11900000,2.73300000,,111.18525760,100.28000000,116.98107000
2017-09-22,4.21175040,1.93799420,1.52100000,2.05100000,1.48700000,,1.12700000,2.73800000,,111.21764480,100.45400000,117.02209200
2017-09-25,4.19444480,1.91444900,1.51600000,2.04800000,1.47400000,,1.13100000,2.73400000,,111.27432240,100.54600000,117.00727850
2017-09-26,4.19660800,1.92285800,1.51800000,2.03300000,1.47300000,,1.11400000,2.77200000,,111.29557650,100.34000000,117.01639450
2017-09-27,4.19985280,1.94023660,1.52000000,2.04400000,1.48400000,,1.12100000,2.74800000,,111.21460850,100.31500000,116.96967500
2017-09-28,4.20634240,1.94079720,1.52900000,2.06200000,1.48600000,,1.12400000,2.73200000,,111.23788680,100.42800000,116.96625650
2017-09-29,4.22040320,1.95256980,1.53900000,2.07000000,1.48300000,,1.13300000,2.74200000,,111.19942700,100.01000000,117.10983350
2017-10-09,4.26474880,1.97303170,1.56000000,2.09300000,1.51900000,,1.14100000,2.72900000,,111.17918500,100.13600000,117.13034450
2017-10-10,4.27015680,1.97947860,1.55900000,2.09200000,1.51800000,,1.14500000,2.73000000,,111.20954800,100.20000000,117.17592450
2017-10-11,4.28638080,1.96854690,1.56700000,2.10100000,1.51700000,,1.14600000,2.72400000,,111.22270530,99.99400000,117.20099350
2017-10-12,4.30476800,1.96490300,1.56900000,2.10400000,1.52100000,,1.15100000,2.73400000,,111.19436650,99.99000000,117.22264400
2017-10-13,4.31342080,1.98031950,1.55800000,2.10200000,1.51700000,,1.15000000,2.73400000,,111.18626970,99.91400000,117.26024750
2017-10-16,4.29827840,1.95172890,1.55900000,2.11200000,1.53100000,,1.15100000,2.74800000,,111.11137430,99.90100000,117.27164250
2017-10-17,4.29611520,1.94864560,1.56300000,2.12200000,1.53600000,,1.15600000,2.73500000,,111.10327750,99.60100000,117.30354850
2017-10-18,4.32207360,1.93883510,1.56100000,2.11900000,1.53500000,,1.15000000,2.72900000,,110.94235360,99.65000000,117.29557200
2017-10-19,4.31017600,1.91921410,1.56000000,2.12300000,1.52600000,,1.15800000,2.72400000,,111.02737000,99.83600000,117.29899050
2017-10-20,4.30801280,1.93855480,1.56800000,2.12300000,1.52800000,,1.15700000,2.72300000,,111.04255150,99.74100000,117.32064100
2017-10-23,4.32099200,1.95172890,1.57400000,2.12800000,1.52300000,,1.15600000,2.71300000,,110.98688600,99.70000000,117.33317550
2017-10-24,4.34911360,1.94976680,1.57000000,2.11900000,1.51200000,,1.15100000,2.72300000,,110.97980130,99.66800000,117.34343100
2017-10-25,4.36317440,1.96069850,1.57700000,2.12300000,1.52300000,,1.15000000,2.71200000,,110.94134150,99.66000000,117.35026800
2017-10-26,4.39454080,1.96406210,1.56900000,2.11300000,1.51700000,,1.15400000,2.72300000,,110.83405890,99.60800000,117.35482600
2017-10-27,4.41617280,1.95985760,1.57600000,2.12500000,1.53000000,,1.16700000,2.70600000,,110.67414710,99.60000000,117.36963950
2017-10-30,4.39670400,1.91977470,1.58700000,2.16800000,1.52900000,,1.16900000,2.71100000,,110.45350930,99.40000000,117.38673200
2017-10-31,4.39345920,1.93378970,1.58500000,2.17200000,1.52300000,,1.16900000,2.71800000,,110.59621540,99.38600000,117.41066150
2017-11-01,4.37831680,1.92902460,1.59100000,2.18300000,1.52900000,,1.16800000,2.71100000,,110.57900970,99.40000000,117.44142800
2017-11-02,4.38588800,1.90996420,1.59100000,2.17600000,1.52800000,,1.18000000,2.71200000,,110.53548940,99.30000000,117.46877600
2017-11-03,4.37399040,1.89314620,1.60000000,2.17900000,1.53300000,,1.18400000,2.71300000,,110.32193630,99.20000000,117.52119300
2017-11-06,4.41292800,1.91949440,1.60600000,2.18600000,1.53200000,,1.18900000,2.70700000,,110.41909790,99.21400000,117.51549550
2017-11-07,4.45619200,1.93070640,1.59500000,2.19100000,1.55800000,,1.18500000,2.71900000,,110.52536840,99.21500000,117.52005350
2017-11-08,4.44645760,1.93435030,1.59100000,2.19500000,1.55800000,,1.17700000,2.72000000,,110.68932860,99.20000000,117.53144850
2017-11-09,4.47998720,1.95032740,1.59300000,2.20200000,1.56500000,,1.18100000,2.72900000,,110.67515920,99.09800000,117.53942500
2017-11-10,4.52000640,1.95649400,1.58300000,2.19600000,1.56700000,,1.17400000,2.73500000,,110.84519200,98.67600000,117.55309900
2017-11-13,4.52974080,1.96518330,1.58300000,2.19700000,1.57400000,,1.18200000,2.72400000,,110.52840470,98.70000000,117.56335450
2017-11-14,4.49512960,1.95088800,1.58500000,2.20000000,1.57200000,,1.16600000,2.71900000,,110.39784380,98.98000000,117.56677300
2017-11-15,4.46268160,1.92706250,1.57400000,2.18500000,1.55800000,,1.15100000,2.72400000,,110.44946090,98.28800000,117.59412100
2017-11-16,4.50486400,1.93210790,1.57200000,2.17700000,1.56300000,,1.15400000,2.71900000,,110.57293710,98.00000000,117.61463200
2017-11-17,4.51027200,1.88081300,1.58400000,2.20300000,1.57100000,,1.16700000,2.72800000,,110.61038480,98.18300000,117.64653800
2017-11-20,4.54596480,1.89510830,1.57900000,2.19400000,1.57500000,,1.15700000,2.74200000,,110.51221110,98.21300000,117.65337500
2017-11-21,4.63573760,1.90295670,1.58400000,2.19800000,1.59700000,,1.16300000,2.72600000,,110.46464240,98.23100000,117.66932800
2017-11-22,4.63465600,1.89482800,1.58900000,2.21500000,1.61200000,,1.17400000,2.72600000,,110.26222240,98.04800000,117.67616500
2017-11-23,4.48755840,1.84773760,1.58600000,2.20800000,1.60000000,,1.15800000,2.72800000,,110.15089140,98.88000000,117.70465250
2017-11-24,4.49188480,1.85138150,1.58700000,2.20800000,1.60400000,,1.16900000,2.73200000,,110.23691990,98.20000000,117.73427950
2017-11-27,4.41941760,1.82671510,1.58700000,2.21900000,1.60000000,,1.17400000,2.73100000,,110.36950500,98.69700000,117.75023250
2017-11-28,4.43996800,1.85558600,1.58900000,2.22400000,1.59100000,,1.17300000,2.73600000,,110.43832780,98.10000000,117.75251150
2017-11-29,4.43564160,1.86147230,1.60300000,2.24600000,1.59600000,,1.17700000,2.73800000,,110.56281610,97.45400000,117.75820900
2017-11-30,4.38480640,1.84885880,1.60200000,2.21400000,1.57100000,,1.16900000,2.72000000,,110.51625950,97.82200000,117.80264950
2017-12-01,4.38805120,1.86147230,1.61500000,2.24100000,1.56800000,,1.17400000,2.70200000,,110.64783250,97.99600000,117.82316050
2017-12-04,4.40643840,1.85082090,1.65900000,2.26200000,1.57700000,,1.16600000,2.70000000,,110.79762330,97.99300000,117.85506650
2017-12-05,4.43347840,1.81045770,1.63000000,2.20000000,1.56000000,,1.16600000,2.70200000,,110.93628100,97.99400000,117.87899600
2017-12-06,4.39994880,1.81858640,1.61400000,2.17500000,1.52900000,,1.15600000,2.68600000,,110.20352060,97.85000000,117.88469350
2017-12-07,4.35019520,1.80765470,1.61300000,2.19000000,1.51800000,,1.15100000,2.66800000,,110.77636920,98.00200000,117.90862300
2017-12-08,4.39237760,1.82755600,1.62800000,2.21000000,1.53800000,,1.16000000,2.65100000,,110.69438910,97.80200000,117.92343650
2017-12-11,4.46484480,1.85446480,1.63600000,2.22000000,1.55100000,,1.17300000,2.65300000,,110.67515920,97.80500000,117.92457600
2017-12-12,4.39454080,1.83848770,1.64100000,2.23500000,1.54600000,,1.17400000,2.64900000,,110.62253000,97.90000000,117.93597100
2017-12-13,4.42590720,1.85446480,1.64300000,2.23700000,1.56500000,,1.18500000,2.65000000,,110.63366310,97.94900000,117.94964500
2017-12-14,4.41184640,1.85866930,1.64400000,2.24300000,1.55800000,,1.18400000,2.67400000,,110.66605030,97.90300000,117.97129550
2017-12-15,4.35344000,1.84381340,1.63000000,2.23200000,1.54100000,,1.17200000,2.67300000,,110.69236490,97.80100000,118.00434100
2017-12-18,4.35452160,1.82979840,1.64500000,2.26600000,1.55300000,,1.17200000,2.67400000,,110.76118770,97.90000000,117.99750400
2017-12-19,4.41184640,1.84409370,1.65900000,2.28000000,1.56300000,,1.18500000,2.68600000,,110.85126460,97.85000000,118.00320150
2017-12-20,4.40211200,1.83007870,1.65100000,2.27600000,1.54900000,,1.17800000,2.68000000,,110.84519200,98.15000000,118.02485200
2017-12-21,4.45619200,1.84044980,1.64400000,2.26200000,1.55600000,,1.17300000,2.67600000,,110.82697420,98.14800000,118.06017650
2017-12-22,4.43564160,1.84044980,1.64700000,2.26900000,1.56000000,,1.17900000,2.67800000,,110.86948240,98.15500000,118.07499000
2017-12-25,4.41509120,1.82363180,1.64500000,2.26200000,1.56600000,,1.16800000,2.69300000,,110.89782120,98.16000000,118.09778000
2017-12-26,4.42807040,1.83568470,1.64500000,2.26100000,1.56800000,,1.17000000,2.67700000,,110.91705110,98.25000000,118.06131600
2017-12-27,4.35452160,1.81886670,1.64400000,2.23400000,1.56300000,,1.16700000,2.69100000,,110.93122050,98.11300000,118.06359500
2017-12-28,4.39454080,1.82839690,1.63400000,2.22700000,1.57300000,,1.16800000,2.69200000,,110.51929580,97.05000000,117.90748350
2017-12-29,4.40860160,1.84689670,1.63400000,2.22900000,1.57600000,,1.16000000,2.70800000,,110.70957060,98.11600000,118.19288140
2018-01-02,4.47349760,1.87156310,1.62700000,2.21800000,1.60300000,,1.15800000,2.72300000,,110.84519200,98.20000000,118.24245400
2018-01-03,4.49729280,1.88361600,1.63500000,2.24800000,1.60700000,,1.16500000,2.73300000,,110.88972440,98.16000000,118.26133880
2018-01-04,4.51135360,1.89090380,1.63800000,2.25600000,1.61600000,,1.17400000,2.71900000,,110.90996640,98.16100000,118.39235210
2018-01-05,4.52865920,1.89426740,1.63900000,2.25000000,1.61200000,,1.17900000,2.72800000,,110.91907530,98.07800000,118.43366260
2018-01-08,4.54704640,1.90295670,1.65200000,2.26800000,1.61700000,,1.18400000,2.73000000,,110.98283760,97.98600000,118.45372770
2018-01-09,4.58382080,1.90127490,1.65200000,2.27400000,1.63100000,,1.18400000,2.73600000,,111.00409170,98.12400000,118.34632040
2018-01-10,4.60328960,1.89174470,1.65700000,2.28500000,1.64300000,,1.18500000,2.72900000,,110.99599490,98.00400000,118.35458250
2018-01-11,4.59680000,1.89622950,1.65700000,2.28300000,1.63700000,,1.17700000,2.73400000,,110.89680910,97.74200000,118.35458250
2018-01-12,4.62167680,1.88669930,1.67500000,2.31200000,1.64300000,,1.17900000,2.77400000,,110.99397070,97.75500000,118.39353240
2018-01-15,4.61302400,1.84633610,1.68200000,2.30900000,1.64100000,,1.18000000,2.78300000,,110.86745820,97.80000000,118.40533540
2018-01-16,4.65953280,1.85614660,1.68100000,2.30600000,1.65900000,,1.18300000,2.78100000,,110.87049450,97.85900000,118.41477780
2018-01-17,4.64547200,1.84549520,1.66900000,2.29300000,1.66200000,,1.18800000,2.77400000,,110.85632510,97.63400000,118.41949900
2018-01-18,4.67575680,1.85250270,1.68100000,2.31300000,1.67400000,,1.18700000,2.75900000,,110.73790940,97.70200000,118.43366260
2018-01-19,4.68873600,1.84717700,1.66800000,2.31000000,1.67100000,,1.19100000,2.75100000,,110.88263970,97.99700000,118.46435040
2018-01-22,4.74822400,1.87072220,1.67400000,2.30000000,1.68500000,,1.20200000,2.75400000,,110.97170450,98.45600000,118.49621850
2018-01-23,4.79608400,1.87324490,1.69200000,2.32600000,1.70800000,,1.21300000,2.76200000,,111.01320060,98.25000000,118.49857910
2018-01-24,4.79936300,1.88754020,1.69200000,2.34400000,1.71200000,,1.21400000,2.77400000,,111.14376150,98.25000000,118.51156240
2018-01-25,4.76875900,1.88473720,1.68400000,2.32400000,1.68500000,,1.20200000,2.78400000,,111.23788680,97.81600000,118.52926690
2018-01-26,4.79280500,1.88641900,1.68400000,2.32000000,1.70800000,,1.19900000,2.76700000,,111.26723770,98.02700000,118.56821680
2018-01-29,4.70208600,1.86203290,1.69600000,2.34400000,1.69400000,,1.19900000,2.75400000,,111.32290320,98.01000000,118.59654400
2018-01-30,4.65399400,1.86175260,1.68200000,2.32000000,1.67600000,,1.18800000,2.73100000,,111.31683060,97.86100000,118.62133030
2018-01-31,4.66820300,1.82223030,1.66600000,2.30900000,1.67200000,,1.17200000,2.73500000,,111.17412450,98.05300000,118.66382110
2018-02-01,4.63541300,1.76757180,1.67000000,2.30500000,1.67600000,,1.16900000,2.72900000,,111.19740280,97.96600000,118.70277100
2018-02-02,4.66383100,1.76673090,1.65600000,2.29400000,1.67000000,,1.15600000,2.73100000,,111.25003200,98.16800000,118.77122840
2018-02-05,4.65945900,1.76364760,1.61100000,2.22700000,1.64500000,,1.13300000,2.70500000,,111.32695160,98.17000000,118.76178600
2018-02-06,4.52829900,1.68376210,1.51800000,2.09500000,1.56800000,,1.08100000,2.72600000,,111.31278220,98.00100000,118.72755730
2018-02-07,4.42118500,1.68572420,1.54300000,2.16400000,1.54700000,,1.09500000,2.68900000,,111.37856870,98.20100000,118.69214830
2018-02-08,4.38511600,1.70058010,1.56200000,2.16900000,1.56100000,,1.09600000,2.68000000,,111.37047190,98.34200000,118.71575430
2018-02-09,4.18291100,1.63583080,1.51300000,2.09200000,1.51100000,,1.06900000,2.69200000,,111.72470690,98.40000000,118.74880270
2018-02-12,4.24302600,1.68011820,1.53300000,2.13100000,1.51900000,,1.07700000,2.69400000,,111.85121940,98.25100000,118.78893290
2018-02-13,4.29439700,1.69048930,1.55500000,2.16400000,1.53200000,,1.08800000,2.70800000,,111.84919520,98.28200000,118.85502970
2018-02-14,4.33265200,1.69609530,1.56400000,2.19300000,1.56100000,,1.09000000,2.73000000,,111.85729200,98.89100000,119.02263230
2018-02-22,4.42227800,1.73141310,1.57700000,2.23200000,1.59600000,,1.09600000,2.70400000,,111.70446490,98.60000000,118.91876590
2018-02-23,4.44632400,1.73393580,1.58800000,2.24900000,1.61100000,,1.10100000,2.71200000,,111.66296880,98.60000000,118.96007640
2018-02-26,4.50316000,1.78074590,1.62200000,2.29200000,1.61400000,,1.11200000,2.72700000,,111.70851330,99.34500000,118.96833850
2018-02-27,4.43867300,1.77261720,1.63500000,2.32000000,1.60200000,,1.11100000,2.71200000,,111.83097740,99.50000000,118.97542030
2018-02-28,4.39386000,1.77317780,1.62300000,2.28600000,1.57600000,,1.10300000,2.69200000,,111.98481660,99.46700000,118.99194450
2018-03-01,4.42555700,1.79756390,1.60200000,2.28800000,1.58200000,,1.09700000,2.68900000,,112.24189000,99.39200000,119.00728840
2018-03-02,4.39604600,1.78887460,1.57600000,2.25300000,1.57100000,,1.09000000,2.70000000,,112.31880960,99.29200000,119.04387770
2018-03-05,4.38620900,1.78663220,1.57900000,2.26800000,1.54800000,,1.07400000,2.71000000,,112.33803950,99.20100000,119.06394280
2018-03-06,4.45178900,1.81073800,1.59600000,2.29800000,1.57000000,,1.08300000,2.70900000,,112.34208790,99.25500000,119.07456550
2018-03-07,4.41572000,1.79363970,1.58900000,2.28400000,1.54500000,,1.07700000,2.71900000,,112.27933770,99.20000000,119.08282760
2018-03-08,4.46053300,1.80989710,1.59900000,2.30200000,1.57400000,,1.08900000,2.71400000,,112.31273700,99.07200000,119.10053210
2018-03-09,4.49332300,1.83428320,1.61000000,2.31900000,1.59000000,,1.09400000,2.70000000,,112.20241810,99.08000000,119.11705630
2018-03-12,4.50643900,1.85418450,1.64000000,2.36800000,1.61600000,,1.10500000,2.69900000,,112.18420030,99.09200000,119.12413810
2018-03-13,4.45834700,1.84549520,1.63000000,2.36800000,1.61400000,,1.10200000,2.69800000,,112.15383730,99.05000000,119.15364560
2018-03-14,4.44304500,1.82195000,1.62100000,2.33800000,1.59500000,,1.08500000,2.70200000,,112.10424440,98.97800000,119.17253040
2018-03-15,4.47583500,1.81858640,1.62000000,2.33700000,1.60800000,,1.08800000,2.69900000,,112.11942590,99.01900000,119.18433340
2018-03-16,4.42665000,1.80849560,1.61100000,2.33800000,1.60500000,,1.09300000,2.68800000,,112.15586150,99.03000000,119.21148030
2018-03-19,4.45069600,1.81550310,1.61000000,2.33300000,1.61600000,,1.10000000,2.67800000,,112.19330920,99.17000000,119.22682420
2018-03-20,4.44851000,1.81634400,1.59400000,2.29300000,1.61300000,,1.09000000,2.68900000,,112.17003090,99.20000000,119.24924990
2018-03-21,4.42555700,1.80148810,1.59800000,2.29400000,1.61600000,,1.08900000,2.69000000,,112.17205510,99.18400000,119.25161050
2018-03-22,4.38620900,1.80120780,1.60000000,2.28800000,1.59500000,,1.09000000,2.71300000,,112.17306720,99.39000000,119.27757710
2018-03-23,4.25614200,1.70758760,1.55800000,2.20400000,1.53100000,,1.07500000,2.74100000,,112.39370500,99.99000000,119.33777240
2018-03-26,4.23646800,1.74178420,1.54100000,2.18700000,1.53700000,,1.06100000,2.73800000,,112.84611370,99.70000000,119.31652700
2018-03-27,4.27472300,1.78130650,1.56100000,2.27000000,1.55100000,,1.07600000,2.73600000,,112.68620190,99.56000000,119.32242850
2018-03-28,4.18837600,1.76112490,1.53500000,2.18500000,1.53000000,,1.05700000,2.72100000,,112.63458480,99.66800000,119.33069060
2018-03-29,4.26488600,1.77962470,1.53400000,2.18600000,1.52700000,,1.06500000,2.68800000,,112.35220890,99.33100000,119.30000280
2018-03-30,4.25832800,1.80316990,1.53800000,2.19400000,1.52400000,,1.06400000,2.69200000,,112.55867730,99.56500000,119.38026320
2018-04-02,4.24411900,1.80064720,1.53800000,2.17700000,1.52300000,,1.06400000,2.69600000,,112.53944740,99.76900000,119.42039340
2018-04-03,4.21679400,1.78635190,1.51400000,2.12600000,1.52300000,,1.05800000,2.71600000,,112.65280260,99.78000000,119.49475230
2018-04-04,4.20586400,1.77177630,1.52000000,2.13000000,1.51300000,,1.06500000,2.71200000,,112.68114140,99.87900000,119.53960370
2018-04-09,4.21132900,1.77457930,1.52600000,2.14300000,1.53600000,,1.07800000,2.70700000,,112.84105320,100.22600000,119.58209450
2018-04-10,4.29330400,1.78831400,1.54100000,2.18600000,1.56400000,,1.08300000,2.71000000,,112.85522260,100.15100000,119.61160200
2018-04-11,4.29876900,1.79139730,1.54000000,2.18500000,1.56300000,,1.08000000,2.72600000,,112.86635570,100.25100000,119.57029150
2018-04-12,4.25395600,1.78186710,1.53800000,2.18100000,1.55200000,,1.07300000,2.73500000,,112.93619060,100.29600000,119.56911120
2018-04-13,4.22444500,1.77598080,1.55100000,2.20300000,1.56300000,,1.08300000,2.71400000,,113.12848960,100.29000000,119.59743840
2018-04-16,4.15777200,1.77065510,1.54300000,2.18900000,1.53400000,,1.08500000,2.72500000,,113.44224060,100.40000000,119.59743840
2018-04-17,4.09656400,1.73898120,1.55800000,2.20800000,1.53000000,,1.08600000,2.72900000,,113.35924840,100.69900000,119.60215960
2018-04-18,4.10530800,1.75804160,1.57300000,2.24700000,1.53100000,,1.10400000,2.72700000,,113.85517740,101.00100000,119.60806110
2018-04-19,4.16323700,1.76645060,1.57000000,2.24900000,1.55000000,,1.10300000,2.73400000,,113.62239440,101.60000000,119.59389750
2018-04-20,4.09875000,1.73533730,1.56700000,2.23600000,1.55100000,,1.09200000,2.72200000,,113.47159150,101.62100000,119.62576560
2018-04-23,4.11623800,1.71655720,1.55600000,2.20200000,1.54800000,,1.08800000,2.70800000,,113.46147050,101.60000000,119.61160200
2018-04-24,4.20258500,1.75299620,1.56400000,2.21500000,1.56400000,,1.08900000,2.70000000,,113.61024920,101.70000000,119.61632320
2018-04-25,4.17744600,1.75467800,1.54400000,2.17100000,1.54700000,,1.07900000,2.69900000,,113.70336240,101.60000000,119.66471550
2018-04-26,4.09437800,1.72328440,1.54300000,2.17100000,1.52900000,,1.07400000,2.70200000,,113.66996310,101.60000000,119.70130480
2018-04-27,4.10312200,1.73085250,1.57100000,2.23300000,1.54600000,,1.08000000,2.69200000,,113.71854390,101.60000000,119.79690910
2018-05-02,4.11623800,1.72636770,1.56500000,2.23100000,1.57400000,,1.08400000,2.68400000,,113.63352750,101.09100000,119.84648170
2018-05-03,4.14028400,1.74318570,1.56000000,2.22100000,1.55800000,,1.09100000,2.68400000,,113.78837880,101.11000000,119.85238320
2018-05-04,4.12061000,1.74206450,1.56100000,2.22800000,1.53800000,,1.08700000,2.68700000,,113.65984210,101.18600000,119.89133310
2018-05-07,4.18728300,1.77570050,1.57500000,2.27000000,1.53700000,,1.09600000,2.69400000,,113.66085420,101.20300000,119.90785730
2018-05-08,4.24193300,1.78410950,1.57400000,2.27400000,1.56000000,,1.10100000,2.69200000,,113.55964420,101.01100000,119.87834980
2018-05-09,4.22991000,1.77710200,1.57300000,2.27200000,1.56700000,,1.09800000,2.68900000,,113.36228470,100.77000000,119.88071040
2018-05-10,4.25832800,1.78438980,1.58700000,2.30400000,1.58400000,,1.10400000,2.69000000,,113.36633310,100.60000000,119.88189070
2018-05-11,4.23318900,1.77037480,1.59600000,2.31700000,1.59300000,,1.10300000,2.69300000,,113.43920430,100.70000000,119.91611940
2018-05-14,4.27035100,1.76196580,1.60700000,2.31500000,1.61400000,,1.10300000,2.69400000,,113.44527690,100.20600000,119.90903760
2018-05-15,4.28674600,1.77878380,1.59800000,2.31100000,1.60400000,,1.09800000,2.68000000,,113.42199860,100.40100000,119.93972540
2018-05-16,4.25177000,1.77429900,1.59500000,2.28900000,1.59500000,,1.09300000,2.65400000,,113.44325270,100.50000000,119.95506930
2018-05-17,4.21570100,1.76308700,1.59900000,2.30900000,1.59100000,,1.09500000,2.64200000,,113.39973240,100.60000000,119.96805260
2018-05-18,4.26160700,1.77429900,1.60000000,2.30800000,1.59900000,,1.10400000,2.64400000,,113.40276870,100.60000000,120.00464190
2018-05-21,4.28237400,1.79420030,1.62800000,2.32400000,1.61600000,,1.11200000,2.63900000,,113.41896230,100.70000000,120.00700250
2018-05-22,4.26488600,1.80148810,1.62300000,2.31600000,1.61400000,,1.11400000,2.64600000,,113.47260360,100.90000000,120.03887060
2018-05-23,4.20914300,1.77766260,1.61200000,2.29800000,1.58900000,,1.11600000,2.64900000,,113.57178940,100.90000000,120.06365690
2018-05-24,4.17526000,1.77205660,1.62000000,2.32300000,1.58400000,,1.10300000,2.66500000,,113.65376950,101.14300000,120.07191900
2018-05-25,4.16542300,1.74851140,1.62100000,2.32700000,1.58500000,,1.08400000,2.67800000,,113.85416530,101.08100000,120.07664020
2018-05-28,4.19165500,1.74514780,1.62800000,2.33700000,1.60200000,,1.08800000,2.66700000,,113.66895100,101.55900000,120.08490230
2018-05-29,4.15230700,1.72328440,1.61800000,2.33500000,1.58800000,,1.08400000,2.67600000,,113.52928120,101.63400000,120.08372200
2018-05-30,4.07361100,1.68376210,1.59700000,2.31900000,1.56000000,,1.06700000,2.68300000,,113.49486980,101.80000000,120.08254170
2018-05-31,4.15667900,1.70366340,1.61400000,2.35000000,1.57300000,,1.07500000,2.68600000,,113.50600290,101.79100000,120.10968860
2018-06-01,4.12826100,1.68376210,1.60700000,2.34100000,1.58500000,,1.06900000,2.68000000,,113.54648690,101.70400000,120.15454000
2018-06-04,4.16870200,1.68348180,1.62900000,2.38400000,1.61200000,,1.07500000,2.66500000,,113.63150330,101.64200000,120.18758840
2018-06-05,4.20367800,1.71207240,1.63900000,2.41400000,1.61800000,,1.08200000,2.66200000,,113.51106340,101.42400000,120.20057170
2018-06-06,4.19602700,1.71039060,1.63600000,2.42000000,1.62300000,,1.08000000,2.66600000,,113.50397870,101.46600000,120.21237470
2018-06-07,4.19493400,1.70114070,1.64800000,2.43900000,1.63600000,,1.08200000,2.66400000,,113.47462780,101.26700000,120.22653830
2018-06-08,4.13919100,1.68039850,1.64300000,2.40500000,1.61200000,,1.07500000,2.66400000,,113.48778510,101.10900000,120.25604580
2018-06-11,4.15012100,1.67002740,1.65700000,2.43100000,1.61500000,,1.07600000,2.67100000,,113.60316450,101.36200000,120.27729120
2018-06-12,4.19165500,1.68376210,1.66800000,2.43800000,1.62100000,,1.08300000,2.66900000,,113.43616800,101.34400000,120.28319270
2018-06-13,4.14902800,1.65993660,1.67100000,2.45100000,1.59900000,,1.07900000,2.66700000,,113.44932530,101.10100000,120.28319270
2018-06-14,4.13809800,1.65713360,1.66000000,2.43600000,1.57500000,,1.07900000,2.67700000,,113.45337370,101.16100000,120.30561840
2018-06-15,4.13154000,1.62770210,1.67300000,2.47200000,1.58300000,,1.09400000,2.68200000,,113.51308760,101.26100000,120.34102740
2018-06-19,3.98945000,1.52455170,1.63800000,2.44200000,1.54100000,,1.06100000,2.65900000,,113.77825780,101.10300000,120.34692890
2018-06-20,3.98945000,1.53800610,1.65400000,2.45800000,1.55800000,,1.07300000,2.65100000,,113.76307630,101.30000000,120.38705910
2018-06-21,3.95666000,1.51081700,1.67300000,2.50500000,1.55000000,,1.06200000,2.64100000,,113.69931400,101.60000000,120.40004240
2018-06-22,3.97414800,1.53043800,1.66400000,2.48800000,1.54690360,,1.05800000,2.65300000,,113.77623360,101.78800000,120.40594390
2018-06-25,3.91840500,1.51642300,1.67800000,2.47100000,1.53638760,,1.05700000,2.65800000,,113.92400020,102.00000000,120.42482870
2018-06-26,3.88015000,1.52959710,1.66100000,2.43100000,1.53533600,,1.04100000,2.65700000,,113.97258100,101.90000000,120.43899230
2018-06-27,3.78833800,1.50885490,1.64700000,2.41300000,1.52166520,,1.03900000,2.66300000,,113.90881870,101.60100000,120.43427110
2018-06-28,3.76647800,1.49764290,1.64000000,2.39600000,1.50904600,,1.04200000,2.65500000,,113.59709190,101.90000000,120.44843470
2018-06-29,3.86594100,1.55033930,1.67000000,2.44900000,1.54374880,,1.05200000,2.66100000,,114.22155760,102.20000000,120.50508910
2018-07-02,3.76319900,1.52539260,1.66000000,2.43700000,1.52376840,,1.04700000,2.66700000,,114.20738820,102.39600000,120.56410410
2018-07-03,3.74899000,1.54136970,1.68900000,2.50300000,1.53533600,,1.05500000,2.66500000,,114.13755330,102.79600000,120.63492210
2018-07-04,3.70964200,1.52034720,1.67100000,2.45900000,1.50483960,,1.05600000,2.67300000,,114.36730000,102.50000000,120.75177180
2018-07-05,3.67903800,1.47998400,1.68700000,2.46000000,1.50904600,,1.06200000,2.67500000,,114.36325160,102.50000000,120.83793370
2018-07-06,3.71073500,1.48054460,1.70200000,2.49700000,1.52376840,,1.08200000,2.68000000,,114.35819110,102.50000000,120.88868660
2018-07-09,3.81894200,1.51866540,1.71800000,2.57400000,1.55321320,,1.09000000,2.67700000,,114.30151350,102.30000000,120.87216240
2018-07-10,3.82877900,1.52679410,1.72600000,2.60400000,1.55321320,,1.08900000,2.66800000,,114.20637610,102.37400000,120.84737610
2018-07-11,3.76538500,1.49792320,1.72900000,2.55400000,1.53007800,,1.08900000,2.67600000,,114.17095260,102.15700000,120.83203220
2018-07-12,3.85610400,1.54165000,1.74100000,2.57800000,1.55111000,,1.09200000,2.66800000,,114.13755330,102.40000000,120.65144630
2018-07-13,3.86266200,1.54557420,1.74000000,2.60300000,1.54795520,,1.08800000,2.66500000,,114.26406580,102.40100000,120.70337950
2018-07-16,3.84626700,1.54725600,1.74000000,2.58400000,1.54795520,,1.10600000,2.66900000,,114.46547370,102.74000000,120.71872340
2018-07-17,3.82222100,1.54193030,1.73000000,2.55900000,1.53112960,,1.10900000,2.66400000,,114.61324030,102.88000000,120.74469000
2018-07-18,3.80473300,1.53464250,1.74800000,2.59500000,1.53533600,,1.12300000,2.63900000,,114.65170010,102.72800000,120.74705060
2018-07-19,3.80691900,1.52174870,1.76000000,2.60700000,1.54164560,,1.12900000,2.65000000,,114.77011580,102.99900000,120.76711570
2018-07-20,3.88015000,1.54052880,1.76200000,2.61000000,1.55426480,,1.11900000,2.65500000,,114.72153500,103.10000000,120.78127930
2018-07-23,3.90528900,1.55202110,1.75500000,2.60200000,1.55636800,,1.11400000,2.66800000,,114.83185390,102.80000000,120.79308230
2018-07-24,3.97742700,1.57808900,1.77700000,2.64100000,1.59001920,,1.12000000,2.66600000,,114.58186520,102.61400000,120.78245960
2018-07-25,3.97633400,1.57836930,1.77700000,2.65000000,1.59527720,,1.13200000,2.66800000,,114.59502250,102.50000000,120.80252470
2018-07-26,3.92496300,1.56911940,1.78900000,2.65600000,1.58055480,,1.14300000,2.67200000,,114.78226100,102.58900000,120.82849130
2018-07-27,3.91512600,1.56099070,1.81100000,2.65800000,1.58791600,,1.16700000,2.66900000,,114.60919190,102.64900000,120.84973670
2018-07-30,3.89326600,1.53744550,1.79000000,2.64600000,1.58896760,,1.14900000,2.67100000,,114.68105100,102.60000000,120.87216240
2018-07-31,3.90747500,1.54080910,1.76100000,2.58400000,1.58686440,,1.14200000,2.67300000,,114.79035780,102.69900000,120.89340780
2018-08-01,3.82003500,1.51670330,1.77900000,2.61700000,1.57845160,,1.15000000,2.67200000,,115.08589100,102.69800000,120.90993200
2018-08-02,3.73478100,1.48166580,1.77300000,2.62300000,1.53428440,,1.13000000,2.66400000,,115.17394370,103.20000000,120.93353800
2018-08-03,3.68231700,1.46737050,1.80400000,2.70200000,1.54269720,,1.14300000,2.66300000,,115.27110530,103.30000000,120.96776670
2018-08-06,3.64406200,1.43653750,1.82400000,2.76800000,1.54374880,,1.13100000,2.66300000,,115.34903700,103.68900000,120.97248790
2018-08-07,3.74571100,1.47213560,1.85600000,2.75400000,1.56688400,,1.12300000,2.66200000,,115.41482350,103.26000000,120.97366820
2018-08-08,3.69106100,1.45335550,1.83000000,2.71000000,1.56583240,,1.12000000,2.65800000,,115.29843200,102.83900000,120.98311060
2018-08-09,3.77959400,1.49007480,1.81200000,2.67300000,1.58476120,,1.12500000,2.65800000,,115.15370170,102.85100000,120.98783180
2018-08-10,3.78615200,1.49624140,1.81300000,2.66700000,1.57529680,,1.12300000,2.65600000,,115.02516500,102.90500000,121.01733930
2018-08-13,3.76975700,1.50549130,1.80000000,2.66000000,1.55847120,,1.09900000,2.66400000,,114.88347100,102.34100000,121.03268320
2018-08-14,3.75336200,1.49792320,1.80400000,2.67900000,1.54690360,,1.10400000,2.64100000,,115.13649600,102.54100000,121.03622410
2018-08-15,3.66373600,1.46821140,1.82500000,2.71000000,1.52902640,,1.09400000,2.63700000,,114.79339410,102.88500000,121.05746950
2018-08-16,3.64843400,1.45531760,1.80000000,2.66200000,1.51430400,,1.08300000,2.60400000,,114.75392220,102.60500000,121.06809220
2018-08-17,3.59269100,1.42924970,1.82200000,2.66800000,1.51114920,,1.08000000,2.59800000,,113.99687140,,121.09287850
2018-08-20,3.63094600,1.43737840,1.82100000,2.65500000,1.52902640,,1.07500000,2.61500000,,114.04241590,101.75100000,121.10468150
2018-08-21,3.69324700,1.45195400,1.81600000,2.63800000,1.53533600,,1.08100000,2.62700000,,114.04747640,101.95100000,121.11884510
2018-08-22,3.68668900,1.44242380,1.81400000,2.63600000,1.54374880,,1.09400000,2.62600000,,114.10111770,101.74000000,121.13891020
2018-08-23,3.69761900,1.44943130,1.81700000,2.66500000,1.54374880,,1.09400000,2.62700000,,114.21649710,102.20000000,121.18730250
2018-08-24,3.70308400,1.44410560,1.81400000,2.66600000,1.55111000,,1.09900000,2.62800000,,114.38146940,102.00500000,121.19320400
2018-08-27,3.79598900,1.47998400,1.82100000,2.67800000,1.57003880,,1.10100000,2.64100000,,114.34503380,102.22700000,121.16959800
2018-08-28,3.78505900,1.48166580,1.83700000,2.70500000,1.56898720,,1.11100000,2.65000000,,114.50494560,102.21800000,121.18730250
2018-08-29,3.77085000,1.47409770,1.84200000,2.70800000,1.57319360,,1.10700000,2.63800000,,114.66080900,102.33300000,121.21681000
2018-08-30,3.73368800,1.45195400,1.85000000,2.74800000,1.56898720,,1.11900000,2.64100000,,114.65170010,102.49600000,121.23923570
2018-08-31,3.70527000,1.43597690,1.84400000,2.74000000,1.55216160,,1.11400000,2.64600000,,114.83185390,102.57700000,121.27346440
2018-09-03,3.69761900,1.44270410,1.83600000,2.74200000,1.53849080,,1.09700000,2.63500000,,114.68105100,102.39000000,121.26284170
2018-09-04,3.74133900,1.45307520,1.84100000,2.75400000,1.55636800,,1.10100000,2.62600000,,114.51000610,102.38100000,121.26874320
2018-09-05,3.66482900,1.43429510,1.83300000,2.72800000,1.52271680,,1.08300000,2.62400000,,114.64866380,102.30000000,121.25930080
2018-09-06,3.63313200,1.42784820,1.82600000,2.68400000,1.49958160,,1.07200000,2.63300000,,114.60311930,102.18800000,121.27936590
2018-09-07,3.65717800,1.42560580,1.82100000,2.66200000,1.50273640,,1.07200000,2.64200000,,114.51101820,102.15700000,121.26756290
2018-09-10,3.60471400,1.40374240,1.82900000,2.68000000,1.48696240,,1.06200000,2.63300000,,114.52923600,102.11000000,121.31477490
2018-09-11,3.59159800,1.40178030,1.83500000,2.69300000,1.48275600,,1.07300000,2.64000000,,114.31770710,101.88700000,121.29589010
2018-09-12,3.56645900,1.39729550,1.84400000,2.72200000,1.47013680,,1.07400000,2.63900000,,114.50089720,101.77100000,121.32657790
2018-09-13,3.60471400,1.40514390,1.83900000,2.69500000,1.49747840,,1.08500000,2.65000000,,114.47154630,101.75100000,121.32657790
2018-09-14,3.61017900,1.39028800,1.85000000,2.72200000,1.51956200,,1.08500000,2.65600000,,114.45029220,101.98000000,121.35136420
2018-09-17,3.57629600,1.37347000,1.85000000,2.70900000,1.50378800,,1.07900000,2.64200000,,114.45130430,102.10100000,121.37024900
2018-09-18,3.64515500,1.39365160,1.83600000,2.67300000,1.51535560,,1.07600000,2.64600000,,114.41790500,102.18400000,121.37024900
2018-09-19,3.69434000,1.41018930,1.84500000,2.69600000,1.52902640,,1.08100000,2.64800000,,114.45636480,102.16800000,121.37024900
2018-09-20,3.69215400,1.40990900,1.85100000,2.69100000,1.52902640,,1.08500000,2.65100000,,114.49280040,101.97000000,121.38323230
2018-09-21,3.80801200,1.43681780,1.86500000,2.72000000,1.56267760,,1.10200000,2.65700000,,114.63044600,101.81900000,121.37378990
2018-09-25,3.76975700,1.42896940,1.85900000,2.70900000,1.55531640,,1.10700000,2.64900000,,114.62842180,101.99000000,121.40801860
2018-09-26,3.81129100,1.43177240,1.86900000,2.72600000,1.56478080,,1.11200000,2.65300000,,114.74683750,102.03000000,121.41273980
2018-09-27,3.79489600,1.41691650,1.85400000,2.72100000,1.55216160,,1.10500000,2.64200000,,114.80047880,102.14000000,121.43634580
2018-09-28,3.83424400,1.43569660,1.85800000,2.75400000,1.55636800,,1.10900000,2.62300000,,115.10410880,102.37300000,121.54257280
2018-10-08,3.65171300,1.38524260,1.84100000,2.67700000,1.47960120,,1.07000000,2.65600000,,115.37940000,102.40700000,121.59214540
2018-10-09,3.65936400,1.38103810,1.84800000,2.67500000,1.48065280,,1.06600000,2.65200000,,115.37433950,102.53200000,121.60276810
2018-10-10,3.65717800,1.38075780,1.85300000,2.68500000,1.48275600,,1.07000000,2.65200000,,114.91990660,102.47000000,121.60866960
2018-10-11,3.46918200,1.27648620,1.76300000,2.51000000,1.42176320,,1.02300000,2.66500000,,115.31664980,102.63900000,121.59922720
2018-10-12,3.53366900,1.27144080,1.77500000,2.56400000,1.44910480,,1.03300000,2.70200000,,115.44721070,102.81400000,121.63109530
2018-10-15,3.48229800,1.24957740,1.75900000,2.55500000,1.43543400,,1.02200000,2.72800000,,115.58080790,102.80600000,121.64407860
2018-10-16,3.45934500,1.22631250,1.76600000,2.55900000,1.42807280,,1.03000000,2.72700000,,115.57068690,102.84000000,121.63935740
2018-10-17,3.47136800,1.23163820,1.80200000,2.64700000,1.45120800,,1.05300000,2.71900000,,115.63242500,102.91600000,121.64879980
2018-10-18,3.39485800,1.20444910,1.79300000,2.61900000,1.42912440,,1.03400000,2.72200000,,115.86520800,102.89300000,121.66650430
2018-10-19,3.48120500,1.22939580,1.78200000,2.59900000,1.45120800,,1.03300000,2.73400000,,115.89860730,103.06800000,121.67240580
2018-10-22,3.66482900,1.30115260,1.78100000,2.58700000,1.47644640,,1.04000000,2.73000000,,115.71136880,102.95000000,121.65234070
2018-10-23,3.54132000,1.26975900,1.75500000,2.54400000,1.43543400,,1.02300000,2.74400000,,115.73768340,102.89700000,121.68538910
2018-10-24,3.54678500,1.26611510,1.75500000,2.56000000,1.42702120,,1.01500000,2.74500000,,115.75893750,102.99000000,121.70663450
2018-10-25,3.56427300,1.26583480,1.71300000,2.47700000,1.40809240,,1.00000000,2.75900000,,115.68100580,103.16900000,121.71725720
2018-10-26,3.52820400,1.25966820,1.71800000,2.49000000,1.40598920,,1.00300000,2.75700000,,115.67898160,103.18300000,121.73614200
2018-10-29,3.42218300,1.24453200,1.70800000,2.48300000,1.39967960,,1.00000000,2.75300000,,115.69112680,103.19500000,121.75266620
2018-10-30,3.46262400,1.25602430,1.70900000,2.44900000,1.39967960,,1.00700000,2.74700000,,115.64963070,103.43100000,121.75856770
2018-10-31,3.50306500,1.27508470,1.73500000,2.48600000,1.41229880,,1.00900000,2.72400000,,115.68809050,103.40200000,121.76801010
2018-11-01,3.52820400,1.28405430,1.74500000,2.51400000,1.43858880,,1.01400000,2.73000000,,115.77411900,103.47100000,121.76328890
2018-11-02,3.67575900,1.33142500,1.76300000,2.54700000,1.48275600,,1.02800000,2.73100000,,115.55246910,103.42000000,121.76446920
2018-11-05,3.62876000,1.32469780,1.74400000,2.50500000,1.46172400,,1.01700000,2.73200000,,115.71440510,103.29300000,121.80223880
2018-11-06,3.60580700,1.32722050,1.76300000,2.49900000,1.46593040,,1.01700000,2.73400000,,115.82978450,103.46100000,121.81522210
2018-11-07,3.57629600,1.31460700,1.77200000,2.52800000,1.47224000,,1.01700000,2.73500000,,116.00690200,103.58300000,121.81876300
2018-11-08,3.57301700,1.30591770,1.80700000,2.58800000,1.48170440,,1.02300000,2.72400000,,116.15466860,103.90000000,121.82938570
2018-11-09,3.52820400,1.30647830,1.79900000,2.57500000,1.44910480,,1.01200000,2.71800000,,116.08888210,103.83000000,121.85181140
2018-11-12,3.56755200,1.34067490,1.79700000,2.56800000,1.45436280,,1.01600000,2.69800000,,116.32267720,103.87100000,121.84945080
2018-11-13,3.60471400,1.36730340,1.75900000,2.49100000,1.44910480,,1.01100000,2.68900000,,116.21539460,103.87500000,121.85181140
2018-11-14,3.56099400,1.36113680,1.76000000,2.48300000,1.45120800,,1.01200000,2.68800000,,116.42894770,104.20300000,121.85417200
2018-11-15,3.60799300,1.38524260,1.74500000,2.46400000,1.46487880,,1.01500000,2.70300000,,116.82569090,104.51100000,121.87069620
2018-11-16,3.61892300,1.39365160,1.74900000,2.47400000,1.47434320,,1.01100000,2.70700000,,116.94613080,104.70800000,121.89312190
2018-11-19,3.65936400,1.39421220,1.75400000,2.48400000,1.48696240,,1.00600000,2.71400000,,116.90261050,104.84300000,121.91436730
2018-11-20,3.57957500,1.35721260,1.72900000,2.39600000,1.46067240,,0.99600000,2.72400000,,116.65970650,104.73600000,121.92853090
2018-11-21,3.58285400,1.36029590,1.70400000,2.37900000,1.46698200,,0.99300000,2.72300000,,116.72448090,104.74300000,121.95567780
2018-11-22,3.57301700,1.36029590,1.70300000,2.37700000,1.47013680,,0.99600000,2.72800000,,116.65464600,104.67400000,121.97692320
2018-11-23,3.48011200,1.30255410,1.69900000,2.36100000,1.46277560,,0.98500000,2.73100000,,116.07876110,104.68400000,122.01233220
2018-11-26,3.48557700,1.30507680,1.70300000,2.38200000,1.49116880,,0.99100000,2.72700000,,116.07268850,104.49800000,122.02177460
2018-11-27,3.48229800,1.31180400,1.71500000,2.41000000,1.49222040,,0.99700000,2.72200000,,116.10608780,104.50700000,122.02413520
2018-11-28,3.53476200,1.33114470,1.72900000,2.43500000,1.51325240,,1.00000000,2.71000000,,116.11013620,104.54500000,121.98990650
2018-11-29,3.49978600,1.30423590,1.75300000,2.48300000,1.49432360,,1.00200000,2.73100000,,116.11317250,104.75200000,122.00407010
2018-11-30,3.53585500,1.31152370,1.76200000,2.49300000,1.50799440,,1.01800000,2.73200000,,116.14353550,104.58700000,122.01941400
2018-12-03,3.62766700,1.35328840,1.80000000,2.55800000,1.53007800,,1.02300000,2.72000000,,116.22956400,104.73700000,122.01823370
2018-12-04,3.63313200,1.35861410,1.76900000,2.51300000,1.51851040,,1.01000000,2.72000000,,116.56861750,104.96600000,122.04656090
2018-12-05,3.61673700,1.34964450,1.73400000,2.44400000,1.50694280,,1.00400000,2.72500000,,116.83783610,105.22300000,122.05364270
2018-12-06,3.54350600,1.32049330,1.70900000,2.40400000,1.46803360,,0.98800000,2.73500000,,117.09693370,105.33900000,122.07960930
2018-12-07,3.53585500,1.32077360,1.72100000,2.44000000,1.47224000,,0.97800000,2.73800000,,117.05037710,105.38000000,122.13390310
2018-12-10,3.50306500,1.30451620,1.67300000,2.36800000,1.45120800,,0.96300000,2.76700000,,117.23356720,105.49900000,122.12446070
2018-12-11,3.51727400,1.31853120,1.68800000,2.39900000,1.45646600,,0.95600000,2.76300000,,117.39145480,105.65400000,122.11737890
2018-12-12,3.52929700,1.31544790,1.69600000,2.42900000,1.47539480,,0.95900000,2.75000000,,117.41068470,105.68500000,122.11973950
2018-12-13,3.58941200,1.33506890,1.70000000,2.44300000,1.49011720,,0.95600000,2.74800000,,117.22040990,105.33500000,122.09731380
2018-12-14,3.52711100,1.30619800,1.68300000,2.41100000,1.47118840,,0.94900000,2.74500000,,117.06454650,104.98200000,122.12328040
2018-12-17,3.52273900,1.29919050,1.66900000,2.38700000,1.47329160,,0.94700000,2.74600000,,117.16069600,104.91000000,122.13980460
2018-12-18,3.47901900,1.28966030,1.63300000,2.33700000,1.45541440,,0.92800000,2.76100000,,117.25178500,104.74600000,122.15868940
2018-12-19,3.44295000,1.27088020,1.62900000,2.33600000,1.45436280,,0.93500000,2.77000000,,117.39853950,104.88500000,122.15868940
2018-12-20,3.41781100,1.27872860,1.59300000,2.27200000,1.43964040,,0.93800000,2.77000000,,117.20522840,105.19500000,122.14806670
2018-12-21,3.37518400,1.27200140,1.58800000,2.26700000,1.44384680,,0.93400000,2.78800000,,117.45116870,105.42200000,122.17875450
2018-12-24,3.38283500,1.28293310,1.55500000,2.19400000,1.44069200,,0.93300000,2.79800000,,117.43497510,105.25000000,122.19291810
2018-12-25,3.36206800,1.26611510,1.49900000,2.12300000,1.40704080,,0.92100000,2.82000000,,117.38538220,105.30600000,122.18583630
2018-12-26,3.34348700,1.26163030,1.49600000,2.12000000,1.41229880,,0.92300000,2.81900000,,117.37222490,105.53600000,122.15868940
2018-12-27,3.33583600,1.24593350,1.56700000,2.23600000,1.43543400,,0.93600000,2.80900000,,117.41169680,105.65800000,122.18465600
2018-12-28,3.34348700,1.24761530,1.57600000,2.24300000,1.42386640,,0.92100000,2.82600000,,118.00377530,106.13400000,122.28704640
2019-01-02,3.29758100,1.23584270,1.57300000,2.23300000,1.40073120,,0.92300000,2.83700000,,117.67383070,106.08000000,122.30170560
2019-01-03,3.29758100,1.23275940,1.57200000,2.22500000,1.40283440,,0.92700000,2.86800000,,117.72747200,106.25700000,122.37866640
2019-01-04,3.38174200,1.26639540,1.57000000,2.22400000,1.43122760,,0.92400000,2.85300000,,117.93697670,106.11900000,122.47883760
2019-01-07,3.39595100,1.28825880,1.60700000,2.29600000,1.43964040,,0.93600000,2.84100000,,118.04931980,106.00700000,122.54969040
2019-01-08,3.39595100,1.28545580,1.62500000,2.32800000,1.44595000,,0.93900000,2.82800000,,118.03312620,106.09200000,122.48983200
2019-01-09,3.42109000,1.28461490,1.63900000,2.34100000,1.47224000,,0.94900000,2.81700000,,118.03515040,106.17200000,122.41042800
2019-01-10,3.42436900,1.28685730,1.62100000,2.32200000,1.46487880,,0.94300000,2.82300000,,118.02806570,106.19100000,122.40920640
2019-01-11,3.44950800,1.29358450,1.63500000,2.32800000,1.46593040,,0.94500000,2.80500000,,117.98150910,106.18400000,122.43119520
2019-01-14,3.41999700,1.28685730,1.62100000,2.30200000,1.44700160,,0.93600000,2.80700000,,117.87928700,106.14400000,122.44341120
2019-01-15,3.48448400,1.30479650,1.63100000,2.32200000,1.47539480,,0.94100000,2.80100000,,117.91369840,106.10000000,122.44707600
2019-01-16,3.48476730,1.30255410,1.64000000,2.35100000,1.48170440,,0.93700000,2.80300000,,118.00984790,106.35200000,122.45929200
2019-01-17,3.46583440,1.29218300,1.63200000,2.33400000,1.47329160,,0.93800000,2.81000000,,118.08271910,106.53900000,122.46051360
2019-01-18,3.52597420,1.30591770,1.66300000,2.37800000,1.49327200,,0.94300000,2.81100000,,118.01389630,106.44000000,122.47150800
2019-01-21,3.54490710,1.31068280,1.67800000,2.39200000,1.50378800,,0.95500000,2.80000000,,117.88940800,106.30000000,122.48372400
2019-01-22,3.50035910,1.29162240,1.67200000,2.37900000,1.49222040,,0.94700000,2.79900000,,117.92483150,106.31900000,122.49960480
2019-01-23,3.49144950,1.29302390,1.65900000,2.35300000,1.49327200,,0.94800000,2.80200000,,117.89750480,106.22100000,122.52037200
2019-01-24,3.51817830,1.30199350,1.66000000,2.35500000,1.49958160,,0.94700000,2.80000000,,117.93495250,106.26300000,122.52403680
2019-01-25,3.54490710,1.29554660,1.66500000,2.37100000,1.51640720,,0.95100000,2.79700000,,117.93090410,106.11300000,122.54724720
2019-01-28,3.54045230,1.29106180,1.65900000,2.37000000,1.51325240,,0.95300000,2.82300000,,117.90762580,106.10900000,122.55091200
2019-01-29,3.55604410,1.27396350,1.65000000,2.34500000,1.51220080,,0.95300000,2.83300000,,117.98049700,106.18100000,122.58267360
2019-01-30,3.53265640,1.26471360,1.64900000,2.33900000,1.50904600,,0.95200000,2.84200000,,118.06551340,106.26900000,122.57534400
2019-01-31,3.56606740,1.25658490,1.66900000,2.39500000,1.52587160,,0.95900000,2.83700000,,118.13636040,106.35100000,122.59855440
2019-02-01,3.62509350,1.29442540,1.69100000,2.42700000,1.53428440,,0.96300000,2.85200000,,118.24364300,106.45600000,122.71704960
2019-02-11,3.67521000,1.32245540,1.69800000,2.43900000,1.55111000,,0.94800000,2.84000000,,118.35699820,106.64100000,122.70483360
2019-02-12,3.70193880,1.32946290,1.70900000,2.45900000,1.55321320,,0.94700000,2.85100000,,118.42480890,106.72000000,122.71094160
2019-02-13,3.77878410,1.35384900,1.72700000,2.48800000,1.57003880,,0.95600000,2.84700000,,118.44808720,106.77900000,122.71949280
2019-02-14,3.78323890,1.35945500,1.73100000,2.48000000,1.56793560,,0.95400000,2.84300000,,118.35902240,106.65100000,122.73293040
2019-02-15,3.72087170,1.34992480,1.72000000,2.45800000,1.54059400,,0.94800000,2.86100000,,118.48452280,106.77900000,122.74881120
2019-02-18,3.82890060,1.40318180,1.74800000,2.49100000,1.56372920,,0.96700000,2.87600000,,118.35396190,106.67600000,122.75491920
2019-02-19,3.81887730,1.39701520,1.74800000,2.49300000,1.56057440,,0.96600000,2.87800000,,118.29728430,106.58700000,122.77935120
2019-02-20,3.82890060,1.39421220,1.73700000,2.47500000,1.55952280,,0.96600000,2.89800000,,118.33776830,106.47500000,122.78912400
2019-02-21,3.82444580,1.39561370,1.74400000,2.47600000,1.57003880,,0.97100000,2.88000000,,118.29526010,106.40100000,122.79645360
2019-02-22,3.92690620,1.43962080,1.73900000,2.46300000,1.57845160,,0.97100000,2.86000000,,118.21935260,106.23400000,122.80011840
2019-02-25,4.20421750,1.53576370,1.74000000,2.47600000,1.58265800,,0.98100000,2.85800000,,117.97037600,106.11400000,122.78301600
2019-02-26,4.10955300,1.51530180,1.73300000,2.46200000,1.57003880,,0.97700000,2.85600000,,117.66269760,105.80000000,122.79767520
2019-02-27,4.08727900,1.50324890,1.73200000,2.46500000,1.57003880,,0.98100000,2.85300000,,118.00984790,106.00000000,122.85386880
2019-02-28,4.07948310,1.50465040,1.72800000,2.46100000,1.56478080,,0.98300000,2.83300000,,117.85297240,106.01000000,122.91983520
2019-03-01,4.16301060,1.52258960,1.74300000,2.48700000,1.57319360,,0.98700000,2.82600000,,117.83070620,105.96000000,122.97969360
2019-03-04,4.20644490,1.54333180,1.75000000,2.50100000,1.58160640,,0.98800000,2.78400000,,117.77099230,105.94700000,122.91372720
2019-03-05,4.24208330,1.58817980,1.73700000,2.48600000,1.57950320,,0.97900000,2.77000000,,117.71937520,105.84000000,122.90151120
2019-03-06,4.27103950,1.61929310,1.73500000,2.49100000,1.58791600,,0.97800000,2.78400000,,117.64447980,105.83300000,122.91739200
2019-03-07,4.22426410,1.63246720,1.72100000,2.47100000,1.57634840,,0.97600000,2.77300000,,117.76491970,106.17600000,122.94060240
2019-03-08,4.07725570,1.57864960,1.70900000,2.44200000,1.55005840,,0.96800000,2.79900000,,117.89750480,106.23600000,122.95281840
2019-03-11,4.13182700,1.63639140,1.71600000,2.45800000,1.55741960,,0.96900000,2.80800000,,117.80135530,106.23200000,122.96014800
2019-03-12,4.15966950,1.66301990,1.73900000,2.50800000,1.58370960,,0.97600000,2.80800000,,117.83880300,106.31700000,122.96259120
2019-03-13,4.13516810,1.62377790,1.73700000,2.50900000,1.57529680,,0.97000000,2.82000000,,117.85196030,106.37300000,123.01389840
2019-03-14,4.10509820,1.58593740,1.75300000,2.53500000,1.57740000,,0.97400000,2.81500000,,117.77504070,106.35700000,123.01389840
2019-03-15,4.15966950,1.60331600,1.75500000,2.54100000,1.59527720,,0.97900000,2.81100000,,117.77402860,106.39400000,123.01878480
2019-03-18,4.28774500,1.65461090,1.76100000,2.55800000,1.60369000,,0.98400000,2.80700000,,117.76087130,106.34700000,123.01634160
2019-03-19,4.25656140,1.65152760,1.76900000,2.56500000,1.61105120,,0.98200000,2.82300000,,117.77099230,106.40100000,123.02489280
2019-03-20,4.25656140,1.65180790,1.76500000,2.56300000,1.60684480,,0.98600000,2.81900000,,117.80236740,106.48900000,123.03588720
2019-03-21,4.25878880,1.67002740,1.74900000,2.56400000,1.58686440,,0.98100000,2.83900000,,117.80742790,106.48600000,123.05543280
2019-03-22,4.26435730,1.68796660,1.78000000,2.61500000,1.58791600,,0.98400000,2.83300000,,117.89345640,106.66000000,123.08108640
2019-03-25,4.15855580,1.66358050,1.74000000,2.53800000,1.56162600,,0.96700000,2.84900000,,118.10498530,106.88900000,123.11406960
2019-03-26,4.11512150,1.61368710,1.75000000,2.55800000,1.56162600,,0.96700000,2.85000000,,118.26995760,107.12800000,123.12506400
2019-03-27,4.15075990,1.63358840,1.76300000,2.57600000,1.57529680,,0.96800000,2.84800000,,118.18089280,107.09000000,123.11895600
2019-03-28,4.13962290,1.61060380,1.75000000,2.54800000,1.57740000,,0.97600000,2.84200000,,118.29019960,106.99000000,123.09452400
2019-03-29,4.30890530,1.66554260,1.76200000,2.56900000,1.59212240,,0.98000000,2.78800000,,118.27603020,106.88000000,123.11529120
2019-04-01,4.42027530,1.73141310,1.77700000,2.60400000,1.61736080,,0.98200000,2.78800000,,118.15154190,106.78200000,123.12628560
2019-04-02,4.41247940,1.73001160,1.78800000,2.61300000,1.62156720,,0.98200000,2.79200000,,118.13332410,106.42900000,123.16049040
2019-04-03,4.47150550,1.75019320,1.79800000,2.63300000,1.63523800,,0.98700000,2.79700000,,117.86511760,106.02000000,123.19713840
2019-04-04,4.52384940,1.76617030,1.79700000,2.63600000,1.63418640,,0.99600000,2.79800000,,117.83273040,105.72500000,123.26799120
2019-04-08,4.49489320,1.74626900,1.81900000,2.64500000,1.64365080,,0.99700000,2.81000000,,117.53922140,105.50000000,123.28631520
2019-04-09,4.52162200,1.75383710,1.81100000,2.64800000,1.65101200,,0.99500000,2.81100000,,117.54731820,105.53300000,123.27287760
2019-04-10,4.52830420,1.74963260,1.79800000,2.64500000,1.64890880,,0.98800000,2.82500000,,117.17688960,105.35100000,123.23745120
2019-04-11,4.45034520,1.71992080,1.80600000,2.65900000,1.63628960,,0.99000000,2.82800000,,117.58274170,105.56500000,123.24478080
2019-04-12,4.43475340,1.71543600,1.80900000,2.65400000,1.62998000,,0.99200000,2.80000000,,117.46533810,105.42000000,123.26066160
2019-04-15,4.40691090,1.69273170,1.81500000,2.66200000,1.63523800,,1.00300000,2.78500000,,117.27506330,104.86000000,123.27654240
2019-04-16,4.54055490,1.73281460,1.82500000,2.67700000,1.64470240,,1.00400000,2.78500000,,117.18599850,104.62000000,123.25577520
2019-04-17,4.52941790,1.73589790,1.82000000,2.67900000,1.64154760,,1.00900000,2.76900000,,117.25886970,104.89500000,123.27776400
2019-04-18,4.52162200,1.73001160,1.80600000,2.67000000,1.63313480,,1.02100000,2.75100000,,117.26089390,104.80100000,123.28998000
2019-04-19,4.58844400,1.74486750,1.81600000,2.67600000,1.64259920,,1.02500000,2.76200000,,117.36109180,104.91100000,123.30586080
2019-04-22,4.47373290,1.71627690,1.81600000,2.67900000,1.63103160,,1.01800000,2.77200000,,117.43092670,104.70700000,123.33273600
2019-04-23,4.46593700,1.68404240,1.82100000,2.69900000,1.63944440,,1.01700000,2.75700000,,117.33174090,104.53900000,123.34373040
2019-04-24,4.47261920,1.70058010,1.83800000,2.74100000,1.63418640,,1.02400000,2.75400000,,117.18802270,104.45000000,123.34861680
2019-04-25,4.38018210,1.64003530,1.83700000,2.76000000,1.62577360,,1.02200000,2.76700000,,117.31858360,104.52900000,123.34617360
2019-04-26,4.32004230,1.62489910,1.83900000,2.77800000,1.61946400,,1.01500000,2.77300000,,117.41068470,104.64500000,123.36449760
2019-04-29,4.33674780,1.58481620,1.85300000,2.81400000,1.63313480,,1.01200000,2.76900000,,117.24065190,104.49000000,123.35594640
2019-04-30,4.33897520,1.58986160,1.85800000,2.80700000,1.62892840,,1.02100000,2.77700000,,117.48861640,104.79600000,123.42191280
2019-05-06,4.09062010,1.47269620,1.82900000,2.72700000,1.60369000,,1.00500000,2.79300000,,117.50481000,105.09000000,123.45489600
2019-05-07,4.12848590,1.48559000,1.84900000,2.75700000,1.61736080,,1.01300000,2.78700000,,117.75075030,105.12800000,123.47077680
2019-05-08,4.07502830,1.47914310,1.81600000,2.70400000,1.59948360,,1.00000000,2.80400000,,117.74467770,105.21200000,123.47688480
2019-05-09,4.01711590,1.46849170,1.81600000,2.68600000,1.57319360,,1.00500000,2.80600000,,117.78819800,105.35000000,123.48910080
2019-05-10,4.14296400,1.51810480,1.81700000,2.68900000,1.58160640,,1.00600000,2.80800000,,117.79325850,105.53000000,123.49520880
2019-05-13,4.06723240,1.49596110,1.82600000,2.67900000,1.57529680,,1.00600000,2.82600000,,117.89446850,105.94900000,123.51353280
2019-05-14,4.04718580,1.49007480,1.80400000,2.62400000,1.56898720,,1.00100000,2.85800000,,117.79528270,105.81000000,123.52208400
2019-05-15,4.13405440,1.51978660,1.81900000,2.65800000,1.58476120,,1.01000000,2.84400000,,117.79022220,105.80400000,123.52819200
2019-05-16,4.15410100,1.53352130,1.81900000,2.67800000,1.58686440,,1.01600000,2.85800000,,117.82969410,105.87000000,123.52819200
2019-05-17,4.06055020,1.48559000,1.84200000,2.70900000,1.57214200,,1.02600000,2.85400000,,117.99365430,105.99400000,123.56484000
2019-05-20,4.01600220,1.47437800,1.84100000,2.69600000,1.56688400,,1.02500000,2.83500000,,117.98656960,106.00600000,123.56239680
2019-05-21,4.06611870,1.49904440,1.83300000,2.67000000,1.56583240,,1.01900000,2.83400000,,117.89446850,105.78600000,123.57827760
2019-05-22,4.05609540,1.49427930,1.83700000,2.66400000,1.55952280,,1.02000000,2.83400000,,117.86714180,105.69900000,123.58072080
2019-05-23,3.99150080,1.46540840,1.82400000,2.63900000,1.53743920,,1.01500000,2.84100000,,117.98555750,105.72100000,123.58438560
2019-05-24,3.99818300,1.45727970,1.81400000,2.63200000,1.54374880,,1.00700000,2.85600000,,118.07259810,105.65100000,123.60515280
2019-05-27,4.04607210,1.48895360,1.81500000,2.61800000,1.54059400,,1.01600000,2.85800000,,117.86309340,105.32000000,123.61614720
2019-05-28,4.06500500,1.48587030,1.82100000,2.62400000,1.54585200,,1.01900000,2.85400000,,118.02300520,105.54300000,123.63080640
2019-05-29,4.06723240,1.48643090,1.79200000,2.59800000,1.53954240,,1.01300000,2.86100000,,118.10802160,105.72000000,123.63080640
2019-05-30,4.06500500,1.48194610,1.78900000,2.59600000,1.53007800,,1.00400000,2.84700000,,118.23352200,105.82600000,123.65035200
2019-05-31,4.04495840,1.47465830,1.77400000,2.57300000,1.52166520,,0.99700000,2.87800000,,118.37116760,105.91700000,123.67111920
2019-06-03,4.05386800,1.46316600,1.75700000,2.53800000,1.51851040,,0.98800000,2.91400000,,118.41165160,106.11400000,123.67967040
2019-06-04,4.01711590,1.44354500,1.76300000,2.50300000,1.51114920,,0.98500000,2.94400000,,118.41671210,106.32400000,123.69432960
2019-06-05,4.00820630,1.43849960,1.80300000,2.57300000,1.51745880,,1.00400000,2.96300000,,118.47237760,106.47300000,123.69799440
2019-06-06,3.97368160,1.40626510,1.81400000,2.58500000,1.52061360,,1.00900000,2.96200000,,118.40760320,106.49600000,123.72364800
2019-06-10,4.02491180,1.42112100,1.85700000,2.67000000,1.56057440,,1.02400000,2.95300000,,118.34282880,106.40100000,123.73708560
2019-06-11,4.15075990,1.47998400,1.85800000,2.69500000,1.57529680,,1.02700000,2.93700000,,118.14445720,106.16100000,123.73708560
2019-06-12,4.11957630,1.46428720,1.84700000,2.67400000,1.54795520,,1.02500000,2.97200000,,118.20720740,106.14000000,123.75174480
2019-06-13,4.11178040,1.46905230,1.84700000,2.66700000,1.53743920,,1.02600000,2.97700000,,118.20720740,106.27500000,123.76151760
2019-06-14,4.08727900,1.44690860,1.85600000,2.67900000,1.53638760,,1.03100000,3.02200000,,118.35902240,106.44000000,123.78839280
2019-06-17,4.09062010,1.44634800,1.85900000,2.68400000,1.54795520,,1.02400000,2.98300000,,118.41873630,106.51200000,123.79572240
2019-06-18,4.09952970,1.44298440,1.85600000,2.69800000,1.56372920,,1.02600000,3.00400000,,118.44505090,106.41000000,123.80305200
2019-06-19,4.15966950,1.46148420,1.87200000,2.73000000,1.59212240,,1.03600000,2.98900000,,118.47743810,106.35300000,123.78839280
2019-06-20,4.27994910,1.49203690,1.88200000,2.75700000,1.60579320,,1.04200000,3.05400000,,118.50678900,106.40200000,123.78961440
2019-06-21,4.28774500,1.51137760,1.88100000,2.74800000,1.60789640,,1.03800000,3.07900000,,118.62115630,106.40100000,123.82259760
2019-06-24,4.29442720,1.51109730,1.88600000,2.75700000,1.61105120,,1.03900000,3.10100000,,118.57459970,106.37000000,123.83725680
2019-06-25,4.25099290,1.49624140,1.87800000,2.73400000,1.59738040,0.99100000,1.03300000,3.16600000,,118.60698690,106.44400000,123.85680240
2019-06-26,4.25210660,1.49596110,1.86300000,2.70200000,1.60369000,0.99300000,1.03500000,3.10800000,,118.59281750,106.39200000,123.86413200
2019-06-27,4.29888200,1.50885490,1.87000000,2.72700000,1.62261880,0.99900000,1.04000000,3.10000000,,118.56447870,106.35000000,123.85924560
2019-06-28,4.29776830,1.49455960,1.86600000,2.71800000,1.61210280,0.99800000,1.04100000,3.10900000,,118.58067230,106.43600000,123.88612080
2019-07-01,4.40356980,1.53576370,1.91100000,2.77400000,1.64470240,1.00300000,1.06000000,3.03400000,,118.60192640,106.50100000,123.88001280
2019-07-02,4.41025200,1.53043800,1.90300000,2.76200000,1.64680560,1.00400000,1.05600000,3.06600000,,118.73855990,106.59500000,123.91299600
2019-07-03,4.37349990,1.52174870,1.90900000,2.77700000,1.64470240,1.00800000,1.05500000,3.15200000,,119.12315790,106.79600000,123.93620640
2019-07-04,4.34454370,1.51530180,1.92500000,2.79200000,1.64470240,1.01200000,1.06200000,3.11900000,,118.97235500,107.07000000,123.95086560
2019-07-05,4.36681770,1.52286990,1.92200000,2.80400000,1.64575400,1.01200000,1.06300000,3.12500000,,118.94907670,106.89000000,123.97407600
2019-07-08,4.26658470,1.46905230,1.91100000,2.77700000,1.61525760,1.00500000,1.05100000,3.10900000,,118.93490730,106.81500000,123.98262720
2019-07-09,4.25656140,1.47073410,1.90200000,2.75600000,1.60579320,1.00300000,1.04800000,3.08100000,,119.00271800,106.91100000,123.97896240
2019-07-10,4.25767510,1.46232510,1.90800000,2.78700000,1.60789640,1.00000000,1.04300000,3.07900000,,118.93288310,106.86200000,123.98629200
2019-07-11,4.25878880,1.46288570,1.92500000,2.82200000,1.61630920,1.00700000,1.04900000,3.13200000,,118.93591940,106.91300000,123.99117840
2019-07-12,4.29331350,1.46961290,1.93300000,2.81700000,1.62156720,1.00600000,1.04400000,3.11100000,,118.93490730,106.91900000,124.00583760
2019-07-15,4.30890530,1.48587030,1.94200000,2.84000000,1.62367040,1.00800000,1.04400000,3.12300000,,118.97539130,106.99000000,124.00950240
2019-07-16,4.29108610,1.48951420,1.93700000,2.84900000,1.62998000,1.00400000,1.04100000,3.12000000,,118.97842760,106.96100000,124.02294000
2019-07-17,4.28440390,1.48671120,1.92500000,2.83400000,1.62682520,1.00000000,1.04300000,3.10300000,,118.97741550,106.98000000,124.03515600
2019-07-18,4.25656140,1.46568870,1.90700000,2.80200000,1.61946400,0.98900000,1.03600000,3.13500000,,119.02498420,107.05500000,124.04737200
2019-07-19,4.30110940,1.47465830,1.92700000,2.83500000,1.64049600,1.00200000,1.03900000,3.17700000,,119.06040770,107.07600000,124.06203120
2019-07-22,4.26769840,1.44662830,1.91800000,2.80400000,1.62156720,0.99900000,1.03100000,3.15300000,,119.06546820,107.13100000,124.06325280
2019-07-23,4.27772170,1.45727970,1.92600000,2.83500000,1.62367040,1.00800000,1.03600000,3.13000000,,119.10595220,107.17500000,124.08157680
2019-07-24,4.31224640,1.47101440,1.93500000,2.84700000,1.63208320,1.01100000,1.04600000,3.14300000,,119.09380700,107.13700000,124.08646320
2019-07-25,4.35122590,1.47802190,1.94500000,2.87000000,1.63208320,1.01300000,1.04700000,3.14700000,,119.06445610,107.03100000,124.09134960
2019-07-26,4.35679440,1.48138550,1.93900000,2.85400000,1.62261880,1.00500000,1.03500000,3.13400000,,119.08469810,107.05900000,124.11456000
2019-07-29,4.35011220,1.47998400,1.94900000,2.86600000,1.59738040,1.00300000,1.04300000,3.13900000,,119.07052870,107.00200000,124.11944640
2019-07-30,4.37015880,1.48867330,1.94900000,2.86100000,1.60894800,1.00700000,1.04400000,3.15200000,,119.06445610,106.97800000,124.12311120
2019-07-31,4.33897520,1.48502940,1.94700000,2.85400000,1.58476120,1.00200000,1.02700000,3.16400000,,119.11404900,107.13900000,124.13899200
2019-08-01,4.29888200,1.47465830,1.92600000,2.81300000,1.57424520,0.99900000,1.02700000,3.11200000,,119.18084760,107.17000000,124.15242960
2019-08-02,4.23317370,1.45475700,1.92100000,2.81800000,1.54900680,1.00000000,1.01900000,3.18400000,,119.36707400,107.44100000,124.16953200
2019-08-05,4.15966950,1.43906020,1.92000000,2.78900000,1.52376840,1.00500000,1.00300000,3.28900000,,119.72130900,107.83800000,124.17930480
2019-08-06,4.11623520,1.40514390,1.88000000,2.73400000,1.50589120,0.99500000,1.00000000,3.29600000,,119.92777740,108.09800000,124.18907760
2019-08-07,4.08950640,1.39897730,1.89200000,2.75400000,1.51009760,0.99400000,1.00100000,3.36300000,,119.56139720,108.00000000,124.20129360
2019-08-08,4.14964620,1.40682570,1.90500000,2.78400000,1.52376840,1.00300000,1.00500000,3.38600000,,119.57556660,108.12000000,124.20618000
2019-08-09,4.11734890,1.39365160,1.92900000,2.82200000,1.52061360,1.00900000,1.00600000,3.40300000,,119.85996670,108.52000000,124.23061200
2019-08-12,4.18305720,1.41887860,1.93300000,2.82300000,1.51430400,1.00700000,1.00700000,3.38200000,,120.07554400,108.43900000,124.24160640
2019-08-13,4.14741880,1.40962870,1.90300000,2.77500000,1.47960120,1.00100000,0.99800000,3.46500000,,120.06441090,108.55000000,124.24893600
2019-08-14,4.16301060,1.41607560,1.91900000,2.82700000,1.46803360,0.99700000,1.00400000,3.37600000,,119.94397100,108.61000000,124.25260080
2019-08-15,4.17971610,1.42280280,1.88000000,2.76400000,1.47539480,0.99300000,0.99500000,3.41400000,,119.96016460,108.56600000,124.25382240
2019-08-16,4.19753530,1.42700730,1.88400000,2.76200000,1.49116880,0.99300000,0.98600000,3.41900000,,119.86097880,108.43000000,124.27214640
2019-08-19,4.29776830,1.47970370,1.91600000,2.80800000,1.52797480,0.99700000,0.99400000,3.40200000,,119.66260720,108.28900000,124.26603840
2019-08-20,4.27994910,1.47353710,1.92500000,2.82300000,1.52797480,0.99700000,0.99700000,3.38800000,,119.65046200,108.19900000,124.28069760
2019-08-21,4.27883540,1.47605980,1.91200000,2.80900000,1.52692320,0.99400000,0.99700000,3.39100000,,119.69600650,108.14100000,124.30024320
2019-08-22,4.28774500,1.47774160,1.92900000,2.82800000,1.51956200,0.99900000,1.00200000,3.40100000,,119.66361930,108.10100000,124.31490240
2019-08-23,4.31781490,1.47858250,1.93800000,2.84000000,1.53112960,1.00200000,1.00500000,3.39800000,,119.45512670,107.98600000,124.32589680
2019-08-26,4.26992580,1.46821140,1.89900000,2.77700000,1.49958160,0.99800000,0.99700000,3.52000000,,119.68892180,108.22000000,124.33689120
2019-08-27,4.31447380,1.49007480,1.92300000,2.80700000,1.51114920,1.00300000,1.00400000,3.52200000,,119.65046200,108.08500000,124.33811280
2019-08-28,4.30110940,1.48951420,1.91800000,2.80400000,1.50799440,1.00300000,1.00400000,3.52400000,,119.67070400,108.13200000,124.34910720
2019-08-29,4.28885870,1.49371870,1.92600000,2.79800000,1.50273640,1.00400000,1.00000000,3.56500000,,119.70106700,108.23200000,124.36987440
2019-08-30,4.29999570,1.48138550,1.94500000,2.84100000,1.50273640,1.00500000,1.01000000,3.50800000,,119.62111110,108.15900000,124.39064160
2019-09-02,4.34788480,1.51586240,1.94300000,2.83500000,1.50063320,1.00800000,1.01500000,3.49600000,,119.57860290,108.05000000,124.39919280
2019-09-03,4.35233960,1.52427140,1.94000000,2.82900000,1.50378800,1.00800000,1.01300000,3.51100000,,119.47536870,108.05100000,124.40896560
2019-09-04,4.40691090,1.54697570,1.95100000,2.84700000,1.55321320,1.01100000,1.01800000,3.52400000,,119.47941710,108.06100000,124.40774400
2019-09-05,4.44811780,1.55678620,1.96000000,2.86600000,1.54900680,1.02300000,1.02300000,3.53900000,,119.58973600,108.14100000,124.41018720
2019-09-06,4.47818770,1.56127100,1.97200000,2.89400000,1.55952280,1.02100000,1.02700000,3.42900000,,119.97534610,108.39000000,124.43706240
2019-09-09,4.49600690,1.59098280,1.97500000,2.90300000,1.56898720,1.03000000,1.03500000,3.44200000,,119.86401510,108.22100000,124.43706240
2019-09-10,4.48375620,1.58958130,1.96400000,2.87600000,1.56372920,1.02900000,1.03300000,3.38900000,,119.81442220,108.12100000,124.44927840
2019-09-11,4.45145890,1.58313440,1.96800000,2.87500000,1.59317400,1.03400000,1.04400000,3.40400000,,119.75268410,108.13000000,124.46882400
2019-09-12,4.49712060,1.58733890,1.98300000,2.90300000,1.58896760,1.04000000,1.04800000,3.40400000,,119.62920790,107.99900000,124.50547200
2019-09-16,4.48152880,1.58789950,1.96800000,2.87100000,1.58055480,1.04300000,1.04500000,3.40700000,,119.61402640,107.85200000,124.51524480
2019-09-17,4.40022870,1.55482410,1.97500000,2.87400000,1.56793560,1.04300000,1.04100000,3.39400000,,119.66260720,107.91900000,124.54456320
2019-09-18,4.41916160,1.55594530,1.97900000,2.89000000,1.56898720,1.04500000,1.04900000,3.40700000,,119.61605060,107.84100000,124.54456320
2019-09-19,4.44032190,1.56996030,1.98100000,2.88800000,1.55005840,1.05300000,1.05200000,3.40100000,,119.64034100,107.79900000,124.53356880
2019-09-20,4.44700410,1.57248300,1.98200000,2.89600000,1.55111000,1.05400000,1.05400000,3.41200000,,119.69904280,107.81300000,124.55067120
2019-09-23,4.40802460,1.56603610,1.98200000,2.88300000,1.54164560,1.05900000,1.05200000,3.44100000,,119.76078090,107.82500000,124.55311440
2019-09-24,4.41136570,1.56659670,1.98100000,2.88000000,1.54269720,1.06200000,1.04700000,3.46000000,,119.71118800,107.79900000,124.56166560
2019-09-25,4.38129580,1.54193030,1.96600000,2.83800000,1.52271680,1.05900000,1.03300000,3.48000000,,119.71321220,107.79000000,124.58243280
2019-09-26,4.35122590,1.50689280,1.97400000,2.85900000,1.52271680,1.06100000,1.02600000,3.43400000,,119.68487340,107.53000000,124.58731920
2019-09-27,4.36124920,1.51390030,1.97400000,2.85500000,1.52376840,1.06500000,1.03000000,3.40400000,,119.59074810,107.42400000,124.62030240
2019-09-30,4.30890530,1.49259750,1.97000000,2.83400000,1.52797480,1.05800000,1.04100000,3.39600000,,119.83162790,107.43000000,124.71803040
2019-10-08,4.33674780,1.49596110,1.95100000,2.84700000,1.51956200,1.05100000,1.02300000,3.39000000,,119.78304710,107.53900000,124.71803040
2019-10-09,4.34899850,1.50913520,1.92700000,2.80600000,1.50694280,1.05000000,1.01700000,3.44000000,,119.89741440,107.70100000,124.68993360
2019-10-10,4.38018210,1.52567290,1.93000000,2.81900000,1.50694280,1.04600000,1.02100000,3.42200000,,119.80126490,107.72000000,124.69848480
2019-10-11,4.43363970,1.53352130,1.95000000,2.84800000,1.53954240,1.05300000,1.03100000,3.40500000,,119.73547840,107.59800000,124.71925200
2019-10-14,4.46593700,1.55089990,1.95900000,2.86800000,1.54585200,1.05000000,1.04900000,3.35600000,,119.69195810,107.53500000,124.72291680
2019-10-15,4.45145890,1.53211980,1.96300000,2.87900000,1.54480040,1.06400000,1.06000000,3.36300000,,119.72232110,107.52400000,124.75345680
2019-10-16,4.43586710,1.52315020,1.97400000,2.90400000,1.55531640,1.07600000,1.06400000,3.35000000,,119.71118800,107.49100000,124.76322960
2019-10-17,4.44254930,1.52343050,1.96700000,2.90300000,1.56793560,1.07400000,1.07100000,3.37400000,,119.76280510,107.51000000,124.76078640
2019-10-18,4.37795470,1.50240800,1.96800000,2.89900000,1.55847120,1.07200000,1.06700000,3.37100000,,119.68689760,107.41900000,124.81331520
2019-10-21,4.38797800,1.49960500,1.96700000,2.88200000,1.56057440,1.07700000,1.07300000,3.36900000,,119.44601780,107.25000000,124.80598560
2019-10-22,4.40468350,1.51362000,1.98000000,2.90700000,1.56372920,1.08900000,1.08300000,3.35600000,,119.54014310,107.12000000,124.80598560
2019-10-23,4.38129580,1.50465040,1.96800000,2.87200000,1.54900680,1.08900000,1.07800000,3.37100000,,119.58062710,107.14100000,124.79987760
2019-10-24,4.38686430,1.50184740,1.97700000,2.88800000,1.55847120,1.08900000,1.09000000,3.36400000,,119.59682070,107.17600000,124.80965040
2019-10-25,4.41359310,1.51446090,1.97900000,2.89600000,1.55741960,1.08800000,1.08900000,3.39800000,,119.64540150,107.12200000,124.81820160
2019-10-28,4.43920820,1.53520310,1.98900000,2.93200000,1.56688400,1.08900000,1.09500000,3.39500000,,119.45512670,106.92100000,124.82430960
2019-10-29,4.42473010,1.51642300,1.99800000,2.95300000,1.55952280,1.09300000,1.09500000,3.36000000,,119.38731600,106.64900000,124.84385520
2019-10-30,4.39577390,1.49764290,1.99700000,2.93400000,1.55216160,1.08700000,1.09600000,3.35600000,,119.33873520,106.50000000,124.85973600
2019-10-31,4.39354650,1.48979450,1.99900000,2.95000000,1.55952280,1.08800000,1.09800000,3.36300000,,119.38731600,106.65100000,124.87317360
2019-11-01,4.48375620,1.50408980,2.00000000,2.95600000,1.57529680,1.09200000,1.10000000,3.38700000,,119.44905410,106.74100000,124.88294640
2019-11-04,4.49823430,1.50829430,2.01100000,2.97700000,1.59527720,1.09600000,1.10600000,3.38300000,,119.38326760,106.67400000,124.89027600
2019-11-05,4.52384940,1.51950630,2.01500000,2.99200000,1.60158680,1.10400000,1.11300000,3.36200000,,119.48852600,106.80000000,124.88783280
2019-11-06,4.50491650,1.50633220,2.00200000,2.97400000,1.60263840,1.09900000,1.10100000,3.31300000,,119.64135310,106.90100000,124.90860000
2019-11-07,4.51048500,1.51614270,2.00600000,2.97000000,1.60158680,1.10400000,1.10500000,3.33100000,,119.56038510,106.88000000,124.91837280
2019-11-08,4.49266580,1.51053670,2.00400000,2.96100000,1.59527720,1.09700000,1.10500000,3.26900000,,119.50775590,106.71500000,124.95135600
2019-11-11,4.41804790,1.47577950,2.00900000,2.97800000,1.55741960,1.09700000,1.09300000,3.26600000,,119.65957090,106.88100000,124.97578800
2019-11-12,4.41247940,1.47662040,2.01700000,2.99300000,1.56478080,1.10700000,1.09800000,3.23300000,,119.70106700,106.94800000,124.97945280
2019-11-13,4.40913830,1.47662040,2.01600000,2.99400000,1.53954240,1.10500000,1.10700000,3.26700000,,119.71422430,107.09600000,124.97578800
2019-11-14,4.41247940,1.48530970,2.02300000,3.00100000,1.52902640,1.10100000,1.10600000,3.27600000,,119.65349830,107.21200000,124.97945280
2019-11-15,4.39131910,1.47634010,2.03000000,3.01400000,1.53007800,1.10800000,1.10400000,3.26800000,,119.75268410,107.24100000,124.98922560
2019-11-18,4.42250270,1.48166580,2.05800000,3.02800000,1.54480040,1.11000000,1.10600000,3.26900000,,120.07351980,107.44200000,125.00388480
2019-11-19,4.46705070,1.50549130,2.08200000,3.04400000,1.57109040,1.10900000,1.10800000,3.29000000,,120.13120950,107.54100000,125.01487920
2019-11-20,4.42138900,1.49596110,2.05300000,3.03000000,1.56372920,1.10200000,1.10500000,3.30100000,,120.06643510,107.60600000,125.02831680
2019-11-21,4.39911500,1.49820350,2.03500000,3.01700000,1.54164560,1.09900000,1.09700000,3.29400000,,120.13930630,107.60000000,125.02709520
2019-11-22,4.35233960,1.48278700,2.03700000,3.02300000,1.54374880,1.10300000,1.10500000,3.28700000,,120.10894330,107.56500000,125.04908400
2019-11-25,4.38352320,1.48390820,2.05000000,3.04200000,1.57319360,1.11100000,1.11100000,3.26400000,,120.00469700,107.44700000,125.05519200
2019-11-26,4.39020540,1.47886280,2.06500000,3.09000000,1.56793560,1.11300000,1.11300000,3.26300000,,119.99457600,107.49100000,125.06130000
2019-11-27,4.38352320,1.48559000,2.07200000,3.08100000,1.56688400,1.11700000,1.11000000,3.26800000,,120.03404790,107.56900000,125.10405600
2019-11-28,4.37684100,1.48278700,2.08200000,3.09900000,1.56478080,1.11300000,1.11100000,3.26100000,,120.03101160,107.60100000,125.08695360
2019-11-29,4.32895190,1.48278700,2.08400000,3.09500000,1.53218120,1.10900000,1.10400000,3.26500000,,120.21217750,107.60000000,125.11505040
2019-12-02,4.33786150,1.48755210,2.10700000,3.12000000,1.54164560,1.11000000,1.11200000,3.26900000,,120.37310140,107.69100000,125.11993680
2019-12-03,4.35568070,1.49399900,2.07300000,3.08400000,1.53638760,1.10800000,1.09200000,3.27700000,,120.46014200,107.67200000,125.12604480
2019-12-04,4.35790810,1.49091570,2.04900000,3.04700000,1.52902640,1.10400000,1.09800000,3.33700000,,120.44091210,107.82300000,125.13459600
2019-12-05,4.39020540,1.50493070,2.05100000,3.06100000,1.53112960,1.10900000,1.11000000,3.32100000,,120.42067010,107.87600000,125.13215280
2019-12-06,4.41693420,1.51950630,2.05800000,3.05800000,1.53954240,1.11100000,1.10800000,3.29700000,,120.39941600,107.84500000,125.14803360
2019-12-09,4.40245610,1.52286990,2.07700000,3.08600000,1.54374880,1.11400000,1.10800000,3.27500000,,120.22634690,107.83900000,125.17002240
2019-12-10,4.40579720,1.52987740,2.07000000,3.06900000,1.54059400,1.11600000,1.10400000,3.28000000,,120.15549990,107.72000000,125.17124400
2019-12-11,4.41246000,1.52399110,2.06800000,3.06400000,1.54900680,1.11300000,1.10400000,3.28200000,,120.19294760,107.74800000,125.17490880
2019-12-12,4.40001460,1.52090780,2.08000000,3.08600000,1.57424520,1.11300000,1.11500000,3.30000000,,120.19497180,107.79500000,125.18834640
2019-12-13,4.48939520,1.54165000,2.08600000,3.10900000,1.59843200,1.12700000,1.12500000,3.26100000,,120.19800810,107.72300000,125.19078960
2019-12-16,4.50297200,1.56603610,2.09000000,3.12900000,1.60369000,1.12800000,1.12500000,3.29400000,,120.18282660,107.69500000,125.21400000
2019-12-17,4.57311880,1.59070250,2.10200000,3.16100000,1.61315440,1.13100000,1.13100000,3.29200000,,120.12614900,107.50000000,125.21155680
2019-12-18,4.55614780,1.58930100,2.09100000,3.13200000,1.61841240,1.12300000,1.12100000,3.29500000,,120.15853620,107.50000000,125.22132960
2019-12-19,4.54822800,1.59322520,2.08400000,3.12100000,1.61420600,1.12000000,1.11400000,3.29200000,,120.18889920,107.53000000,125.24087520
2019-12-20,4.54370240,1.57752840,2.09700000,3.15500000,1.61525760,1.12000000,1.11500000,3.30200000,,120.32047220,107.70500000,125.26408560
2019-12-23,4.48486960,1.54136970,2.11400000,3.17000000,1.62261880,1.11800000,1.12400000,3.31300000,,120.46621460,108.13000000,125.28607440
2019-12-24,4.50862900,1.56463460,2.11500000,3.18500000,1.62261880,1.11800000,1.11900000,3.33100000,1.01600000,120.80020760,108.21000000,125.30928480
2019-12-25,4.51654880,1.57164210,2.10700000,3.16800000,1.61525760,1.11800000,1.11600000,3.35200000,1.01700000,120.76377200,108.31000000,125.31661440
2019-12-26,4.54935940,1.58341470,2.11800000,3.18900000,1.62577360,1.11900000,1.11900000,3.35300000,1.01400000,120.91457490,108.44900000,125.30562000
2019-12-27,4.54483380,1.57080120,2.13000000,3.21700000,1.63839280,1.12000000,1.12200000,3.36300000,1.01600000,121.14533370,108.45100000,125.31539280
2019-12-30,4.61045500,1.59266460,2.12500000,3.21000000,1.64470240,1.11500000,1.12100000,3.36100000,1.01400000,121.08460770,108.44400000,125.29218240
2019-12-31,4.63421440,1.59911150,2.11100000,3.19300000,1.63208320,1.11100000,1.11100000,3.38400000,1.01200000,121.30119710,108.47000000,125.36649240
2020-01-02,4.69417860,1.62938390,2.12900000,3.24000000,1.64680560,1.11300000,1.11800000,3.37000000,1.00900000,120.82146170,108.35100000,125.38152120
2020-01-03,4.68286460,1.63246720,2.15100000,3.25400000,1.64785720,1.11500000,1.12300000,3.42200000,1.00100000,120.70911860,108.35900000,125.42535520
2020-01-06,4.66476220,1.65096700,2.10900000,3.21200000,1.63208320,1.09900000,1.10800000,3.49700000,1.00100000,120.83563110,108.50000000,125.43036480
2020-01-07,4.70096700,1.67226980,2.11800000,3.25700000,1.64049600,1.10800000,1.12100000,3.46600000,1.00500000,120.77996560,108.43400000,125.44539360
2020-01-08,4.65457960,1.64900490,2.09200000,3.21900000,1.61736080,1.09200000,1.10000000,3.53100000,1.00600000,120.91457490,108.43800000,125.46042240
2020-01-09,4.70436120,1.66974710,2.11700000,3.29000000,1.63944440,1.10300000,1.11600000,3.40800000,1.01100000,121.02084540,108.45900000,125.46668440
2020-01-10,4.70322980,1.66273960,2.13900000,3.36600000,1.65206360,1.10400000,1.12400000,3.41800000,1.01300000,121.14432160,108.87400000,125.49173240
2020-01-13,4.75414280,1.69048930,2.13300000,3.35900000,1.66363120,1.10000000,1.12000000,3.41800000,1.01200000,121.14735790,108.83100000,125.50175160
2020-01-14,4.73377760,1.68320150,2.14800000,3.40100000,1.65311520,1.09800000,1.11300000,3.37400000,1.00900000,121.23844690,108.74100000,125.52053760
2020-01-15,4.69757280,1.67815610,2.14100000,3.41000000,1.64680560,1.09700000,1.11300000,3.40300000,1.01200000,121.29006400,108.77700000,125.53055680
2020-01-16,4.69078440,1.68039850,2.12900000,3.44100000,1.64890880,1.09800000,1.11200000,3.40600000,1.01800000,121.09574080,108.75000000,125.53306160
2020-01-17,4.69644140,1.67086830,2.13600000,3.48300000,1.64996040,1.10000000,1.11200000,3.40400000,1.01800000,121.20909600,108.83500000,125.57940040
2020-01-20,4.73038340,1.69889830,2.13800000,3.42400000,1.64996040,1.09800000,1.11200000,3.40500000,1.01600000,121.26374940,108.94700000,125.56562400
2020-01-21,4.64439700,1.67899700,2.13800000,3.39700000,1.61210280,1.09200000,1.10200000,3.43700000,1.00300000,121.83659800,109.20000000,125.58065280
2020-01-22,4.66023660,1.69189080,2.15500000,3.43600000,1.62787680,1.10000000,1.11500000,3.40700000,1.00800000,121.55422210,109.33000000,125.61822480
2020-01-23,4.52107440,1.62882330,2.14800000,3.47800000,1.60053520,1.09600000,1.10400000,3.43000000,0.99700000,122.26066790,109.66300000,125.72968840
2020-02-03,4.13979260,1.49652170,2.11500000,3.30300000,1.53954240,1.07800000,1.07300000,3.52000000,0.93900000,124.08042370,110.93500000,125.68209720
2020-02-04,4.26537800,1.52174870,2.12900000,3.42200000,1.55952280,1.08400000,1.08600000,3.49200000,0.95000000,122.80416560,110.84500000,125.69336880
2020-02-05,4.30723980,1.55454380,2.14200000,3.57000000,1.55847120,1.09300000,1.10400000,3.46900000,0.95400000,122.99545250,110.87300000,125.73219320
2020-02-06,4.40906580,1.60079330,2.18000000,3.68200000,1.59422560,1.11200000,1.12000000,3.45200000,0.96000000,122.64121750,110.87500000,125.74346480
2020-02-07,4.39888320,1.61620980,2.18500000,3.70900000,1.59107080,1.11000000,1.11300000,3.46800000,0.95600000,122.83452860,111.03000000,125.77227000
2020-02-10,4.41359140,1.63190660,2.18900000,3.73200000,1.58686440,1.10500000,1.10800000,3.48100000,0.95400000,123.03998490,111.22200000,125.76600800
2020-02-11,4.46111020,1.62461880,2.21900000,3.87100000,1.60263840,1.10500000,1.11000000,3.47200000,0.95700000,123.11386820,111.30400000,125.75348400
2020-02-12,4.49278940,1.65769420,2.25800000,3.97100000,1.61210280,1.10600000,1.11800000,3.46500000,0.95900000,122.99241620,111.30100000,125.76099840
2020-02-13,4.46903000,1.64283830,2.34900000,4.19700000,1.60789640,1.10600000,1.12700000,3.49000000,0.96100000,122.81529870,111.18900000,125.77101760
2020-02-14,4.49957780,1.64480040,2.24800000,4.01000000,1.61525760,1.10200000,1.12200000,3.49400000,0.96200000,122.81125030,111.17700000,125.79356080
2020-02-17,4.59800960,1.70058010,2.26200000,3.97600000,1.62472200,1.09700000,1.13500000,3.50500000,0.96800000,122.63210860,110.99600000,125.78354160
2020-02-18,4.56972460,1.71431480,2.23000000,3.83700000,1.60474160,1.08300000,1.12500000,3.52200000,0.96800000,122.60883030,110.78000000,125.80733720
2020-02-19,4.57085600,1.70058010,2.22300000,3.79900000,1.60894800,1.08800000,1.11600000,3.56200000,0.96900000,122.63514490,110.75400000,125.82612320
2020-02-20,4.67381340,1.73253430,2.23800000,3.82000000,1.60684480,1.08100000,1.12400000,3.57400000,0.96600000,122.48839040,110.60000000,125.82111360
2020-02-21,4.68965300,1.76000370,2.21600000,3.71900000,1.59317400,1.07100000,1.11200000,3.64600000,0.96200000,122.60883030,110.81100000,125.83363760
2020-02-24,4.65231680,1.77626110,2.16800000,3.55800000,1.56478080,1.05900000,1.09200000,3.72500000,0.95500000,122.83857700,111.04200000,125.85743320
2020-02-25,4.64326560,1.78803370,2.16700000,3.68600000,1.56057440,1.05300000,1.08400000,3.64800000,0.95600000,122.76874210,111.05000000,125.86244280
2020-02-26,4.60479800,1.74262510,2.11000000,3.61900000,1.55216160,1.04800000,1.06900000,3.66800000,0.94900000,122.78291150,111.14100000,125.89250040
2020-02-27,4.60592940,1.74206450,2.09800000,3.57000000,1.55005840,1.03600000,1.07400000,3.66900000,0.94600000,122.90739980,111.34900000,125.90001480
2020-02-28,4.44979620,1.65545180,2.03000000,3.39200000,1.51956200,1.02700000,1.04300000,3.62300000,0.92200000,123.43976440,111.70000000,125.96639200
2020-03-02,4.61158640,1.71599660,2.06900000,3.54100000,1.53007800,1.03200000,1.05500000,3.54200000,0.94100000,123.22216290,111.71000000,125.94760600
2020-03-03,4.60819220,1.72776920,2.05900000,3.56500000,1.53323280,1.01400000,1.04400000,3.53600000,0.94300000,123.24442910,111.70100000,125.95261560
2020-03-04,4.64100280,1.73337520,2.03400000,3.56700000,1.51956200,1.00000000,1.01500000,3.61200000,0.93700000,123.42559500,111.90100000,125.95512040
2020-03-05,4.75188000,1.75551890,2.06200000,3.57100000,1.54795520,1.01000000,1.02000000,3.61100000,0.94500000,123.45190960,112.12000000,125.95512040
2020-03-06,4.66249940,1.74542810,2.01700000,3.49300000,1.51535560,0.99700000,0.99100000,3.68600000,0.94000000,123.61789400,112.54500000,125.98392560
2020-03-09,4.51428600,1.68095910,1.90700000,3.25800000,1.46067240,0.97200000,0.95300000,3.65900000,0.91700000,124.46097330,113.94800000,125.99895440
2020-03-10,4.61384920,1.71823900,1.96500000,3.41300000,1.48170440,0.98400000,0.97500000,3.61200000,0.92900000,124.08750840,113.07400000,125.97390640
2020-03-11,4.53804540,1.69301200,1.92900000,3.29400000,1.46067240,0.96400000,0.94800000,3.64800000,0.92100000,124.08649630,113.08600000,126.00521640
2020-03-12,4.46676720,1.67114860,1.86000000,3.17600000,1.41545360,0.92000000,0.90700000,3.60800000,0.91200000,124.18568210,113.28200000,126.01774040
2020-03-13,4.40001460,1.65909570,1.82300000,3.21700000,1.39021520,0.88800000,0.87400000,3.50200000,0.90400000,123.69076520,112.37800000,126.02275000
2020-03-16,4.21559640,1.57864960,1.77900000,3.01500000,1.35130600,0.82000000,0.82000000,3.41400000,0.89400000,123.54401070,112.38900000,126.04529320
2020-03-17,4.17826020,1.58173290,1.76400000,3.08100000,1.35656400,0.82600000,0.80600000,3.25500000,0.88500000,123.26467110,111.97300000,126.05531240
2020-03-18,4.10811340,1.55790740,1.70500000,2.99800000,1.31765480,0.81300000,0.76700000,3.32600000,0.83900000,123.26467110,112.03500000,126.06157440
2020-03-19,4.06851440,1.57192240,1.70000000,3.06100000,1.29346800,0.80600000,0.73300000,3.31200000,0.79200000,122.94889590,111.73000000,126.06658400
2020-03-20,4.12282160,1.58341470,1.75800000,3.16100000,1.33973840,0.83500000,0.75100000,3.34600000,0.82700000,123.17358210,111.70000000,126.09037960
2020-03-23,3.98931640,1.52006690,1.65200000,3.01900000,1.29872600,0.80700000,0.71000000,3.33700000,0.78900000,123.77679370,112.29000000,126.10666080
2020-03-24,4.08548540,1.54165000,1.71700000,3.18100000,1.33553200,0.85700000,0.74000000,3.52300000,0.80900000,123.79197520,112.47600000,126.09288440
2020-03-25,4.19296840,1.57892990,1.78500000,3.30200000,1.37444120,0.89500000,0.80300000,3.58100000,0.82500000,123.81120510,112.48500000,126.09413680
2020-03-26,4.16694620,1.56379370,1.76400000,3.22000000,1.37759600,0.87100000,0.78800000,3.57200000,0.81800000,124.08042370,112.65100000,126.09664160
2020-03-27,4.18618000,1.55706650,1.76800000,3.15900000,1.37759600,0.89700000,0.80500000,3.61200000,0.82900000,124.28588000,112.67700000,126.11668000
2020-03-30,4.14771240,1.52707440,1.74000000,3.09400000,1.37549280,0.90000000,0.80600000,3.58300000,0.81900000,124.44579180,112.70500000,126.11417520
2020-03-31,4.15110660,1.52707440,1.76400000,3.09900000,1.37864760,0.90100000,0.81900000,3.58600000,0.82800000,124.68363530,112.81500000,126.12669920
2020-04-01,4.15563220,1.52146840,1.72500000,3.06600000,1.35446080,0.87200000,0.80600000,3.52800000,0.82200000,124.91844250,112.97000000,126.13922320
2020-04-02,4.21220220,1.56659670,1.74300000,3.12300000,1.36708000,0.87800000,0.81200000,3.54300000,0.82900000,124.76257910,112.93300000,126.14047560
2020-04-03,4.18278580,1.54781660,1.72500000,3.07700000,1.35971880,0.86800000,0.79500000,3.57500000,0.83400000,124.70387730,112.93400000,126.17303800
2020-04-07,4.27669200,1.59378580,1.81000000,3.17500000,1.41229880,0.91200000,0.85500000,3.67600000,0.84700000,125.36073020,113.39400000,126.17429040
2020-04-08,4.25972100,1.59855090,1.79600000,3.15600000,1.40178280,0.91400000,0.84500000,3.64100000,0.84900000,125.89005850,113.61000000,126.18430960
2020-04-09,4.27216640,1.61340680,1.84900000,3.16800000,1.41966000,0.92700000,0.85900000,3.65000000,0.84700000,126.03175250,113.49300000,126.19307640
2020-04-10,4.25858960,1.58425560,1.84700000,3.12600000,1.41545360,0.92300000,0.86200000,3.67100000,0.86600000,125.78783640,113.38100000,126.21812440
2020-04-13,4.23483020,1.56799820,1.83100000,3.09500000,1.41335040,0.91600000,0.85300000,3.67000000,0.86700000,125.96394180,113.46700000,126.22438640
2020-04-14,4.30497700,1.60163420,1.86700000,3.16500000,1.43227920,0.94400000,0.88300000,3.71200000,0.86600000,126.00442580,113.42900000,126.22689120
2020-04-15,4.28008620,1.59855090,1.88200000,3.23700000,1.41860840,0.94600000,0.87900000,3.70200000,0.86700000,126.60055270,113.57200000,126.22563880
2020-04-16,4.28234900,1.61116440,1.87100000,3.26200000,1.41335040,0.93700000,0.86300000,3.73000000,0.86400000,126.47505230,113.87700000,126.23064840
2020-04-17,4.32081660,1.61312650,1.91200000,3.37500000,1.42807280,0.95400000,0.87300000,3.66900000,0.87900000,126.39509640,113.77800000,126.23064840
2020-04-20,4.33891900,1.63050510,1.91200000,3.37500000,1.43017600,0.95100000,0.87600000,3.65100000,0.88500000,126.38598750,113.43100000,126.24317240
2020-04-21,4.29366300,1.62013400,1.87300000,3.34800000,1.40493760,0.93800000,0.86000000,3.68400000,0.86500000,126.45076190,113.43000000,126.25820120
2020-04-22,4.33213060,1.63527020,1.85200000,3.42300000,1.40914400,0.92900000,0.85200000,3.67400000,0.85700000,126.91025530,113.71400000,126.26571560
2020-04-23,4.32421080,1.62686120,1.87100000,3.46500000,1.41019560,0.93800000,0.85700000,3.73900000,0.87500000,127.31003480,114.26000000,126.26822040
2020-04-24,4.28800600,1.60275540,1.85900000,3.44600000,1.41019560,0.93300000,0.84600000,3.76900000,0.87200000,127.38695440,114.53200000,126.28450160
2020-04-27,4.30723980,1.59714940,1.89800000,3.56700000,1.43017600,0.95300000,0.85800000,3.74100000,0.88600000,127.41934160,114.50400000,126.28951120
2020-04-28,4.33439340,1.58481620,1.91600000,3.65600000,1.44384680,0.95900000,0.86900000,3.71400000,0.88100000,127.55395090,114.63400000,126.29452080
2020-04-29,4.35702140,1.58789950,1.93100000,3.72200000,1.44805320,0.98000000,0.88600000,3.73300000,0.88300000,127.92741580,114.74900000,126.27823960
2020-04-30,4.42151120,1.62770210,1.97100000,3.73700000,1.47013680,0.98000000,0.91600000,3.74600000,0.88900000,127.96486350,114.50100000,126.29827800
2020-05-06,4.43282520,1.65292910,1.94700000,3.74800000,1.43122760,0.97200000,0.89400000,3.74100000,0.89100000,127.70272960,114.28900000,126.30704480
2020-05-07,4.42490540,1.65096700,1.92300000,3.76400000,1.41860840,0.96700000,0.88000000,3.72300000,0.89300000,126.96490870,113.75500000,126.32207360
2020-05-08,4.47242420,1.67198950,1.94100000,3.78900000,1.42596960,0.98300000,0.89200000,3.76900000,0.90100000,126.80094850,113.47200000,126.34085960
2020-05-11,4.46450440,1.66554260,1.96200000,3.72600000,1.44595000,0.99600000,0.89500000,3.75400000,0.90200000,126.52565730,112.92200000,126.35213120
2020-05-12,4.46337300,1.66974710,1.93400000,3.65600000,1.42491800,0.98400000,0.88100000,3.74600000,0.89600000,126.70277480,113.23500000,126.36841240
2020-05-13,4.47355560,1.67843640,1.91200000,3.64400000,1.43333080,0.99000000,0.87700000,3.75700000,0.89100000,126.63395200,112.97900000,126.37592680
2020-05-14,4.43621940,1.66974710,1.88300000,3.58600000,1.40704080,0.96900000,0.85800000,3.78100000,0.89000000,126.84042040,112.92800000,126.37843160
2020-05-15,4.41472280,1.67283040,1.90800000,3.61000000,1.40809240,0.97500000,0.85900000,3.83400000,0.88900000,127.05498560,113.13200000,126.39095560
2020-05-18,4.42829960,1.66414110,1.93600000,3.65100000,1.41440200,0.98700000,0.87400000,3.92700000,0.89800000,126.61573420,112.63700000,126.39220800
2020-05-19,4.46111020,1.68292120,1.98600000,3.74800000,1.45015640,1.00100000,0.91800000,3.86500000,0.90800000,126.42141100,112.78400000,126.39596520
2020-05-20,4.44300780,1.66974710,1.96300000,3.72100000,1.44279520,0.99800000,0.90700000,3.90600000,0.91300000,126.01454680,112.98900000,126.40222720
2020-05-21,4.41359140,1.64984580,1.96800000,3.72000000,1.43648560,0.99800000,0.91400000,3.87000000,0.91800000,126.04086140,113.03900000,126.40723680
2020-05-22,4.31629100,1.62153550,1.95400000,3.59600000,1.37864760,0.99000000,0.89400000,3.86500000,0.89600000,126.59346800,113.56400000,126.42101320
2020-05-25,4.31855380,1.61480830,1.98700000,3.71300000,1.36918320,1.01300000,0.92300000,3.85800000,0.90300000,126.26757180,113.20300000,126.42852760
2020-05-26,4.37059820,1.64508070,2.01900000,3.79700000,1.39337000,1.03300000,0.95000000,3.87600000,0.90600000,125.58035590,112.78600000,126.42852760
2020-05-27,4.35023300,1.63470960,2.01900000,3.77200000,1.38180240,1.04900000,0.95400000,3.83500000,0.90100000,125.28482270,112.78400000,126.43353720
2020-05-28,4.35589000,1.63022480,2.04300000,3.75700000,1.37549280,1.06800000,0.97400000,3.86300000,0.90500000,125.52873880,113.10900000,126.43103240
2020-05-29,4.37399240,1.64367920,2.02900000,3.73000000,1.36602840,1.06600000,0.97400000,3.86400000,0.91000000,125.39109320,112.73300000,126.45232320
2020-06-01,4.48939520,1.69889830,2.03300000,3.74400000,1.40914400,1.07100000,0.99000000,3.89500000,0.92100000,125.21802410,112.40100000,126.44981840
2020-06-02,4.50184060,1.69721650,2.03600000,3.73800000,1.41650520,1.08500000,0.99900000,3.88800000,0.91900000,124.62796980,112.06300000,126.45858520
2020-06-03,4.50070920,1.69441350,2.06200000,3.77100000,1.43964040,1.08900000,1.02100000,3.85300000,0.92700000,124.31219460,111.87200000,126.46860440
2020-06-04,4.50297200,1.69749680,2.07000000,3.79300000,1.44279520,1.08900000,1.04500000,3.82000000,0.92200000,124.18568210,111.49900000,126.47486640
2020-06-05,4.52899420,1.70142100,2.08700000,3.79200000,1.45436280,1.09100000,1.06800000,3.81700000,0.93100000,124.05107280,111.40300000,126.49866200
2020-06-08,4.55049080,1.69777710,2.11700000,3.79600000,1.46487880,1.09600000,1.08300000,3.78300000,0.94200000,124.37595690,111.78100000,126.50367160
2020-06-09,4.58103860,1.70786790,2.14700000,3.80200000,1.48906560,1.11000000,1.08600000,3.78200000,0.94600000,124.44680390,111.76100000,126.50617640
2020-06-10,4.57085600,1.71011030,2.14200000,3.78800000,1.47854960,1.11900000,1.07400000,3.82100000,0.95100000,124.13507710,111.73100000,126.49991440
2020-06-11,4.52899420,1.70702700,2.08400000,3.78600000,1.45331120,1.08700000,1.03700000,3.85500000,0.94500000,124.31219460,112.22300000,126.51118600
2020-06-12,4.54030820,1.70730730,2.02000000,3.72400000,1.42807280,1.07200000,1.00700000,3.85400000,0.94500000,124.49943310,112.31800000,126.52871960
2020-06-15,4.47581840,1.70534520,1.96100000,3.66500000,1.40914400,1.04100000,0.97900000,3.84400000,0.93500000,124.63910290,112.61900000,126.54124360
2020-06-16,4.54596520,1.73617820,2.05800000,3.80600000,1.43858880,1.09500000,1.03000000,3.84000000,0.95400000,123.95391120,111.78700000,126.53372920
2020-06-17,4.55049080,1.75019320,2.07900000,3.82000000,1.44489840,1.09500000,1.03800000,3.84200000,0.95200000,123.48632100,111.69400000,126.53623400
2020-06-18,4.58556420,1.75467800,2.06000000,3.79400000,1.44174360,1.08500000,1.03700000,3.83600000,0.95300000,123.44684910,111.51300000,126.54750560
2020-06-19,4.64439700,1.76757180,2.07200000,3.80200000,1.46172400,1.09000000,1.03800000,3.84400000,0.96500000,123.27378000,111.54000000,126.52621480
2020-06-22,4.64892260,1.76645060,2.04900000,3.78600000,1.44910480,1.08700000,1.02400000,3.88600000,0.96100000,123.41749820,111.56000000,126.54374840
2020-06-23,4.67041920,1.77429900,2.06600000,3.81900000,1.46382720,1.09400000,1.03000000,3.88200000,0.96600000,122.86995210,111.01000000,126.54750560
2020-06-24,4.71114960,1.77457930,2.07100000,3.82900000,1.46803360,1.09400000,1.04500000,3.91000000,0.96500000,123.37296580,111.52000000,126.59384440
2020-06-29,4.67041920,1.76673090,2.00600000,3.76000000,1.43017600,1.07200000,1.01300000,3.91000000,0.97300000,123.62295450,111.56600000,126.57631080
2020-06-30,4.72698920,1.79279880,2.01300000,3.77000000,1.43438240,1.07000000,1.02200000,3.91400000,0.97800000,123.47215160,111.46300000,126.58257280
2020-07-01,4.83334080,1.80064720,2.04300000,3.78600000,1.44805320,1.06800000,1.02800000,3.93900000,0.98600000,123.63611180,111.56600000,126.60636840
2020-07-02,4.94421800,1.83288170,2.05900000,3.80300000,1.48275600,1.07200000,1.03700000,3.90300000,0.98700000,123.77375740,111.71600000,126.59885400
2020-07-03,5.04264980,1.85726780,2.07100000,3.80200000,1.52587160,1.07500000,1.05300000,3.91500000,0.98600000,123.62295450,111.60000000,126.62139720
2020-07-06,5.41261760,1.94556230,2.08600000,3.82800000,1.57529680,1.08800000,1.06700000,3.90200000,0.99100000,122.88513360,110.58500000,126.59008720
2020-07-07,5.35831040,1.96490300,2.06800000,3.83900000,1.55847120,1.07700000,1.05300000,3.91100000,0.99200000,122.56328580,110.11600000,126.65145480
2020-07-08,5.42845720,2.00414500,2.05900000,3.82100000,1.55636800,1.07400000,1.04400000,3.92800000,0.99300000,122.33758750,109.75600000,126.68151240
2020-07-09,5.51218080,2.05768230,2.06200000,3.83900000,1.54585200,1.07200000,1.04800000,3.95400000,1.00900000,122.34973270,109.56700000,126.68902680
2020-07-10,5.41374900,2.05459900,2.03700000,3.84700000,1.51956200,1.06400000,1.03400000,3.92600000,1.00300000,122.72016130,109.83900000,126.75289920
2020-07-13,5.52688900,2.11990890,2.08800000,3.92500000,1.53112960,1.08400000,1.06100000,3.93900000,1.04400000,122.40337400,109.65100000,126.73536560
2020-07-14,5.47823880,2.09187890,2.07200000,3.87200000,1.50904600,1.07700000,1.05100000,3.93500000,1.03300000,122.86894000,110.08800000,126.79422840
2020-07-15,5.41261760,2.04815210,2.10300000,3.88200000,1.49958160,1.09600000,1.06900000,3.94000000,1.03400000,123.08856570,110.48300000,126.84557680
2020-07-16,5.15465840,1.94584260,2.09500000,3.82000000,1.47224000,1.08600000,1.07200000,3.92700000,1.00600000,123.49239360,110.74400000,126.81677160
2020-07-17,5.21009700,1.94724410,2.10600000,3.86800000,1.47644640,1.08100000,1.08200000,3.90400000,1.01300000,123.27479210,110.44500000,126.78796640
2020-07-20,5.34812780,2.00442530,2.09700000,3.84900000,1.47434320,1.07600000,1.08500000,3.92500000,1.01200000,123.01367030,110.33400000,126.74162760
2020-07-21,5.36170460,2.01563730,2.13200000,3.98300000,1.50168480,1.08800000,1.11000000,3.95100000,1.02600000,123.24240490,110.39300000,126.75540400
2020-07-22,5.42166880,2.03525830,2.12600000,3.94400000,1.49432360,1.08800000,1.10800000,4.04300000,1.03500000,123.68064420,111.07700000,126.73787040
2020-07-23,5.39225240,2.03301590,2.14800000,3.95600000,1.48380760,1.08700000,1.12100000,4.06600000,1.02800000,123.97415320,111.20800000,126.75916120
2020-07-24,5.15239560,1.93659270,2.10700000,3.83700000,1.45436280,1.07900000,1.09700000,4.10900000,1.02200000,123.84156810,111.39300000,126.77919960
2020-07-27,5.18407480,1.93547150,2.10900000,3.84900000,1.45436280,1.10000000,1.10000000,4.20300000,1.03500000,123.97212900,111.44500000,126.78170440
2020-07-28,5.22367380,1.95537280,2.12100000,3.87700000,1.45856920,1.09900000,1.10700000,4.19800000,1.03700000,123.72720080,111.15100000,126.78045200
2020-07-29,5.37301860,2.01087220,2.11600000,3.86400000,1.46908520,1.09300000,1.10600000,4.20600000,1.04500000,123.58955520,110.98300000,126.76041360
2020-07-30,5.33341960,2.00386470,2.12400000,3.85900000,1.45962080,1.08900000,1.10500000,4.17400000,1.04600000,123.46101850,110.76300000,126.78420920
2020-07-31,5.37415000,2.02488720,2.13400000,3.92000000,1.45541440,1.07300000,1.09100000,4.21600000,1.04800000,123.22924760,110.36100000,126.79422840
2020-08-03,5.45900500,2.07365940,2.13600000,3.91800000,1.44174360,1.07400000,1.08900000,4.20000000,1.04200000,123.12803760,110.44200000,126.79673320
2020-08-04,5.46353060,2.06132620,2.15400000,3.97300000,1.47118840,1.08400000,1.10400000,4.20600000,1.04900000,123.14321910,110.46300000,126.82553840
2020-08-05,5.46579340,2.08094720,2.16100000,3.96700000,1.46908520,1.08400000,1.10000000,4.32000000,1.05200000,123.19888460,110.60600000,126.82303360
2020-08-06,5.44542820,2.08627290,2.17600000,3.95800000,1.45541440,1.07700000,1.09800000,4.35300000,1.06000000,123.09261410,110.64600000,126.84682920
2020-08-07,5.39112100,2.06020500,2.19900000,4.00400000,1.43858880,1.07500000,1.09400000,4.37800000,1.05700000,123.08755360,110.51000000,126.84933400
2020-08-10,5.40922340,2.07001550,2.21300000,3.99400000,1.43753720,1.08000000,1.10100000,4.34900000,1.04100000,123.08249310,110.61600000,126.85684840
2020-08-11,5.35604760,2.03273560,2.20500000,3.99200000,1.45436280,1.08900000,1.10200000,4.25300000,1.04000000,123.05921480,110.48800000,126.86436280
2020-08-12,5.31984280,2.00694800,2.18700000,3.98100000,1.47434320,1.08900000,1.11200000,3.98900000,1.03600000,122.63210860,110.31400000,126.86311040
2020-08-13,5.30287180,2.01619790,2.21200000,4.06500000,1.47539480,1.10700000,1.12200000,4.05400000,1.04200000,122.74546380,110.59700000,126.87813920
2020-08-14,5.40582920,2.04478850,2.21200000,4.05800000,1.48275600,1.10400000,1.11900000,4.08800000,1.04300000,122.76874210,110.63600000,126.86937240
2020-08-17,5.51783780,2.07393970,2.21200000,4.06300000,1.48801400,1.10100000,1.11300000,4.12900000,1.05300000,122.89829090,110.72600000,126.87438200
2020-08-18,5.50991800,2.08879560,2.20900000,4.05900000,1.48065280,1.10400000,1.11400000,4.22500000,1.05700000,122.97723470,110.75800000,126.88690600
2020-08-19,5.42393160,2.05347780,2.22200000,4.11100000,1.46803360,1.10500000,1.11400000,4.17700000,1.07500000,122.85881900,110.57900000,126.89817760
2020-08-20,5.36623020,2.03329620,2.19600000,4.10600000,1.44595000,1.09400000,1.11200000,4.08800000,1.07300000,122.58757620,110.32200000,126.92197320
2020-08-21,5.41148620,2.04534910,2.20600000,4.21000000,1.46382720,1.10000000,1.11400000,4.09100000,1.07200000,122.60984240,110.35900000,126.93199240
2020-08-24,5.44542820,2.05628080,2.22700000,4.39100000,1.48801400,1.10100000,1.11400000,4.05600000,1.06600000,122.58555200,110.34100000,126.93074000
2020-08-25,5.45561080,2.04590970,2.28400000,4.59100000,1.48485920,1.11200000,1.13600000,4.06400000,1.06400000,122.32847860,110.03300000,126.94075920
2020-08-26,5.38885820,2.01143280,2.25900000,4.50300000,1.47854960,1.10600000,1.12300000,4.05900000,1.07000000,122.20601450,109.88900000,126.95829280
2020-08-27,5.42958860,2.02937200,2.28900000,4.69700000,1.47013680,1.10500000,1.13500000,4.10800000,1.07200000,121.94286850,109.95600000,126.95328320
2020-08-28,5.56309380,2.06384890,2.30600000,4.79700000,1.48906560,1.09500000,1.13200000,4.10900000,1.08100000,121.85987630,109.64500000,126.94326400
2020-08-31,5.51444360,2.05347780,2.32600000,5.05800000,1.47644640,1.10100000,1.12800000,4.12300000,1.08200000,121.94590480,109.72400000,126.96205000
2020-09-01,5.55291120,2.06805340,2.29500000,4.99000000,1.45751760,1.09400000,1.12200000,4.16900000,1.10000000,122.31532130,110.11700000,126.97958360
2020-09-02,5.54838560,2.06665190,2.33400000,5.19300000,1.45331120,1.09700000,1.12400000,4.12500000,1.08900000,122.17565150,109.96200000,127.00212680
2020-09-03,5.52575760,2.05543990,2.46500000,5.30500000,1.44805320,1.10700000,1.14600000,4.05300000,1.08300000,122.15237320,110.26600000,126.99336000
2020-09-04,5.46353060,2.04142490,2.31700000,4.84600000,1.42912440,1.09500000,1.11600000,4.06500000,1.07600000,121.95400160,110.29100000,127.00087440
2020-09-07,5.35378480,1.99881930,2.21000000,4.48400000,1.42176320,1.08800000,1.10300000,4.06300000,1.08300000,121.66656520,110.04800000,127.02842720
2020-09-08,5.38093840,2.01143280,2.25100000,4.72400000,1.42596960,1.09500000,1.12100000,4.06600000,1.08600000,121.88517880,110.39700000,127.02341760
2020-09-09,5.25535300,1.96125910,2.16800000,4.48200000,1.41019560,1.08500000,1.09800000,4.06800000,1.06500000,121.99954610,110.68300000,127.02967960
2020-09-10,5.25987860,1.92762310,2.19500000,4.60900000,1.41229880,1.09400000,1.13100000,4.09600000,1.05400000,122.23840170,110.74600000,127.04596080
2020-09-11,5.30060900,1.94388050,2.17300000,4.52900000,1.41335040,1.09900000,1.12400000,4.08700000,1.05400000,122.16654260,110.18300000,127.06349440
2020-09-14,5.33115680,1.95873640,2.17600000,4.65400000,1.42491800,1.11000000,1.13500000,4.08600000,1.06800000,121.95298950,109.79700000,127.07727080
2020-09-15,5.37075580,1.96658480,2.17800000,4.81100000,1.41966000,1.10100000,1.12600000,4.10000000,1.07100000,122.08557460,110.21200000,127.07977560
2020-09-16,5.33907660,1.96041820,2.18900000,4.80200000,1.41860840,1.10200000,1.12100000,4.08800000,1.06800000,122.13516750,110.25000000,127.08228040
2020-09-17,5.30626600,1.96462270,2.14600000,4.60400000,1.39652480,1.09900000,1.10700000,4.06000000,1.05700000,122.17059100,110.19500000,127.08603760
2020-09-18,5.44316540,2.00022080,2.15400000,4.76100000,1.40178280,1.10000000,1.11500000,4.07800000,1.07600000,122.17463940,110.21600000,127.08979480
2020-09-21,5.38093840,1.98592550,2.12600000,4.66700000,1.38075080,1.09900000,1.10200000,4.07800000,1.07200000,122.52280180,110.71800000,127.10607600
2020-09-22,5.31644860,1.96125910,2.09900000,4.59300000,1.36813160,1.08600000,1.07500000,3.98500000,1.06300000,122.68372570,110.89800000,127.13863840
2020-09-23,5.33228820,1.97078930,2.12000000,4.65500000,1.36497680,1.10300000,1.07400000,3.92500000,1.05600000,122.64830220,110.65300000,127.14865760
2020-09-24,5.24517040,1.93266850,2.07200000,4.48100000,1.34815120,1.09600000,1.05200000,3.88100000,1.03700000,122.54608010,110.60500000,127.14364800
2020-09-25,5.24856460,1.92678220,2.08900000,4.44500000,1.34604800,1.10100000,1.05500000,3.92800000,1.04100000,122.41855550,110.45300000,127.16118160
2020-09-28,5.25987860,1.90884300,2.12400000,4.52000000,1.35551240,1.11200000,1.06100000,3.91900000,1.04700000,122.31633340,110.59400000,127.17245320
2020-09-29,5.27232400,1.92285800,2.14700000,4.54600000,1.34815120,1.11500000,1.06800000,3.97200000,1.04800000,122.20702660,110.40300000,127.19249160
2020-09-30,5.25648440,1.90968390,2.12400000,4.55500000,1.35446080,1.10300000,1.07000000,3.97400000,1.04700000,122.16047000,110.18800000,127.27014040
2020-10-09,5.36170460,1.95929700,2.19200000,4.64400000,1.37128640,1.10700000,1.08600000,3.97100000,1.05800000,121.98132830,110.04000000,127.27389760
2020-10-12,5.52915180,2.01928120,2.20700000,4.67300000,1.40178280,1.10700000,1.09500000,4.01400000,1.06400000,122.05926000,109.74000000,127.26387840
2020-10-13,5.54725420,2.01984180,2.24300000,4.72200000,1.40388600,1.11100000,1.09600000,4.00300000,1.06200000,121.89327560,109.78700000,127.26262600
2020-10-14,5.52010060,2.01087220,2.23400000,4.70700000,1.40704080,1.11200000,1.08500000,3.95800000,1.05800000,121.88619090,109.68700000,127.28767400
2020-10-15,5.50652380,1.99573600,2.19900000,4.58600000,1.38600880,1.10500000,1.07200000,3.95300000,1.05500000,121.74652110,109.60300000,127.28892640
2020-10-16,5.49068420,1.98480430,2.21000000,4.58200000,1.38916360,1.10100000,1.06300000,3.96500000,1.05900000,121.93882010,109.82400000,127.32148880
2020-10-19,5.45561080,1.96546360,2.21200000,4.63600000,1.39231840,1.10700000,1.06800000,3.96800000,1.06000000,122.18982090,110.06200000,127.33401280
2020-10-20,5.48955280,1.98172100,2.17600000,4.60500000,1.38811200,1.09900000,1.06100000,3.95200000,1.06100000,122.23232910,109.85800000,127.34027480
2020-10-21,5.49634120,1.96546360,2.18200000,4.60400000,1.39442160,1.10100000,1.05800000,3.96600000,1.07600000,122.34062380,109.88700000,127.34403200
2020-10-22,5.47823880,1.95313040,2.15500000,4.55600000,1.39547320,1.10100000,1.04400000,3.97000000,1.07600000,122.46511210,110.01600000,127.34528440
2020-10-23,5.41488040,1.92117620,2.17300000,4.50900000,1.40493760,1.10500000,1.04400000,3.95600000,1.06900000,122.28495830,109.95600000,127.34653680
2020-10-26,5.37415000,1.91949440,2.16100000,4.42900000,1.40178280,1.10100000,1.04100000,3.93800000,1.06300000,122.17059100,109.81300000,127.35530360
2020-10-27,5.38998960,1.91893380,2.15500000,4.40200000,1.40493760,1.10600000,1.03000000,3.97200000,1.06600000,122.40539820,110.07600000,127.36281800
2020-10-28,5.43524560,1.93014580,2.12600000,4.36400000,1.40388600,1.10700000,1.02200000,3.97400000,1.07600000,122.33758750,110.05900000,127.37033240
2020-10-29,5.48502720,1.93294880,2.08800000,4.31200000,1.39126680,1.10300000,1.01100000,3.92000000,1.06800000,122.28192200,110.12100000,127.38285640
2020-10-30,5.38206980,1.88922200,2.04800000,4.25100000,1.36708000,1.08800000,0.99200000,3.89700000,1.05700000,122.42462810,110.10400000,127.41166160
2020-11-02,5.41374900,1.89594920,2.06800000,4.25300000,1.37864760,1.09300000,0.97400000,3.93000000,1.06100000,122.64324170,110.33200000,127.44798120
2020-11-03,5.47145040,1.92566100,2.10600000,4.42000000,1.41229880,1.10900000,0.99000000,3.94900000,1.07300000,122.60174560,110.28600000,127.43420480
2020-11-04,5.51331220,1.92538070,2.14000000,4.63500000,1.41860840,1.11300000,0.99900000,3.96700000,1.06900000,122.68068940,110.28400000,127.47052440
2020-11-05,5.59929860,1.96350150,2.16700000,4.65000000,1.43438240,1.12900000,1.01200000,3.96500000,1.07000000,122.54810430,110.27000000,127.46175760
2020-11-06,5.60156140,1.94892590,2.17600000,4.48300000,1.43648560,1.14100000,1.02000000,4.00100000,1.06800000,122.37908360,110.25900000,127.49432000
2020-11-09,5.71130720,1.98088010,2.21000000,4.60200000,1.45331120,1.15700000,1.03800000,3.99000000,1.07800000,122.19488140,110.05000000,127.48054360
2020-11-10,5.68075940,1.96742570,2.20000000,4.46900000,1.46487880,1.15300000,1.05600000,3.88900000,1.07400000,122.22929280,110.01400000,127.51185360
2020-11-11,5.62758360,1.94360020,2.21000000,4.40700000,1.47013680,1.16700000,1.06700000,3.88100000,1.08100000,122.21309920,109.97000000,127.53815400
2020-11-12,5.62418940,1.95004710,2.21400000,4.41900000,1.46593040,1.17900000,1.06600000,3.87300000,1.08100000,122.16148210,110.01800000,127.55819240
2020-11-13,5.56648800,1.95060770,2.21200000,4.38500000,1.46277560,1.17400000,1.05800000,3.89000000,1.08800000,121.89934820,109.69200000,127.54566840
2020-11-16,5.62645220,1.97303170,2.24200000,4.40000000,1.46382720,1.20100000,1.07500000,3.88800000,1.10700000,122.10581660,109.80000000,127.52563000
2020-11-17,5.61626960,1.95985760,2.23400000,4.32400000,1.46593040,1.19900000,1.06800000,3.88100000,1.09400000,122.03800590,109.82900000,127.54441600
2020-11-18,5.60834980,1.95817580,2.21200000,4.28400000,1.46487880,1.18400000,1.06200000,3.85600000,1.10400000,121.86898520,109.62200000,127.54566840
2020-11-19,5.65586860,1.96910750,2.21100000,4.27600000,1.47013680,1.18600000,1.06600000,3.83700000,1.09600000,121.80319870,109.50800000,127.54191120
2020-11-20,5.67283960,1.98564520,2.20200000,4.30500000,1.46908520,1.18300000,1.06400000,3.84300000,1.11200000,121.80319870,109.44800000,127.55694000
2020-11-23,5.73846080,2.00050110,2.19900000,4.27100000,1.46698200,1.19700000,1.07300000,3.85100000,1.11800000,122.11694970,109.58300000,127.56821160
2020-11-24,5.70225600,1.99994050,2.23200000,4.28100000,1.47644640,1.21200000,1.07900000,3.75500000,1.13000000,121.98234040,109.54100000,127.57948320
2020-11-25,5.63210920,1.96798630,2.24900000,4.31200000,1.48275600,1.21600000,1.08100000,3.71400000,1.12300000,122.04407850,109.57500000,127.59826920
2020-11-26,5.64002900,1.96210000,2.24900000,4.32500000,1.48485920,1.23100000,1.08700000,3.71800000,1.13600000,122.00966710,109.56400000,127.59952160
2020-11-27,5.72035840,1.97022870,2.24300000,4.31200000,1.50168480,1.23700000,1.09700000,3.72000000,1.15000000,121.96209840,109.53000000,127.61455040
2020-11-30,5.69207340,1.95565310,2.23200000,4.31700000,1.47539480,1.23700000,1.09100000,3.62800000,1.17200000,122.24751060,109.68200000,127.63584120
2020-12-01,5.81765880,1.98704670,2.25600000,4.36400000,1.47960120,1.25200000,1.10100000,3.65300000,1.15100000,122.05824790,109.61000000,127.63458880
2020-12-02,5.80521340,1.98872850,2.25000000,4.39400000,1.47539480,1.24500000,1.09900000,3.70700000,1.15000000,122.09265930,109.55100000,127.64460800
2020-12-03,5.80295060,1.99545570,2.25900000,4.37100000,1.48380760,1.24300000,1.09900000,3.74800000,1.13500000,122.00055820,109.52800000,127.66088920
2020-12-04,5.81539600,2.00274350,2.25300000,4.34900000,1.48380760,1.23500000,1.10100000,3.75400000,1.14800000,122.19589350,109.90000000,127.69470400
2020-12-07,5.76561440,1.98816790,2.26200000,4.29900000,1.46908520,1.23200000,1.09400000,3.74500000,1.14200000,122.12808280,109.75100000,127.70221840
2020-12-08,5.74751200,1.98564520,2.25700000,4.29300000,1.46172400,1.21900000,1.09900000,3.80000000,1.14700000,122.17868780,110.08900000,127.70597560
2020-12-09,5.67962800,1.95481220,2.27700000,4.29000000,1.46487880,1.24300000,1.10400000,3.77800000,1.14900000,122.22524440,109.98500000,127.70722800
2020-12-10,5.66831400,1.95817580,2.26400000,4.22000000,1.46277560,1.23900000,1.10000000,3.74000000,1.16000000,122.22423230,109.95600000,127.71098520
2020-12-11,5.60495560,1.92622160,2.26500000,4.20700000,1.46487880,1.23500000,1.10200000,3.73900000,1.17000000,122.08253830,109.78500000,127.73728560
2020-12-14,5.65473720,1.94051690,2.27200000,4.20400000,1.46067240,1.23600000,1.09000000,3.74000000,1.17400000,121.97323150,109.63000000,127.74855720
2020-12-15,5.67170820,1.94247900,2.25200000,4.21200000,1.45646600,1.23500000,1.09800000,3.76900000,1.17300000,122.17868780,109.66000000,127.76233360
2020-12-16,5.68302220,1.93519120,2.27000000,4.28100000,1.46382720,1.24300000,1.11700000,3.79300000,1.17800000,122.24548640,109.66500000,127.76734320
2020-12-17,5.76335160,1.95873640,2.27800000,4.28300000,1.46803360,1.24900000,1.13600000,3.81200000,1.19100000,122.19690560,109.57400000,127.73227600
2020-12-18,5.73054100,1.95200920,2.28500000,4.30300000,1.46172400,1.24200000,1.14300000,3.83800000,1.20500000,122.12605860,109.57500000,127.76483840
2020-12-21,5.78145400,1.98312250,2.27900000,4.34100000,1.46698200,1.23800000,1.12200000,3.87900000,1.20100000,122.27078890,109.55900000,127.77360520
2020-12-22,5.69433620,1.94500170,2.25800000,4.29900000,1.44595000,1.22200000,1.10500000,3.82500000,1.16700000,122.49243880,109.76600000,127.80742000
2020-12-23,5.74072360,1.95537280,2.26000000,4.31500000,1.45436280,1.22900000,1.11600000,3.81800000,1.16900000,122.56328580,109.83200000,127.81869160
2020-12-24,5.74072360,1.93070640,2.26600000,4.29800000,1.45541440,1.23100000,1.12900000,3.83200000,1.17400000,122.58656410,109.84100000,127.84123480
2020-12-25,5.78824240,1.94892590,2.27200000,4.32100000,1.45646600,1.23000000,1.13000000,3.85300000,1.18300000,122.71813710,109.97600000,127.84624440
2020-12-28,5.80408200,1.93687300,2.28300000,4.34600000,1.45225960,1.24200000,1.13800000,3.85800000,1.18200000,122.59668510,110.00000000,127.85751600
2020-12-29,5.78597960,1.92846400,2.30400000,4.38300000,1.46382720,1.27500000,1.16200000,3.83700000,1.16800000,122.66652000,110.18900000,127.87504960
2020-12-30,5.85838920,1.94444110,2.28900000,4.38200000,1.48380760,1.27700000,1.15300000,3.83200000,1.16900000,122.73331860,110.24900000,127.86753520
2020-12-31,5.98171180,1.97415290,2.29200000,4.37500000,1.50483960,1.28000000,1.14700000,3.85000000,1.15500000,122.77987520,110.10500000,127.93247600
2021-01-04,6.03488760,2.00778890,2.28000000,4.33300000,1.49747840,1.26200000,1.14100000,3.90200000,1.16400000,122.58960040,110.03800000,127.94397440
2021-01-05,6.14689620,2.02544780,2.24500000,4.27500000,1.50799440,1.25300000,1.13800000,3.92000000,1.17000000,122.70902820,110.21000000,127.96441600
2021-01-06,6.20233480,2.02320540,2.24900000,4.25600000,1.50799440,1.25200000,1.13700000,3.93100000,1.18100000,122.96306530,110.44000000,128.01679760
2021-01-07,6.33470860,2.03161440,2.28300000,4.24300000,1.50483960,1.26400000,1.16400000,3.90300000,1.19700000,123.03492440,110.42600000,128.04490480
2021-01-08,6.30302940,2.03665980,2.31800000,4.31800000,1.52587160,1.28900000,1.17100000,3.87800000,1.20400000,122.97925890,110.44600000,128.03723920
2021-01-11,6.23175120,2.00526620,2.30800000,4.33100000,1.53533600,1.28200000,1.16000000,3.77700000,1.17100000,122.86084320,110.41100000,128.02957360
2021-01-12,6.41277520,2.02993260,2.31200000,4.29900000,1.54690360,1.28600000,1.15300000,3.80500000,1.17400000,122.98836780,110.47000000,128.05129280
2021-01-13,6.38788440,2.01703880,2.30600000,4.28100000,1.54585200,1.30200000,1.15000000,3.79700000,1.17300000,123.23025970,110.71800000,128.02829600
2021-01-14,6.27135020,2.00274350,2.32100000,4.29700000,1.56267760,1.31600000,1.15200000,3.77200000,1.17300000,123.48429680,110.86900000,128.02701840
2021-01-15,6.25211640,1.99545570,2.30100000,4.26800000,1.58160640,1.34200000,1.14100000,3.78500000,1.17400000,123.33450600,111.03200000,128.05129280
2021-01-18,6.31955190,2.01956150,2.29400000,4.24400000,1.58686440,1.30500000,1.12900000,3.77500000,1.18500000,123.16447320,110.77700000,128.06534640
2021-01-19,6.23357940,2.00862980,2.31100000,4.29100000,1.61736080,1.30900000,1.14300000,3.77900000,1.17600000,122.93776280,110.67100000,128.06151360
2021-01-20,6.26796840,2.02684930,2.30700000,4.32400000,1.64049600,1.30200000,1.13800000,3.78900000,1.18200000,123.13512230,110.88600000,128.07301200
2021-01-21,6.37572060,2.05543990,2.34700000,4.43500000,1.63313480,1.31300000,1.14800000,3.82500000,1.19000000,123.28390100,110.89200000,128.07428960
2021-01-22,6.37915950,2.05824290,2.33500000,4.43200000,1.62156720,1.30800000,1.13700000,3.80600000,1.17800000,123.33956650,111.11800000,128.10367440
2021-01-25,6.45481530,2.06160650,2.34800000,4.47100000,1.65206360,1.31600000,1.14400000,3.78800000,1.19400000,123.34260280,111.06800000,128.10878480
2021-01-26,6.31725930,2.03021290,2.32700000,4.44300000,1.60789640,1.30600000,1.12100000,3.79900000,1.18300000,122.92156920,110.62000000,128.11261760
2021-01-27,6.32872230,2.03525830,2.33800000,4.51300000,1.61105120,1.30600000,1.13800000,3.77900000,1.18300000,122.94990800,110.53300000,128.11645040
2021-01-28,6.17282550,1.99685720,2.27700000,4.33300000,1.56898720,1.27900000,1.10800000,3.76100000,1.16500000,122.85477060,110.49600000,128.11134000
2021-01-29,6.13041240,1.96882720,2.28100000,4.32700000,1.55321320,1.25600000,1.10600000,3.77800000,1.16100000,122.87906100,110.28200000,128.14966800
2021-02-01,6.20262930,1.98256190,2.26700000,4.31000000,1.58055480,1.27000000,1.11200000,3.82000000,1.16900000,122.99950090,110.61500000,128.16116640
2021-02-02,6.29433330,2.00134200,2.30500000,4.44100000,1.60369000,1.28000000,1.12100000,3.78900000,1.15500000,123.06225110,110.76000000,128.17777520
2021-02-03,6.28745550,1.98956940,2.33100000,4.49300000,1.59527720,1.29500000,1.13100000,3.75000000,1.14700000,123.13815860,110.67200000,128.20588240
2021-02-04,6.27484620,1.96798630,2.33000000,4.44900000,1.59212240,1.27700000,1.12800000,3.72300000,1.16300000,123.10981980,110.66300000,128.20971520
2021-02-05,6.28401660,1.93855480,2.36900000,4.50800000,1.60684480,1.29500000,1.13600000,3.68100000,1.17600000,122.91650870,110.34900000,128.24548800
2021-02-08,6.36655020,1.96181970,2.37000000,4.53700000,1.60474160,1.32200000,1.14200000,3.71200000,1.18700000,122.77481470,110.12600000,128.24165520
2021-02-09,6.52473960,2.00162230,2.38400000,4.53600000,1.60369000,1.32800000,1.14000000,3.75200000,1.19700000,122.76165740,110.20800000,128.26976240
2021-02-10,6.65656410,2.02432660,2.38200000,4.55300000,1.63313480,1.33400000,1.14600000,3.75600000,1.21300000,122.93573860,110.47000000,128.33364240
2021-02-18,6.60727320,2.05431870,2.38500000,4.53200000,1.67625040,1.35100000,1.13100000,3.65000000,1.26800000,122.81732290,110.37300000,128.32853200
2021-02-19,6.64395480,2.08375020,2.37800000,4.52700000,1.66888920,1.34700000,1.13000000,3.63400000,1.28900000,122.83351650,110.46400000,128.34897360
2021-02-22,6.40667070,2.06440950,2.37000000,4.48700000,1.66888920,1.35900000,1.13100000,3.67500000,1.34600000,122.88816990,110.36000000,128.35280640
2021-02-23,6.38947620,2.05880350,2.37000000,4.41600000,1.67730200,1.35800000,1.14000000,3.71300000,1.32800000,123.01974290,110.53000000,128.38346880
2021-02-24,6.22097010,2.03245530,2.35100000,4.33900000,1.62156720,1.33100000,1.13000000,3.70500000,1.31200000,123.24442910,110.57000000,128.38346880
2021-02-25,6.27943140,2.02236450,2.39000000,4.42200000,1.64470240,1.36000000,1.15000000,3.67000000,1.35300000,123.22924760,110.54600000,128.39496720
2021-02-26,6.10863270,1.97779680,2.32600000,4.24600000,1.59317400,1.30400000,1.12200000,3.61300000,1.31700000,122.97824680,110.44500000,128.40646560
2021-03-01,6.21065340,2.01283430,2.34300000,4.34200000,1.60474160,1.32200000,1.13200000,3.59500000,1.30400000,122.97318630,110.28000000,128.42179680
2021-03-02,6.13155870,1.99713750,2.37700000,4.39600000,1.59212240,1.31000000,1.13500000,3.53600000,1.28500000,123.45899430,110.61500000,128.44096080
2021-03-03,6.25192020,2.02376600,2.37600000,4.37600000,1.62787680,1.31600000,1.14400000,3.54900000,1.30800000,123.37903840,110.47500000,128.45884720
2021-03-04,6.06048810,1.98956940,2.32700000,4.23400000,1.59632880,1.28600000,1.13400000,3.51400000,1.27100000,123.32640920,110.46600000,128.42562960
2021-03-05,6.03641580,1.99265270,2.30400000,4.18200000,1.59843200,1.26800000,1.12900000,3.48200000,1.25500000,123.46709110,110.59900000,128.45501440
2021-03-08,5.82320400,1.94500170,2.35300000,4.18900000,1.57214200,1.26500000,1.12800000,3.51900000,1.24900000,123.46607900,110.72800000,128.46268000
2021-03-09,5.70742770,1.90127490,2.37500000,4.15300000,1.57319360,1.27300000,1.17500000,3.50600000,1.25100000,123.32843340,110.76100000,128.46395760
2021-03-10,5.73150000,1.88137360,2.37300000,4.26100000,1.58160640,1.27800000,1.17800000,3.54200000,1.24400000,123.40434090,110.86200000,128.47673360
2021-03-11,5.87937270,1.93182760,2.41100000,4.29700000,1.60684480,1.28200000,1.20800000,3.57300000,1.29000000,123.31831240,110.73100000,128.48567680
2021-03-12,5.89427460,1.93322910,2.41300000,4.32400000,1.60053520,1.30200000,1.17800000,3.52400000,1.27700000,123.32843340,110.69700000,128.50995120
2021-03-15,5.77735200,1.92061560,2.42800000,4.30600000,1.58581280,1.30100000,1.17000000,3.55600000,1.28200000,123.26467110,110.62100000,128.54955680
2021-03-16,5.81517990,1.92145650,2.44300000,4.38700000,1.59317400,1.30900000,1.16700000,3.56200000,1.26600000,123.09868670,110.55400000,128.53422560
2021-03-17,5.84154480,1.93266850,2.43300000,4.38000000,1.59212240,1.30700000,1.17000000,3.57700000,1.27000000,123.14524330,110.50700000,128.52656000
2021-03-18,5.88739680,1.94696380,2.43500000,4.41300000,1.62472200,1.32300000,1.19200000,3.60400000,1.26600000,123.08957780,110.33000000,128.52528240
2021-03-19,5.72806110,1.93098670,2.40500000,4.26700000,1.58686440,1.30400000,1.18600000,3.58900000,1.25500000,123.06528740,110.45200000,128.54700160
2021-03-22,5.79340020,1.95593340,2.40500000,4.30800000,1.59317400,1.28200000,1.17800000,3.57000000,1.27300000,123.08148100,110.54400000,128.56105520
2021-03-23,5.74181670,1.93350940,2.41600000,4.34900000,1.56583240,1.27500000,1.17800000,3.58500000,1.27700000,123.11083190,110.57400000,128.57127600
2021-03-24,5.65469790,1.91248690,2.40000000,4.35100000,1.53743920,1.25300000,1.17400000,3.57800000,1.26400000,123.26365900,110.70200000,128.57894160
2021-03-25,5.65011270,1.91697170,2.39900000,4.28500000,1.54059400,1.26600000,1.16800000,3.58900000,1.25000000,123.35980850,110.74700000,128.58149680
2021-03-26,5.76932790,1.94191840,2.42600000,4.32200000,1.56267760,1.28300000,1.18000000,3.57900000,1.26600000,123.19281200,110.66200000,128.59171760
2021-03-29,5.78079090,1.94191840,2.44400000,4.32200000,1.56478080,1.28600000,1.18500000,3.57900000,1.27300000,123.18269100,110.64200000,128.60066080
2021-03-30,5.83122810,1.94892590,2.46000000,4.33100000,1.58370960,1.29400000,1.19200000,3.53600000,1.26900000,123.37701420,110.72900000,128.60066080
2021-03-31,5.78881500,1.94612290,2.44800000,4.32900000,1.57424520,1.27800000,1.20200000,3.49500000,1.25600000,123.40940140,110.93400000,128.63132320
2021-04-01,5.85988560,1.95957730,2.47300000,4.43000000,1.59422560,1.28500000,1.20800000,3.56500000,1.25600000,123.37499000,110.81500000,128.64154400
2021-04-02,5.91605430,1.96406210,2.49700000,4.47900000,1.60158680,1.31000000,1.21500000,3.61200000,1.28500000,123.55919220,110.82100000,128.66454080
2021-04-06,5.88395790,1.96798630,2.53000000,4.54900000,1.59843200,1.30200000,1.23000000,3.59100000,1.28700000,123.48024840,110.79300000,128.67476160
2021-04-07,5.84383740,1.97106960,2.52600000,4.54500000,1.58055480,1.30700000,1.22800000,3.60700000,1.28600000,123.46304270,110.82800000,128.68626000
2021-04-08,5.85644670,1.97695590,2.53600000,4.59200000,1.60053520,1.31000000,1.23500000,3.61400000,1.29000000,123.30313090,110.72400000,128.68626000
2021-04-09,5.77505940,1.97022870,2.54100000,4.60500000,1.58581280,1.31300000,1.23500000,3.63100000,1.28300000,123.29908250,110.79800000,128.71181200
2021-04-12,5.67877020,1.93827450,2.55800000,4.63500000,1.57109040,1.30400000,1.26000000,3.61200000,1.26400000,123.52579290,111.02100000,128.72714320
2021-04-13,5.67074610,1.93210790,2.55700000,4.62500000,1.57529680,1.31100000,1.23700000,3.57500000,1.26500000,123.79298730,111.30000000,128.73353120
2021-04-14,5.70284250,1.94976680,2.56900000,4.68500000,1.59317400,1.31100000,1.24200000,3.61500000,1.27400000,123.75250330,111.37000000,128.73991920
2021-04-15,5.67074610,1.95172890,2.56400000,4.63800000,1.58476120,1.31000000,1.23800000,3.61200000,1.29800000,123.75857590,111.21500000,128.75525040
2021-04-16,5.68908690,1.97611500,2.58300000,4.68100000,1.59632880,1.31200000,1.24200000,3.64300000,1.30400000,123.81930190,111.57300000,128.76036080
2021-04-19,5.83352070,1.99629660,2.58000000,4.69000000,1.60474160,1.31200000,1.25500000,3.67000000,1.31800000,123.74035810,111.51500000,128.75908320
2021-04-20,5.82435030,2.00022080,2.56000000,4.62000000,1.59843200,1.28900000,1.24600000,3.63500000,1.31000000,123.80209620,111.59900000,128.77696960
2021-04-21,5.83810590,1.99489510,2.54300000,4.58500000,1.57003880,1.27200000,1.23300000,3.67300000,1.29400000,124.03791550,111.60500000,128.78208000
2021-04-22,5.83352070,2.00218290,2.55800000,4.62700000,1.57634840,1.29600000,1.24000000,3.67600000,1.29700000,123.93872970,111.53800000,128.79102320
2021-04-23,5.89198200,2.01199340,2.53500000,4.57200000,1.59001920,1.29000000,1.23600000,3.66800000,1.30600000,124.23122660,111.82500000,128.80890960
2021-04-26,5.81861880,2.00358440,2.56000000,4.61900000,1.59107080,1.29500000,1.24700000,3.64900000,1.32900000,124.06423010,111.69800000,128.81018720
2021-04-27,5.83352070,2.00302380,2.57300000,4.65600000,1.58581280,1.28500000,1.25600000,3.65300000,1.35100000,123.96504430,111.59700000,128.81785280
2021-04-28,5.87708010,2.01759940,2.56900000,4.64000000,1.59001920,1.27800000,1.24400000,3.63200000,1.33500000,123.87901580,111.30400000,128.82296320
2021-04-29,5.92980990,2.01816000,2.58000000,4.65300000,1.60158680,1.27800000,1.24500000,3.64300000,1.36000000,123.93366920,111.44900000,128.85490320
2021-04-30,5.87822640,2.02124330,2.58000000,4.61900000,1.57740000,1.26800000,1.23600000,3.62500000,1.35300000,124.08346000,111.66000000,128.88301040
2021-05-06,5.80142430,2.01479640,2.56600000,4.51200000,1.56688400,1.28500000,1.22800000,3.67600000,1.37700000,124.11685930,111.63800000,128.87917760
2021-05-07,5.73150000,2.00610710,2.57900000,4.50200000,1.56267760,1.28200000,1.23000000,3.71700000,1.40400000,124.07030270,111.61600000,128.90472960
2021-05-10,5.73035370,2.01227370,2.58500000,4.53700000,1.55321320,1.28300000,1.24000000,3.73000000,1.44700000,124.13406500,111.61800000,128.91750560
2021-05-11,5.76015750,2.00666770,2.54600000,4.40500000,1.52902640,1.25000000,1.23000000,3.72500000,1.41300000,124.37899320,111.84200000,128.93155920
2021-05-12,5.79569280,2.02881140,2.52700000,4.40600000,1.53323280,1.23600000,1.22300000,3.73200000,1.42200000,124.38709000,111.82200000,128.93666960
2021-05-13,5.73264630,2.00638740,2.48000000,4.34600000,1.51956200,1.21800000,1.21200000,3.71700000,1.39300000,124.21098460,111.74600000,128.93922480
2021-05-14,5.87708010,2.03750070,2.51800000,4.39400000,1.52797480,1.22000000,1.23400000,3.73900000,1.37500000,124.22414190,111.80100000,128.92133840
2021-05-17,5.94700440,2.04787180,2.53800000,4.43900000,1.53849080,1.21400000,1.24400000,3.77700000,1.38800000,124.37393270,111.77200000,128.94816800
2021-05-18,5.94929700,2.05347780,2.54500000,4.45300000,1.55321320,1.23400000,1.25200000,3.80200000,1.41500000,124.34255760,111.72200000,128.97116480
2021-05-19,5.93324880,2.05011420,2.50400000,4.37100000,1.54690360,1.21900000,1.24200000,3.81200000,1.38800000,124.54801390,111.96800000,128.98138560
2021-05-20,5.94929700,2.04254610,2.50100000,4.38200000,1.55005840,1.22400000,1.23500000,3.81100000,1.37200000,124.72007090,112.18100000,128.97883040
2021-05-21,5.88625050,2.03469770,2.53300000,4.47000000,1.54795520,1.23400000,1.25000000,3.81600000,1.35200000,124.84354710,112.50000000,129.00182720
2021-05-24,5.91834690,2.04058400,2.53700000,4.44800000,1.54480040,1.23600000,1.25300000,3.82800000,1.33200000,124.86986170,112.60000000,129.01715840
2021-05-25,6.10634010,2.06244740,2.55100000,4.51600000,1.56793560,1.23900000,1.26200000,3.81200000,1.34300000,124.65732070,112.54100000,128.99288400
2021-05-26,6.10748640,2.06553070,2.54000000,4.51000000,1.58265800,1.23900000,1.25700000,3.85200000,1.34200000,124.71602250,112.71500000,129.02354640
2021-05-27,6.12926610,2.08262900,2.52200000,4.48500000,1.57740000,1.22700000,1.24400000,3.82900000,1.35000000,124.62392140,112.47100000,129.01971360
2021-05-28,6.11207160,2.08178810,2.53700000,4.48300000,1.57845160,1.24300000,1.24300000,3.80000000,1.37900000,124.62189720,112.47900000,129.04526560
2021-05-31,6.11894940,2.09636370,2.53200000,4.47500000,1.56898720,1.23400000,1.24300000,3.82800000,1.38900000,124.38911420,112.39200000,129.04526560
2021-06-01,6.12811980,2.09972730,2.53400000,4.48300000,1.59212240,1.23700000,1.25200000,3.85300000,1.38900000,124.56015910,112.50000000,129.05931920
2021-06-02,6.07882890,2.08683350,2.53300000,4.46200000,1.58791600,1.24000000,1.25300000,3.79300000,1.38400000,124.47311850,112.65800000,129.07209520
2021-06-03,6.03183060,2.08262900,2.53700000,4.47300000,1.57214200,1.24400000,1.25900000,3.77400000,1.37400000,124.45388860,112.74500000,129.07848320
2021-06-04,6.06965850,2.09243950,2.53300000,4.43900000,1.57424520,1.23800000,1.25200000,3.73200000,1.34900000,124.50348150,112.55200000,129.10531280
2021-06-07,6.06278070,2.09804550,2.55700000,4.50100000,1.56478080,1.24600000,1.25800000,3.75700000,1.35100000,124.36279960,112.37400000,129.11553360
2021-06-08,6.01463610,2.09047740,2.55700000,4.51700000,1.55952280,1.24600000,1.26000000,3.77800000,1.34800000,124.38304160,112.36600000,129.12958720
2021-06-09,6.02380650,2.08851530,2.55800000,4.52300000,1.55952280,1.24100000,1.25900000,3.77500000,1.36200000,124.34660600,112.37800000,129.12064400
2021-06-10,6.06278070,2.11514380,2.54900000,4.50900000,1.55847120,1.24100000,1.25300000,3.76400000,1.35600000,124.37494480,112.38200000,129.12319920
2021-06-11,6.00661200,2.10477270,2.55700000,4.56300000,1.56478080,1.24400000,1.25300000,3.79500000,1.37800000,124.19681520,112.27500000,129.14619600
2021-06-15,5.93898030,2.07926540,2.57300000,4.63300000,1.55847120,1.26300000,1.26300000,3.73000000,1.35000000,124.17454900,112.08700000,129.16536000
2021-06-16,5.85759300,2.05403840,2.56400000,4.60300000,1.55005840,1.25500000,1.26000000,3.72900000,1.32500000,124.42453770,112.21700000,129.18452400
2021-06-17,5.87020230,2.06665190,2.55100000,4.58800000,1.55216160,1.24300000,1.24700000,3.66700000,1.33300000,124.35976330,112.05800000,129.20624320
2021-06-18,5.87593380,2.08739410,2.56300000,4.68400000,1.57424520,1.24800000,1.24600000,3.62500000,1.30400000,124.45591280,112.23200000,129.20879840
2021-06-21,5.86790970,2.09552280,2.52900000,4.64100000,1.56162600,1.21700000,1.22100000,3.62800000,1.29700000,124.71804670,112.35800000,129.20624320
2021-06-22,5.89771350,2.10785600,2.57700000,4.67100000,1.55952280,1.24500000,1.24300000,3.64100000,1.31500000,124.65124810,112.29900000,129.20879840
2021-06-23,5.93324880,2.12495430,2.60000000,4.74300000,1.58686440,1.24500000,1.25100000,3.64500000,1.33400000,124.61987300,112.27300000,129.21646400
2021-06-24,5.94815070,2.11738620,2.59600000,4.74200000,1.58791600,1.24200000,1.24200000,3.62800000,1.33300000,124.53586870,112.32800000,129.23051760
2021-06-25,6.04100100,2.13420420,2.60300000,4.75600000,1.60158680,1.24600000,1.24300000,3.62400000,1.34500000,124.58040110,112.44300000,129.24457120
2021-06-28,6.05131770,2.13560570,2.60800000,4.76700000,1.60474160,1.24500000,1.23900000,3.62900000,1.34100000,124.72209510,112.40200000,129.23690560
2021-06-29,5.98941750,2.11934830,2.60900000,4.80300000,1.58581280,1.23900000,1.23600000,3.61600000,1.33800000,124.87087380,112.54700000,129.26501280
2021-06-30,6.02495280,2.12971940,2.61600000,4.83700000,1.58265800,1.23900000,1.24000000,3.58400000,1.34600000,125.01762830,112.72000000,129.28289920
2021-07-01,6.02266020,2.10589390,2.62300000,4.82700000,1.57634840,1.22800000,1.23600000,3.62900000,1.33800000,124.97916850,112.81100000,129.32378240
2021-07-02,5.86103190,2.08795470,2.64500000,4.82800000,1.55741960,1.22800000,1.23700000,3.63200000,1.33700000,124.96095070,112.86600000,129.32122720
2021-07-05,5.86905600,2.10056820,2.65900000,4.88300000,1.54480040,1.22500000,1.23700000,3.64500000,1.36100000,124.97613220,112.86100000,129.33144800
2021-07-06,5.87708010,2.10028790,2.66400000,4.88700000,1.54269720,1.23100000,1.24100000,3.67900000,1.37200000,125.01256780,112.90000000,129.33655840
2021-07-07,5.93783400,2.11934830,2.66000000,4.91900000,1.53638760,1.22200000,1.23200000,3.67600000,1.35900000,125.15122550,113.03000000,129.33911360
2021-07-08,5.88739680,2.11626500,2.65200000,4.91000000,1.50168480,1.21800000,1.23200000,3.67000000,1.35300000,125.33542770,113.40000000,129.35061200
2021-07-09,5.85988560,2.13448450,2.65400000,4.90300000,1.51325240,1.22100000,1.22900000,3.68000000,1.36100000,125.38603270,113.60600000,129.36722080
2021-07-12,5.93783400,2.16475690,2.67700000,4.93400000,1.51956200,1.23500000,1.23800000,3.67400000,1.36100000,125.41133520,113.64000000,129.37105360
2021-07-13,5.95617480,2.18521880,2.67500000,4.94000000,1.53954240,1.23600000,1.24600000,3.68900000,1.36600000,125.71496520,114.13200000,129.38255200
2021-07-14,5.89083570,2.17092350,2.67100000,4.93800000,1.53112960,1.23100000,1.23800000,3.69200000,1.36200000,125.78277590,114.33000000,129.41576960
2021-07-15,5.96878410,2.17596890,2.67400000,4.94800000,1.54690360,1.22300000,1.24000000,3.72100000,1.36700000,125.52266620,113.88600000,129.39021760
2021-07-16,5.91032280,2.17905220,2.66800000,4.90300000,1.54690360,1.21400000,1.23200000,3.71100000,1.38200000,125.60161000,113.94000000,129.41832480
2021-07-19,5.93554140,2.16671900,2.64600000,4.87400000,1.52271680,1.20300000,1.22100000,3.67900000,1.38100000,125.61577940,113.89500000,129.42471280
2021-07-20,5.92063950,2.16924170,2.63600000,4.86300000,1.50904600,1.19900000,1.20400000,3.70900000,1.36300000,125.70686840,114.10100000,129.42599040
2021-07-21,5.96534520,2.19671110,2.65500000,4.89300000,1.50063320,1.19900000,1.20100000,3.69500000,1.35900000,125.82528410,114.18000000,129.43365600
2021-07-22,5.97107670,2.20624130,2.67100000,4.93800000,1.52271680,1.20800000,1.21900000,3.66700000,1.37000000,125.84552610,114.15000000,129.43493360
2021-07-23,5.91146910,2.20203680,2.67100000,4.93800000,1.50904600,1.21400000,1.21900000,3.68400000,1.39400000,125.89107060,114.20300000,129.44643200
2021-07-26,5.71086660,2.16139330,2.69300000,5.04100000,1.45646600,1.20400000,1.22600000,3.69300000,1.40800000,126.20988210,114.36100000,129.46431840
2021-07-27,5.51255670,2.12018920,2.70600000,5.03000000,1.39337000,1.20900000,1.22700000,3.66200000,1.41400000,126.36675760,114.41700000,129.47453920
2021-07-28,5.52401970,2.08823500,2.70300000,4.98000000,1.40073120,1.20300000,1.23400000,3.69800000,1.41100000,126.23012410,114.46100000,129.48220480
2021-07-29,5.62374780,2.12383310,2.69700000,4.99600000,1.44069200,1.20700000,1.23300000,3.70800000,1.41700000,126.15421660,114.36400000,129.48348240
2021-07-30,5.58477360,2.13056030,2.68000000,4.91200000,1.41966000,1.18600000,1.22600000,3.72000000,1.42300000,126.33639460,114.56400000,129.52947600
2021-08-02,5.72347590,2.15943120,2.70400000,4.98000000,1.44384680,1.20400000,1.23600000,3.68000000,1.42100000,126.68455700,114.85100000,129.51542240
2021-08-03,5.72576850,2.14429500,2.69100000,4.96800000,1.44069200,1.20200000,1.23000000,3.68100000,1.39500000,126.62484310,115.11500000,129.54225200
2021-08-04,5.77620570,2.17596890,2.70000000,5.00100000,1.45541440,1.19700000,1.23700000,3.68900000,1.39400000,126.54691140,114.94200000,129.53458640
2021-08-05,5.74181670,2.17344620,2.69400000,4.99600000,1.43753720,1.19700000,1.23500000,3.68500000,1.38300000,126.49630640,114.99700000,129.55375040
2021-08-06,5.72347590,2.18353700,2.70800000,5.03300000,1.44279520,1.20200000,1.24100000,3.66300000,1.40300000,126.53172990,115.01300000,129.59207840
2021-08-09,5.78652240,2.19222630,2.71500000,5.00800000,1.44805320,1.19900000,1.23900000,3.56800000,1.38800000,126.24024510,114.66400000,129.58824560
2021-08-10,5.85186150,2.20708220,2.71200000,5.03100000,1.46172400,1.20000000,1.23400000,3.55200000,1.39500000,126.12284150,114.55000000,129.58441280
2021-08-11,5.82091140,2.22390020,2.71600000,5.00600000,1.46487880,1.20500000,1.23400000,3.54800000,1.40000000,125.99936530,114.21700000,129.59591120
2021-08-12,5.78422980,2.23258950,2.71800000,4.99200000,1.45751760,1.20600000,1.24200000,3.58000000,1.41500000,126.10766000,114.38900000,129.62785120
2021-08-13,5.75327970,2.23315010,2.73600000,5.01000000,1.44805320,1.20500000,1.25000000,3.59100000,1.40500000,126.34246720,114.48500000,129.62912880
2021-08-16,5.74984080,2.22193810,2.72500000,5.02200000,1.43753720,1.19500000,1.25100000,3.62100000,1.40300000,126.33740670,114.47900000,129.62401840
2021-08-17,5.62145520,2.17288560,2.73100000,5.03900000,1.41545360,1.19000000,1.25200000,3.65800000,1.41100000,126.53780250,114.53000000,129.63040640
2021-08-18,5.68220910,2.18213550,2.72900000,5.00900000,1.42386640,1.19800000,1.25000000,3.66000000,1.39400000,126.61573420,114.78400000,129.63423920
2021-08-19,5.64323490,2.18690060,2.68500000,4.92200000,1.39757640,1.18200000,1.23100000,3.64800000,1.37000000,126.60156480,114.83300000,129.63807200
2021-08-20,5.54006790,2.17737040,2.70000000,4.96800000,1.37549280,1.17400000,1.22900000,3.65900000,1.36300000,126.68050860,114.80500000,129.66362400
2021-08-23,5.62260150,2.20876400,2.73800000,5.05000000,1.38811200,1.19300000,1.24600000,3.65200000,1.37800000,126.60561320,114.75600000,129.65340320
2021-08-24,5.68220910,2.23202890,2.75300000,5.12300000,1.41019560,1.20200000,1.24900000,3.67900000,1.39000000,126.55298400,114.88200000,129.65595840
2021-08-25,5.69825730,2.24996810,2.74400000,5.11800000,1.41124720,1.20200000,1.24500000,3.65800000,1.40300000,126.59852850,114.89500000,129.67640000
2021-08-26,5.60082180,2.24043790,2.74600000,5.11100000,1.39652480,1.19800000,1.24000000,3.64500000,1.39300000,126.28680170,114.50400000,129.68406560
2021-08-27,5.61572370,2.25753620,2.74800000,5.11500000,1.39862800,1.19600000,1.24500000,3.68200000,1.40400000,126.32526150,114.60600000,129.69300880
2021-08-30,5.59509030,2.27323300,2.75800000,5.15400000,1.40073120,1.20000000,1.24600000,3.69100000,1.43100000,126.37080600,114.63000000,129.70195200
2021-08-31,5.59279770,2.28220260,2.78000000,5.22400000,1.41650520,1.21500000,1.25400000,3.69000000,1.42700000,126.54589930,114.71800000,129.72111600
2021-09-01,5.67303870,2.26286190,2.77900000,5.20000000,1.43122760,1.22400000,1.25100000,3.69000000,1.40800000,126.61371000,115.00400000,129.73900240
2021-09-02,5.66845350,2.30378570,2.76200000,5.19300000,1.43648560,1.22800000,1.24600000,3.68700000,1.41900000,126.60662530,114.95000000,129.74794560
2021-09-03,5.63750340,2.29201310,2.77300000,5.18200000,1.42596960,1.25400000,1.25400000,3.68700000,1.40900000,126.64204880,115.00000000,129.78371840
2021-09-06,5.73379260,2.31191440,2.77000000,5.19500000,1.43858880,1.28200000,1.25300000,3.70800000,1.42300000,126.53679040,114.96200000,129.77349760
2021-09-07,5.80600950,2.36264870,2.77000000,5.20000000,1.45331120,1.28600000,1.25500000,3.69600000,1.41500000,126.43962880,114.90000000,129.78371840
2021-09-08,5.78193720,2.37778490,2.75700000,5.19300000,1.45015640,1.29400000,1.24700000,3.65300000,1.41500000,126.40420530,114.79000000,129.78755120
2021-09-09,5.77964460,2.39852710,2.74800000,5.16500000,1.42386640,1.28600000,1.22400000,3.63900000,1.44000000,126.41837470,114.74700000,129.79649440
2021-09-10,5.83581330,2.39768620,2.74900000,5.14800000,1.43543400,1.30500000,1.23100000,3.66000000,1.45700000,126.41635050,114.74300000,129.81310320
2021-09-13,5.80486320,2.40581490,2.72900000,5.12200000,1.41545360,1.31000000,1.22500000,3.64200000,1.47900000,126.36979390,114.59200000,129.81310320
2021-09-14,5.72920740,2.37918640,2.72800000,5.09200000,1.39862800,1.31500000,1.23100000,3.64600000,1.44400000,126.30198320,114.47700000,129.83354480
2021-09-15,5.66845350,2.38927720,2.71100000,5.08100000,1.37969920,1.31500000,1.22700000,3.65900000,1.44200000,126.32526150,114.35200000,129.83610000
2021-09-16,5.60426070,2.34583070,2.72100000,5.10600000,1.35446080,1.30700000,1.22300000,3.62800000,1.43900000,126.15826500,114.48600000,129.84632080
2021-09-17,5.64896640,2.32677030,2.73600000,5.13500000,1.37233800,1.31200000,1.22800000,3.59200000,1.44100000,126.26757180,114.63900000,129.88081600
2021-09-22,5.61113850,2.34975490,2.68000000,5.00900000,1.35866720,1.28700000,1.20900000,3.64000000,1.45000000,126.33133410,114.73600000,129.87442800
2021-09-23,5.64438120,2.36264870,2.70100000,5.05500000,1.35340920,1.29900000,1.21500000,3.60500000,1.45100000,126.49833060,114.73800000,129.88209360
2021-09-24,5.65240530,2.32761120,2.71800000,5.06500000,1.34604800,1.29600000,1.22000000,3.58600000,1.45900000,126.48719750,114.71300000,129.90381280
2021-09-27,5.68908690,2.26342250,2.73500000,5.09600000,1.33868680,1.29300000,1.21500000,3.59000000,1.43500000,126.48314910,114.78100000,129.90892320
2021-09-28,5.67877020,2.26482400,2.70900000,5.00500000,1.35866720,1.27800000,1.20600000,3.56200000,1.43300000,126.50136690,114.71400000,129.93447520
2021-09-29,5.64094230,2.21380940,2.66800000,4.93400000,1.36077040,1.26200000,1.19300000,3.55700000,1.42800000,126.80702110,114.92800000,129.95874960
2021-09-30,5.65699050,2.23371070,2.68300000,4.94400000,1.35656400,1.26000000,1.19200000,3.54300000,1.41300000,126.86572290,114.93000000,130.04818160
2021-10-08,5.73837780,2.23062740,2.68100000,4.93700000,1.36287360,1.20000000,1.17000000,3.58700000,1.44100000,126.66229080,114.70200000,130.02518480
2021-10-11,5.73723150,2.22866530,2.66500000,4.88100000,1.39231840,1.20500000,1.16800000,3.57300000,1.47000000,126.50237900,114.62000000,130.03285040
2021-10-12,5.67762390,2.18577940,2.63800000,4.84000000,1.37444120,1.18900000,1.15700000,3.59100000,1.46300000,126.31615260,114.39500000,130.04818160
2021-10-13,5.74181670,2.19558990,2.65200000,4.85200000,1.37864760,1.18500000,1.16000000,3.59000000,1.47000000,126.26959600,114.37000000,130.06479040
2021-10-14,5.71086660,2.20371860,2.67600000,4.91700000,1.37969920,1.19500000,1.17500000,3.63600000,1.52300000,126.29894690,114.43200000,130.09545280
2021-10-15,5.73837780,2.21493060,2.71000000,4.98600000,1.38706040,1.20900000,1.19100000,3.62900000,1.53600000,126.27971700,114.41700000,130.10311840
2021-10-18,5.67189240,2.22165780,2.71000000,4.98200000,1.38706040,1.20100000,1.18600000,3.58000000,1.60300000,125.89714320,114.00900000,130.08139920
2021-10-19,5.72576850,2.23903640,2.72800000,5.03900000,1.41019560,1.21000000,1.18900000,3.59400000,1.59500000,125.88499800,113.94100000,130.07501120
2021-10-20,5.70972030,2.23819550,2.73500000,5.04800000,1.42702120,1.20400000,1.18400000,3.58400000,1.52400000,125.92548200,114.04400000,130.09289760
2021-10-21,5.73493890,2.23230920,2.73500000,5.04700000,1.41755680,1.18900000,1.18100000,3.60100000,1.52100000,126.10563580,114.17300000,130.09545280
2021-10-22,5.77276680,2.21521090,2.74700000,5.06500000,1.42491800,1.19500000,1.18500000,3.61500000,1.49900000,125.95888130,114.22300000,130.11717200
2021-10-25,5.79225390,2.23371070,2.74700000,5.04000000,1.42702120,1.18700000,1.19100000,3.60600000,1.50100000,125.98620800,114.21100000,130.12994800
2021-10-26,5.77276680,2.23707430,2.76600000,5.10300000,1.41755680,1.20400000,1.19200000,3.62100000,1.49900000,126.08033330,114.31600000,130.13889120
2021-10-27,5.69711100,2.21717300,2.76400000,5.09500000,1.39547320,1.20200000,1.19500000,3.59400000,1.46800000,126.11676890,114.37100000,130.15677760
2021-10-28,5.67303870,2.19082480,2.75300000,5.11600000,1.39547320,1.19600000,1.19000000,3.62900000,1.44700000,126.09652690,114.39300000,130.13378080
2021-10-29,5.70972030,2.21296850,2.75800000,5.12200000,1.38495720,1.19900000,1.19500000,3.60900000,1.44000000,126.19470060,114.52300000,130.15933280
2021-11-01,5.69137950,2.22137750,2.79200000,5.20800000,1.37233800,1.22200000,1.19700000,3.59400000,1.45800000,126.28680170,114.67200000,130.16444320
2021-11-02,5.63177190,2.19979440,2.78600000,5.21800000,1.36918320,1.22300000,1.20100000,3.61700000,1.44600000,126.38902380,114.91400000,130.17466400
2021-11-03,5.60884590,2.20708220,2.80500000,5.24300000,1.36287360,1.22100000,1.21200000,3.58900000,1.47300000,126.48820960,115.10500000,130.18232960
2021-11-04,5.66272200,2.22502140,2.82000000,5.31500000,1.36708000,1.23300000,1.22000000,3.57500000,1.45300000,126.44367720,115.03500000,130.19127280
2021-11-05,5.64323490,2.20680190,2.83200000,5.38000000,1.36077040,1.23100000,1.21700000,3.62400000,1.41700000,126.57322600,115.10900000,130.20149360
2021-11-08,5.63864970,2.21352910,2.83500000,5.36200000,1.35235760,1.22400000,1.21200000,3.66000000,1.42600000,126.68759330,115.19100000,130.21171440
2021-11-09,5.63635710,2.22754410,2.83400000,5.36800000,1.35235760,1.22400000,1.21600000,3.67100000,1.43700000,126.57828650,115.11400000,130.22449040
2021-11-10,5.60769960,2.22193810,2.82200000,5.31600000,1.35130600,1.21600000,1.21400000,3.66900000,1.42900000,126.74325880,114.99700000,130.24365440
2021-11-11,5.69940360,2.24043790,2.81500000,5.27200000,1.37969920,1.21600000,1.20700000,3.72100000,1.45400000,126.70783530,114.79400000,130.23471120
2021-11-12,5.69711100,2.25277110,2.81300000,5.27000000,1.37864760,1.22700000,1.20600000,3.72200000,1.45500000,126.56816550,114.86900000,130.24365440
2021-11-15,5.69023320,2.23623340,2.83200000,5.33600000,1.37864760,1.23200000,1.20800000,3.71600000,1.44200000,126.66330290,115.05300000,130.26154080
2021-11-16,5.68564800,2.22109720,2.82400000,5.30400000,1.39547320,1.22700000,1.20400000,3.73200000,1.42600000,126.71188370,115.19100000,130.27687200
2021-11-17,5.68450170,2.23427130,2.84300000,5.34700000,1.39442160,1.22000000,1.20100000,3.72000000,1.42000000,126.71390790,115.06600000,130.28581520
2021-11-18,5.63406450,2.23399100,2.83300000,5.35900000,1.37654440,1.22000000,1.20300000,3.73500000,1.40100000,126.79690010,115.29000000,130.30242400
2021-11-19,5.69711100,2.26061950,2.85100000,5.43300000,1.36497680,1.22700000,1.21100000,3.73000000,1.44000000,126.72301680,115.14400000,130.30753440
2021-11-22,5.71201290,2.28024050,2.84700000,5.44800000,1.35971880,1.22800000,1.19700000,3.69600000,1.44300000,126.77159760,115.21700000,130.31392240
2021-11-23,5.71545180,2.28556620,2.82200000,5.35900000,1.34815120,1.21700000,1.18500000,3.63200000,1.45700000,126.77362180,115.22400000,130.32158800
2021-11-24,5.72806110,2.28360410,2.83200000,5.36800000,1.35235760,1.20400000,1.18300000,3.61300000,1.47100000,126.86572290,115.25300000,130.32797600
2021-11-25,5.70628140,2.28220260,2.85100000,5.39500000,1.35025440,1.20800000,1.17700000,3.61100000,1.49300000,126.93758200,115.33000000,130.33819680
2021-11-26,5.65813680,2.27575570,2.80800000,5.34000000,1.32080960,1.18800000,1.16100000,3.62800000,1.45500000,127.19465540,115.60900000,130.35736080
2021-11-29,5.65011270,2.27799810,2.80600000,5.32200000,1.30188080,1.18100000,1.14600000,3.61400000,1.45300000,127.02968310,115.55300000,130.34330720
2021-11-30,5.62947930,2.28248290,2.78900000,5.34600000,1.26928120,1.17300000,1.12900000,3.60500000,1.43900000,127.04790090,115.41800000,130.36119360
2021-12-01,5.64438120,2.29425550,2.77800000,5.35000000,1.29136480,1.16300000,1.13600000,3.59100000,1.44500000,126.98818700,115.32000000,130.38419040
2021-12-02,5.65584420,2.28052080,2.74000000,5.23000000,1.29346800,1.16000000,1.13900000,3.57500000,1.43000000,126.92138840,115.44000000,130.38802320
2021-12-03,5.70742770,2.30182360,2.75800000,5.22600000,1.29241640,1.16700000,1.13900000,3.56600000,1.44200000,126.74528300,115.39400000,130.40335440
2021-12-06,5.70169620,2.28360410,2.75000000,5.15300000,1.27033280,1.16700000,1.13000000,3.59200000,1.42100000,126.99932010,115.54500000,130.41996320
2021-12-07,5.73379260,2.26958910,2.78300000,5.22000000,1.29872600,1.18600000,1.15100000,3.58400000,1.44200000,126.94163040,115.43200000,130.44040480
2021-12-08,5.81632620,2.30294480,2.82600000,5.35000000,1.30188080,1.19500000,1.16300000,3.58900000,1.44800000,126.97300550,115.45700000,130.42890640
2021-12-09,5.91261540,2.30518720,2.82600000,5.32900000,1.31134520,1.18700000,1.15900000,3.57500000,1.44800000,126.92746100,115.31600000,130.42635120
2021-12-10,5.89542090,2.30434630,2.81300000,5.28000000,1.30293240,1.17900000,1.14800000,3.56500000,1.45000000,127.00741690,115.48600000,130.45190320
2021-12-13,5.91032280,2.30939170,2.84500000,5.34600000,1.30503560,1.18700000,1.16000000,3.58500000,1.45400000,127.00336850,115.32000000,130.46340160
2021-12-14,5.87478750,2.30378570,2.81200000,5.26100000,1.28295200,1.17800000,1.15300000,3.58800000,1.44400000,127.20275220,115.61900000,130.48001040
2021-12-15,5.82205770,2.30098270,2.79700000,5.21700000,1.27243600,1.17800000,1.14300000,3.55200000,1.42500000,127.21388530,115.54700000,130.48512080
2021-12-16,5.85300780,2.32200520,2.85600000,5.34700000,1.26928120,1.19900000,1.16000000,3.58400000,1.43100000,127.17441340,115.48200000,130.49023120
2021-12-17,5.76932790,2.30574780,2.80700000,5.19100000,1.26192000,1.18200000,1.15100000,3.62900000,1.45900000,127.35254300,115.60000000,130.51833840
2021-12-20,5.68335540,2.26958910,2.76200000,5.11300000,1.23878480,1.16200000,1.12600000,3.62400000,1.43500000,127.32825260,115.55500000,130.52472640
2021-12-21,5.70742770,2.28668740,2.77700000,5.18000000,1.25140400,1.17900000,1.13900000,3.59900000,1.45400000,127.27663550,115.55400000,130.51578320
2021-12-22,5.71086660,2.29621760,2.80000000,5.20600000,1.25035240,1.17600000,1.14200000,3.59100000,1.46200000,127.35153090,115.67000000,130.53622480
2021-12-23,5.75442600,2.30911140,2.83000000,5.27600000,1.26297160,1.18300000,1.15600000,3.62700000,1.47900000,127.38189390,115.88900000,130.54133520
2021-12-24,5.72806110,2.29565700,2.84600000,5.30700000,1.26402320,1.18100000,1.16700000,3.63300000,1.47900000,127.37278500,115.88900000,130.56433200
2021-12-27,5.73264630,2.29061160,2.85100000,5.33100000,1.26086840,1.17900000,1.16100000,3.63000000,1.46600000,127.48512810,116.07100000,130.56688720
2021-12-28,5.76245010,2.29229340,2.88200000,5.40500000,1.26507480,1.18800000,1.17300000,3.64200000,1.48000000,127.54585410,116.03100000,130.57966320
2021-12-29,5.68564800,2.28640710,2.88800000,5.40200000,1.25140400,1.18300000,1.18200000,3.62500000,1.47600000,127.57722920,116.01500000,130.58477360
2021-12-30,5.72691480,2.30294480,2.88700000,5.37200000,1.25771360,1.17900000,1.17300000,3.60600000,1.48500000,127.90110120,116.22700000,130.59116160
2021-12-31,5.74067040,2.31471740,2.87900000,5.36400000,1.27453920,1.17900000,1.17200000,3.64300000,1.49200000,128.00939590,116.19500000,130.66051500
2022-01-04,5.72003700,2.31667950,2.89700000,5.40600000,1.26612640,1.19100000,1.20000000,3.62000000,1.47400000,127.94765780,116.35500000,130.65138000
2022-01-05,5.66616090,2.27127090,2.88600000,5.29700000,1.25140400,1.19000000,1.19400000,3.63500000,1.48600000,127.81102430,116.32000000,130.64485500
2022-01-06,5.60196810,2.27407390,2.81700000,5.15100000,1.24193960,1.15800000,1.18400000,3.61400000,1.47900000,127.74118940,116.18100000,130.66443000
2022-01-07,5.61572370,2.26258160,2.83500000,5.18800000,1.27348760,1.15800000,1.18600000,3.59200000,1.48800000,127.75131040,116.20300000,130.69053000
2022-01-10,5.63062560,2.26286190,2.81600000,5.14200000,1.29031320,1.15800000,1.18300000,3.59900000,1.49300000,127.89705280,116.31900000,130.69966500
2022-01-11,5.57904210,2.24968780,2.80400000,5.10100000,1.28505520,1.15300000,1.17700000,3.62900000,1.49700000,128.07113400,116.29800000,130.71663000
2022-01-12,5.63864970,2.26510430,2.83600000,5.19200000,1.32186120,1.17400000,1.19400000,3.64600000,1.53100000,128.11971480,116.25100000,130.72185000
2022-01-13,5.54579940,2.23987730,2.82900000,,1.31975800,1.17000000,1.19900000,3.65400000,1.52800000,128.10453330,116.38100000,130.72968000
2022-01-14,5.49536220,2.22922590,2.80200000,5.07692850,1.31765480,1.16100000,1.19500000,3.65000000,1.53600000,128.40411490,116.53400000,130.75056000
2022-01-17,5.54236050,2.25136960,2.79400000,5.07192660,1.30819040,1.15900000,1.18300000,3.63500000,1.51700000,128.36666720,116.56100000,130.76491500
2022-01-18,5.59509030,2.25529380,2.78300000,5.04191520,1.30398400,1.15200000,1.18000000,3.62900000,1.53100000,128.73709580,116.83800000,130.77405000
2022-01-19,5.56487600,2.24240000,2.73900000,4.93187340,1.30188080,1.13200000,1.15700000,3.62500000,1.52800000,128.67636980,117.14500000,130.76230500
2022-01-20,5.60911560,2.22474110,2.72400000,4.94687910,1.34499640,1.13900000,1.17000000,3.67400000,1.57100000,128.65410360,117.01300000,130.75578000
2022-01-21,5.56953280,2.20119590,2.67000000,4.80182400,1.34604800,1.13400000,1.15900000,3.67200000,1.56500000,128.96785460,117.30600000,130.79101500
2022-01-24,5.57186120,2.19839290,2.63800000,4.75680690,1.33658360,1.13300000,1.14500000,3.66200000,1.55500000,129.42228750,117.61200000,130.79232000
2022-01-25,5.44845600,2.12635580,2.60500000,4.65176700,1.31029360,1.11200000,1.11600000,3.67100000,1.51600000,129.38888820,117.59000000,130.80928500
2022-01-26,5.47872520,2.13420420,2.60100000,4.62675750,1.31134520,1.10900000,1.11800000,3.67400000,1.53900000,128.79883390,117.07100000,130.82233500
2022-01-27,5.38442500,2.08318960,2.55200000,4.52671950,1.27559080,1.07200000,1.10500000,3.60600000,1.54000000,128.74519260,116.99400000,130.84843500
2022-01-28,5.30176680,2.06889430,2.59700000,4.59674610,1.27979720,1.08700000,1.13200000,3.59400000,1.54200000,129.00631440,117.03900000,130.93065000
2022-02-07,5.38558920,2.09860610,2.69300000,4.78181640,1.32711920,1.10900000,1.12900000,3.62000000,1.55700000,128.89397130,117.03700000,130.96327500
2022-02-08,5.35997680,2.12355280,2.68700000,4.75180500,1.32080960,1.11100000,1.13200000,3.64100000,1.56500000,129.04679840,117.16700000,130.96588500
2022-02-09,5.40538060,2.15270400,2.72200000,4.83183540,1.34499640,1.12400000,1.14500000,3.65800000,1.56300000,129.11460910,117.17300000,130.93717500
2022-02-10,5.39257440,2.15242370,2.75400000,4.90186200,1.34604800,1.12400000,1.14900000,3.66500000,1.60800000,129.23201270,117.19700000,130.92673500
2022-02-11,5.35066320,2.12663610,2.67900000,4.76180880,1.34184160,1.11300000,1.13100000,3.64500000,1.57600000,128.68446660,116.76100000,130.94761500
2022-02-14,5.29361740,2.10841660,2.65500000,4.66677270,1.33237720,1.10200000,1.12300000,3.70500000,1.58000000,128.57212350,116.53500000,130.95022500
2022-02-15,5.34251380,2.12691640,2.63800000,4.66677270,1.31450000,1.09100000,1.11100000,3.74200000,1.57700000,128.57414770,116.62500000,130.96719000
2022-02-16,5.36696200,2.13140120,2.67100000,4.74680310,1.33132560,1.11000000,1.13600000,3.69200000,1.57900000,128.67232140,116.67200000,130.97241000
2022-02-17,5.37860400,2.13196180,2.66400000,4.71178980,1.33027400,1.10400000,1.12400000,3.72600000,1.57500000,128.68345450,116.75100000,130.97763000
2022-02-18,5.40654480,2.15102220,2.62800000,4.66677270,1.32606760,1.10100000,1.12600000,3.76000000,1.60000000,128.60451070,116.73600000,130.99459500
2022-02-21,5.38675340,2.16055240,2.61700000,4.65676890,1.30503560,1.09600000,1.11400000,3.75400000,1.59000000,128.31909850,116.52000000,130.99590000
2022-02-22,5.31690140,2.13644660,2.56100000,4.46669670,1.26822960,1.07900000,1.06700000,3.80100000,1.59300000,128.24926360,116.32400000,131.00112000
2022-02-23,5.37278300,2.16812050,2.57400000,4.54172520,1.27979720,1.08800000,1.08100000,3.77200000,1.59600000,128.38387290,116.52400000,131.00112000
2022-02-24,5.27382600,2.13084060,2.46500000,4.28662830,1.23878480,1.06400000,1.02100000,3.85300000,1.60700000,128.42840530,116.61500000,131.01156000
2022-02-25,5.31457300,2.14597680,2.53400000,4.47169860,1.22616560,1.07600000,1.03700000,3.80700000,1.58500000,128.50633700,116.68700000,131.02461000
2022-02-28,5.32155820,2.15690850,2.55300000,4.48170240,1.21564960,1.07500000,1.02200000,3.78700000,1.58800000,128.54985730,116.79400000,131.03244000
2022-03-01,5.36579780,2.16251450,2.60500000,4.59674610,1.22932040,1.09400000,1.04400000,3.78600000,1.59200000,128.32820740,116.52200000,131.04810000
2022-03-02,5.32505080,2.16335540,2.56600000,4.52671950,1.20303040,1.07300000,1.00300000,3.83700000,1.60700000,128.27051770,116.49900000,131.05984500
2022-03-03,5.29128900,2.16083270,2.61200000,4.60174800,1.20723680,1.07600000,1.00700000,3.82700000,1.64000000,128.27659030,116.26700000,131.07811500
2022-03-04,5.23191480,2.14597680,2.58800000,4.51171380,1.17674040,1.05700000,0.96200000,3.84100000,1.64100000,128.21586430,116.22100000,131.09247000
2022-03-07,5.05961320,2.09692430,2.55400000,4.40667390,1.13888280,1.02800000,0.90500000,3.92600000,1.72000000,128.48407080,116.38400000,131.10291000
2022-03-08,4.96414880,2.01928120,2.47300000,4.26161880,1.11574760,1.00600000,0.88700000,4.01500000,1.82000000,128.61260750,116.49500000,131.11074000
2022-03-09,4.91758080,1.98424370,2.50000000,4.31163780,1.10207680,1.00400000,0.92300000,4.06100000,1.75800000,128.33428000,116.12500000,131.12379000
2022-03-10,4.98743280,2.01591760,2.54500000,4.42167960,1.11574760,1.04100000,0.98300000,3.93100000,1.65900000,128.38690920,116.34500000,131.12379000
2022-03-11,5.02003040,2.04450820,2.54400000,4.39667010,1.10628320,1.02000000,0.96500000,3.93700000,1.66400000,128.61665590,116.61800000,131.14336500
2022-03-14,4.85704240,1.99097090,2.53700000,4.34164920,1.05896120,1.01300000,0.98200000,3.91700000,1.64000000,128.98202400,117.18800000,131.16424500
2022-03-15,4.62536660,1.87352520,2.50300000,4.25661690,0.99586520,1.01100000,0.98300000,3.83200000,1.61500000,128.51038540,116.84900000,131.15902500
2022-03-16,4.82677320,1.93939570,2.57000000,4.41667770,1.07999320,1.02700000,1.01300000,3.79600000,1.66500000,128.44561100,116.73200000,131.14597500
2022-03-17,4.92456600,1.97106960,2.62000000,4.55172900,1.14203760,1.05100000,1.04000000,3.84500000,1.65300000,128.46990140,116.65000000,131.15902500
2022-03-18,4.95716360,1.99125120,2.63800000,4.55172900,1.15886320,1.06000000,1.03400000,3.85100000,1.68700000,128.64297050,116.82800000,131.16816000
2022-03-21,4.95017840,1.99881930,2.67500000,4.65176700,1.14308920,1.06800000,1.02500000,3.84100000,1.67100000,128.59236550,116.68500000,131.20861500
2022-03-22,4.94552160,1.99937990,2.67800000,4.66177080,1.16832760,1.06500000,1.02200000,3.86600000,1.66800000,128.44561100,116.62700000,131.19817500
2022-03-23,4.97462660,2.01283430,2.72200000,4.77681450,1.20092720,1.09200000,1.04600000,3.83500000,1.67300000,128.48710710,116.66700000,131.20600500
2022-03-24,4.94319320,1.99741780,2.68800000,4.73179740,1.18830800,1.09000000,1.01900000,3.88000000,1.74200000,128.59236550,116.69600000,131.23210500
2022-03-25,4.85354980,1.97191050,2.72900000,4.81682970,1.14939880,1.08900000,1.02300000,3.90700000,1.75300000,128.69863600,116.88600000,131.23993500
2022-03-28,4.82444480,1.97863770,2.73500000,4.79182020,1.16306960,1.07200000,1.01900000,3.87200000,1.72900000,128.70369650,116.91800000,131.23341000
2022-03-29,4.80348920,1.96798630,,4.89185820,1.17989520,1.07900000,1.04200000,3.84900000,1.72100000,128.64499470,116.96000000,131.25559500
2022-03-30,4.94668580,2.01059190,2.75887200,4.95188100,1.20303040,1.08700000,1.06800000,3.83900000,1.73200000,128.61463170,117.03700000,131.23471500
2022-03-31,4.91059560,1.99321330,2.75291760,4.91686770,1.18094680,1.07900000,1.06300000,3.83300000,1.70800000,128.51240960,116.88200000,131.29605000
2022-04-01,4.96996980,2.00694800,2.72116080,4.86684870,1.17989520,1.07600000,1.04100000,3.85300000,1.69700000,128.67232140,117.06700000,131.29996500
2022-04-06,4.95599940,2.00246320,2.72116080,4.83683730,1.19566920,1.05000000,1.02300000,3.83600000,1.71800000,128.78972500,117.17400000,131.31954000
2022-04-07,4.89546100,1.95705460,2.68344960,4.73679930,1.17568880,1.03300000,1.00100000,3.84300000,1.68900000,128.93647950,117.24300000,131.33520000
2022-04-08,4.92805860,1.96350150,2.70925200,4.76681070,1.17358560,1.03800000,1.00700000,3.85200000,1.69600000,129.10954860,117.48000000,131.35347000
2022-04-11,4.77438420,1.90099460,2.68543440,4.64676510,1.13888280,1.02100000,0.99400000,3.88600000,1.66700000,128.85045100,117.40100000,131.36260500
2022-04-12,4.85587820,1.93210790,2.63382960,4.55673090,1.15150200,1.00600000,0.99200000,3.90800000,1.67500000,128.89801970,117.46300000,131.35608000
2022-04-13,4.81862380,1.90407790,2.65566240,4.58674230,1.14939880,1.01800000,0.99300000,3.92600000,1.69200000,128.93546740,117.37100000,131.36260500
2022-04-14,4.86984860,1.92930490,2.67352560,4.65676890,1.15781160,1.03500000,1.00500000,3.93100000,1.71300000,129.13889950,117.51000000,131.37174000
2022-04-15,4.86752020,1.91192630,2.64772320,4.52671950,1.15045040,1.02300000,0.98700000,3.94400000,1.72700000,129.02554430,117.36100000,131.39523000
2022-04-18,4.84423620,1.91360810,2.62787520,4.50171000,1.13993440,1.01000000,0.98200000,3.96700000,1.73400000,128.87575350,117.17700000,131.39392500
2022-04-19,4.81280280,1.91977470,2.64772320,4.56673470,1.13467640,1.00700000,0.99100000,3.93600000,1.74500000,128.92534640,117.07800000,131.40828000
2022-04-20,4.73130880,1.87548730,2.68940400,4.62175560,1.13362480,1.01400000,1.00300000,3.88600000,1.73200000,128.96178200,116.90800000,131.40697500
2022-04-21,4.65214320,1.81774550,2.72314560,4.64176320,1.12205720,1.03800000,1.02800000,3.93700000,1.73100000,128.85045100,117.10200000,131.41219500
2022-04-22,4.66378520,1.80681380,2.68741920,4.55673090,1.12941840,1.02500000,1.02000000,3.95100000,1.74400000,128.81806380,117.08200000,131.42002500
2022-04-25,4.43909460,1.68880750,2.60008800,4.41667770,1.09576720,1.01200000,0.99000000,3.92400000,1.67200000,128.82514850,117.20300000,131.42524500
2022-04-26,4.40416860,1.65797450,2.64772320,4.52171760,1.10628320,1.02100000,1.01000000,3.89000000,1.68500000,128.89801970,117.30500000,131.43829500
2022-04-27,4.52757380,1.71375420,2.58420960,4.40667390,1.10733480,1.01300000,0.98300000,3.89200000,1.69100000,128.85652360,117.22500000,131.44743000
2022-04-28,4.55784300,1.70898910,2.61795120,4.46669670,1.12416040,1.01800000,0.99000000,3.89000000,1.69100000,128.78770080,117.07800000,131.47875000
2022-04-29,4.67426300,1.77906410,2.65963200,4.52671950,1.16727600,1.03100000,1.00500000,3.94200000,1.70300000,128.92028590,117.20400000,131.51659500
2022-05-05,4.65680000,1.79139730,2.66161680,4.56673470,1.16937920,1.04200000,1.01900000,3.92900000,1.68000000,128.92129800,117.17400000,131.50354500
2022-05-06,4.54387260,1.75131440,2.59810320,4.39166820,1.12731520,1.03100000,0.98500000,3.92200000,1.64700000,128.82514850,117.12400000,131.53617000
2022-05-09,4.50661820,1.76673090,2.58420960,4.33164540,1.10838640,1.01100000,0.97600000,3.93900000,1.61400000,128.90814070,117.25100000,131.54530500
2022-05-10,4.55900720,1.79644270,2.53657440,4.27662450,1.11259280,1.00900000,0.98300000,3.91000000,1.59400000,129.17331090,117.44900000,131.55444000
2022-05-11,4.62303820,1.80849560,2.53458960,4.29663210,1.12310880,1.01000000,0.98200000,3.89000000,1.58900000,129.07513720,117.33400000,131.55183000
2022-05-12,4.59975420,1.80989710,2.49092400,4.15157700,1.10838640,1.00500000,0.97400000,3.92800000,1.56100000,129.14396000,117.43300000,131.56096500
2022-05-13,4.63584440,1.83063930,2.53062000,4.22160360,1.13888280,1.03800000,0.99300000,3.88800000,1.57700000,129.25326680,117.47500000,131.59098000
2022-05-16,4.59975420,1.82503330,2.54252880,4.27662450,1.13888280,1.04100000,0.99700000,3.85100000,1.58000000,129.23808530,117.41000000,131.59881000
2022-05-17,4.65680000,1.83484380,2.55443760,4.29663210,1.17148240,1.04100000,1.01000000,3.87700000,1.57500000,129.38888820,117.44700000,131.59489500
2022-05-18,4.64050120,1.82867720,2.57825520,4.32164160,1.17043080,1.04700000,1.01800000,3.83600000,1.55700000,129.58928400,117.49000000,131.60272500
2022-05-19,4.65097900,1.84577550,2.48298480,4.14157320,1.15150200,1.03400000,0.99400000,3.85000000,1.58000000,129.48402560,117.47200000,131.61055500
2022-05-20,4.74877180,1.87436610,2.46710640,4.16658270,1.16412120,1.04300000,1.00300000,3.87200000,1.59700000,129.41419070,117.48600000,131.61186000
2022-05-23,4.71151740,1.88221450,2.47504560,4.18659030,1.14729560,1.05100000,1.01800000,3.87500000,1.59300000,129.46985620,117.61500000,131.62230000
2022-05-24,4.61605300,1.81802580,2.45519760,4.06654470,1.12941840,1.04100000,1.00500000,3.88200000,1.58100000,129.53260640,117.71800000,131.63926500
2022-05-25,4.63584440,1.84717700,2.47703040,4.09155420,1.14098600,1.04300000,1.01600000,3.88700000,1.57900000,129.63381640,117.85500000,131.64187500
2022-05-26,4.64748640,1.86847980,2.49886320,4.11156180,1.13783120,1.05200000,1.01800000,3.90100000,1.55800000,129.86862360,118.10000000,131.65231500
2022-05-27,4.65912840,1.86847980,2.55443760,4.24161120,1.17253400,1.06000000,1.04500000,3.91700000,1.59500000,129.65001000,118.12000000,131.66536500
2022-05-30,4.68590500,1.87857060,2.59810320,4.37666250,1.18725640,1.06800000,1.06200000,3.88500000,1.62400000,129.49819500,117.97600000,131.65753500
2022-05-31,4.76041380,1.90800210,2.58817920,4.34164920,1.20092720,1.05600000,1.04600000,3.87700000,1.62700000,129.37775510,117.78300000,131.66275500
2022-06-01,4.75342860,1.90604000,2.59413360,4.34164920,1.20618520,1.05800000,1.04700000,3.85200000,1.60900000,129.34131950,117.85000000,131.67450000
2022-06-02,4.76623480,1.92902460,2.56436160,4.30163400,1.19146280,1.05100000,1.03700000,3.87700000,1.62000000,129.32006540,117.75500000,131.66928000
2022-06-06,4.86169920,1.95957730,2.57230080,4.30663590,1.20513360,1.06300000,1.05600000,3.86900000,1.62400000,129.36156150,117.68900000,131.69277000
2022-06-07,4.86868440,1.95845610,2.55840720,4.27162260,1.21564960,1.05500000,1.04600000,3.85400000,1.62400000,129.35548890,117.69600000,131.70843000
2022-06-08,4.91758080,1.97219080,2.59016400,4.33164540,1.23983640,1.05800000,1.05500000,3.87200000,1.65000000,129.32512590,117.71200000,131.71365000
2022-06-09,4.87799800,1.94836530,2.56833120,4.30663590,1.23457840,1.05300000,1.03400000,3.88100000,1.64200000,129.34638000,117.89000000,131.72278500
2022-06-10,4.94552160,1.98396340,2.52268080,4.23660930,1.23878480,1.03900000,1.01600000,3.86500000,1.63300000,129.29982340,117.85100000,131.70582000
2022-06-13,4.88498320,1.97807710,2.41748640,4.02152760,1.20513360,1.01900000,0.97200000,3.92600000,1.59800000,129.29375080,117.92700000,131.75019000
2022-06-14,4.93155120,1.99825870,2.39168400,3.99651810,1.20828840,1.00800000,0.97100000,3.85500000,1.58000000,129.23201270,117.75600000,131.76585000
2022-06-15,4.98859700,1.98984970,2.36588160,4.01652570,1.21144320,1.00500000,0.96500000,3.83400000,1.56900000,129.17432300,117.76200000,131.76193500
2022-06-16,4.95716360,1.99293300,2.35794240,3.99151620,1.19251440,1.00200000,0.95200000,3.84600000,1.57400000,129.16926250,117.69000000,131.76585000
2022-06-17,5.03050820,2.01199340,2.32023120,3.95650290,1.19672080,0.99100000,0.93700000,3.87400000,1.54900000,129.27553300,117.73000000,131.78020500
2022-06-20,5.05495640,2.01199340,2.31626160,3.98151240,1.20092720,0.98900000,0.94200000,3.85800000,1.51600000,129.25933940,117.66900000,131.79195000
2022-06-21,5.05262800,1.99741780,2.34404880,4.02652950,1.21880440,0.99300000,0.95200000,3.85200000,1.52200000,129.24213370,117.68800000,131.79717000
2022-06-22,4.99441800,1.96630450,2.34603360,4.01152380,1.20618520,0.98500000,0.93300000,3.84900000,1.49500000,129.33828320,117.76000000,131.81674500
2022-06-23,5.08173300,2.00975100,2.36191200,4.07654850,1.21775280,0.98400000,0.94200000,3.85400000,1.47900000,129.33828320,117.73800000,131.79847500
2022-06-24,5.13761460,2.03301590,2.39962320,4.12156560,1.23457840,0.98900000,0.92900000,3.82700000,1.41200000,129.34536790,117.71400000,131.81283000
2022-06-27,5.19349620,2.04142490,2.45122800,4.18659030,1.25876520,0.99300000,0.94300000,3.85300000,1.43300000,129.15104470,117.42400000,131.82588000
2022-06-28,5.25403460,2.07590180,2.45519760,4.14157320,1.27033280,0.99600000,0.94500000,3.83200000,1.45400000,129.16622620,117.44300000,131.84154000
2022-06-29,5.19000360,2.04310670,2.39763840,4.03153140,1.24824920,0.98600000,0.93300000,3.82100000,1.41700000,129.26642410,117.41700000,131.85459000
2022-06-30,5.24821360,2.05908380,2.37183600,4.00652190,1.24614600,0.97500000,0.91200000,3.81800000,1.43000000,129.27047250,117.56500000,131.85720000
2022-07-01,5.23075060,2.05543990,2.36389680,3.99651810,1.24193960,0.97000000,0.91000000,3.78400000,1.38600000,129.45467470,117.60000000,131.88460500
2022-07-04,5.26334820,2.08038660,2.39366880,4.01152380,1.24719760,0.97200000,0.91200000,3.80100000,1.37500000,129.23100060,117.42600000,131.89374000
2022-07-05,5.25170620,2.07758360,2.41351680,4.07154660,1.25245560,0.97300000,0.91000000,3.79700000,1.36000000,129.11157280,117.42600000,131.92506000
2022-07-06,5.18301840,2.05067480,2.40160800,4.09655610,1.22406240,0.96900000,0.87400000,3.72500000,1.32300000,129.14902050,117.57500000,131.93550000
2022-07-07,5.20164560,2.05908380,2.42344080,4.14657510,1.23668160,0.97700000,0.87800000,3.67600000,1.33100000,129.15711730,117.69900000,131.92767000
2022-07-08,5.19698880,2.04703090,2.44130400,4.17658650,1.24509440,0.97900000,0.88000000,3.66900000,1.32800000,129.09942760,117.64800000,131.93811000
2022-07-11,5.10850960,2.01984180,2.42741040,4.14157320,1.20934000,0.97600000,0.87900000,3.66900000,1.32800000,129.14497210,117.77200000,131.94724500
2022-07-12,5.06659840,1.99545570,2.41550160,4.08155040,1.20303040,0.96200000,0.86800000,3.66800000,1.32000000,129.22189170,117.78800000,131.95377000
2022-07-13,5.07474780,2.00274350,2.41550160,4.10655990,1.19987560,0.96700000,0.87400000,3.64600000,1.30400000,129.29881130,117.90700000,131.95116000
2022-07-14,5.07591200,2.01675850,2.38969920,4.06154280,1.19461760,0.96600000,0.86700000,3.64700000,1.27200000,129.39900920,117.91700000,131.94985500
2022-07-15,5.00023900,1.98284220,2.39962320,4.10655990,1.17568880,0.97100000,0.86100000,3.62200000,1.22200000,129.57713880,118.06900000,131.97465000
2022-07-18,5.05379220,2.01956150,2.45519760,4.20659790,1.19987560,0.98400000,0.88800000,3.63500000,1.28000000,129.48706190,117.97600000,131.98117500
2022-07-19,5.02817980,2.02684930,2.42542560,4.14657510,1.19146280,0.98200000,0.88500000,3.62700000,1.27300000,129.43848110,117.91200000,131.98770000
2022-07-20,5.04215020,2.05263690,2.49886320,4.28162640,1.20828840,1.00300000,0.92700000,3.62800000,1.30000000,129.49009820,117.95900000,131.98639500
2022-07-21,4.98976120,2.03273560,2.50481760,4.30663590,1.19251440,1.00600000,0.92200000,3.59900000,1.30800000,129.56398150,118.09400000,131.99553000
2022-07-22,4.99325380,2.01451610,2.52268080,4.33664730,1.19146280,1.01900000,0.91600000,3.65000000,1.31300000,129.65810680,118.14300000,132.01641000
2022-07-25,4.97229820,1.99461480,2.50084800,4.27162260,1.18410160,1.01900000,0.91300000,3.66300000,1.31100000,129.67936090,118.18600000,132.03207000
2022-07-26,5.00606000,2.01872060,2.49886320,4.24661310,1.20618520,1.01400000,0.91500000,3.66800000,1.35900000,129.80890970,118.31000000,132.02685000
2022-07-27,4.97811920,2.02740990,2.50680240,4.24661310,1.19146280,1.01700000,0.90700000,3.65900000,1.34500000,129.81801860,118.37700000,132.03076500
2022-07-28,4.98161180,2.03273560,2.53458960,4.32164160,1.18620480,1.02600000,0.91900000,3.69700000,1.37500000,129.79170400,118.36000000,132.03729000
2022-07-29,4.91292400,2.01647820,2.58817920,4.44168720,1.15781160,1.04900000,0.92800000,3.74900000,1.37800000,130.05383790,118.77400000,132.05556000
2022-08-01,4.93387960,2.03385680,2.60008800,4.43168340,1.16201800,1.06700000,0.93600000,3.74300000,1.39700000,130.25119740,118.90000000,132.06208500
2022-08-02,4.85122140,1.98312250,2.59214880,4.43168340,1.13677960,1.06800000,0.93200000,3.77300000,1.37600000,130.43641170,119.03500000,132.06208500
2022-08-03,4.79883240,1.96658480,2.59214880,4.43168340,1.13888280,1.04300000,0.93200000,3.75900000,1.36900000,130.39187930,119.03200000,132.07644000
2022-08-04,4.83492260,1.97331200,2.61795120,4.55673090,1.15886320,1.04600000,0.94300000,3.76000000,1.35100000,130.54571850,119.19200000,132.08949000
2022-08-05,4.91059560,2.01423580,2.62787520,4.57673850,1.16517280,1.06600000,0.94600000,3.79000000,1.39200000,130.35341950,119.12000000,132.09471000
2022-08-08,4.89429680,2.02544780,2.63581440,4.56173280,1.15886320,1.05300000,0.94700000,3.76900000,1.38700000,130.37872200,118.99200000,132.10123500
2022-08-09,4.90244620,2.03133410,2.62192080,4.52671950,1.15676000,1.04000000,0.94400000,3.78600000,1.38500000,130.29168140,118.90800000,132.10906500
2022-08-10,4.85005720,2.02740990,2.60604240,4.46169480,1.12941840,1.03300000,0.93200000,3.79400000,1.38600000,130.34532270,119.10400000,132.11428500
2022-08-11,4.95250680,2.06749280,2.66360160,4.61675370,1.15360520,1.06200000,0.95700000,3.77700000,1.42000000,130.30989920,118.96000000,132.10906500
2022-08-12,4.95367100,2.06384890,2.66360160,4.57173660,1.16306960,1.06700000,0.95500000,3.79500000,1.43300000,130.31293550,118.87300000,132.12864000
2022-08-15,4.94202900,2.06665190,2.70131280,4.65676890,1.16412120,1.08900000,0.96300000,3.79900000,1.39800000,130.76838050,119.42300000,132.13777500
2022-08-16,4.93038700,2.07197760,2.72513040,4.71178980,1.15045040,1.09200000,0.96100000,3.79600000,1.40600000,130.94954640,119.61200000,132.14169000
2022-08-17,4.97811920,2.08543200,2.72711520,4.69678410,1.15781160,1.09500000,0.96400000,3.77900000,1.40600000,130.97990940,119.61500000,132.14169000
2022-08-18,4.93504380,2.07786390,2.70925200,4.63175940,1.14729560,1.08000000,0.94800000,3.76100000,1.38900000,131.06695000,119.79300000,132.15213000
2022-08-19,4.90011780,2.05039450,2.71322160,4.64176320,1.14939880,1.07400000,0.93500000,3.76100000,1.39800000,131.15702690,119.97600000,132.17170500
2022-08-22,4.93155120,2.07618210,2.68543440,4.56173280,1.15255360,1.06400000,0.92700000,3.75300000,1.42100000,131.16309950,119.87200000,132.16909500
2022-08-23,4.91525240,2.07674270,2.64970800,4.47670050,1.14098600,1.05800000,0.90700000,3.76300000,1.42600000,131.07201050,119.88000000,132.17953500
2022-08-24,4.82560900,2.01731910,2.64970800,4.49170620,1.13257320,1.06000000,0.90100000,3.78700000,1.43100000,131.04164750,119.88400000,132.19389000
2022-08-25,4.86752020,2.02825080,2.68146480,4.55172900,1.16201800,1.07000000,0.91700000,3.79700000,1.43800000,130.95663110,119.76300000,132.18475500
2022-08-26,4.86053500,2.02376600,2.69535840,4.57673850,1.17989520,1.06900000,0.91500000,3.79800000,1.44400000,130.89691720,119.63100000,132.19519500
2022-08-29,4.83143000,2.02293000,2.60802720,4.39667010,1.18305000,1.04000000,0.88800000,3.76700000,1.41400000,130.90501400,119.72500000,132.19780500
2022-08-30,4.82095220,2.02004010,2.61596640,4.41667770,1.17779200,1.05000000,0.90000000,3.78300000,1.40300000,131.02241760,119.88000000,132.21085500
2022-08-31,4.82095220,1.97701270,2.59016400,4.37666250,1.18199840,1.04500000,0.90600000,3.75800000,1.40600000,131.07504680,119.89100000,132.21999000
2022-09-01,4.78136940,1.96994850,2.54451360,4.27162260,1.15676000,1.02500000,0.88800000,3.73000000,1.36800000,131.08820410,119.98400000,132.22521000
2022-09-02,4.75459280,1.97348060,2.57031600,4.31663970,1.15045040,1.02000000,0.88300000,3.72600000,1.34800000,131.24406750,120.17700000,132.23434500
2022-09-05,4.75226440,1.98343470,2.56237680,4.28162640,1.14519240,1.02000000,0.87700000,3.76500000,1.37600000,131.29872090,120.10000000,132.24217500
2022-09-06,4.78602620,2.01747130,2.56237680,4.31163780,1.14729560,1.01600000,0.88500000,3.78400000,1.39600000,131.25418850,120.01000000,132.24478500
2022-09-07,4.79533980,2.02260890,2.54252880,4.26662070,1.13783120,0.99900000,0.88700000,3.75900000,1.37400000,131.26026110,120.00100000,132.24609000
2022-09-08,4.77438420,2.01554470,2.58817920,4.35165300,1.12626360,1.01400000,0.90700000,3.79000000,1.39000000,131.21168030,119.92500000,132.25261500
2022-09-09,4.84190780,2.02774650,2.60405760,4.36665870,1.15045040,1.02300000,0.90800000,3.78500000,1.43500000,131.09933720,119.95400000,132.25914000
2022-09-13,4.85820660,2.02260890,2.66955600,4.49170620,1.15045040,1.04000000,0.94300000,3.78700000,1.44400000,130.99205460,119.82400000,132.27088500
2022-09-14,4.80465340,2.00719610,2.56039200,4.28162640,1.12626360,1.01100000,0.91600000,3.76000000,1.43200000,130.87768730,119.69000000,132.28002000
2022-09-15,4.76157800,1.96127880,2.56237680,4.29163020,1.12731520,1.00800000,0.91000000,3.74400000,1.43700000,130.87262680,119.70100000,132.29959500
2022-09-16,4.65680000,1.91247160,2.52069600,4.20659790,1.12626360,1.00200000,0.90300000,3.72800000,1.42500000,130.75623530,119.47500000,132.32178000
2022-09-19,4.64399380,1.90059090,2.51474160,4.20159600,1.11259280,1.00300000,0.89700000,3.74100000,1.42500000,130.77141680,119.57700000,132.32308500
2022-09-20,4.64632220,1.91022390,2.54848320,4.27662450,1.12416040,1.00900000,0.91400000,3.75400000,1.43900000,130.91715920,119.84800000,132.32439000
2022-09-21,4.61139620,1.91985690,2.51474160,4.25161500,1.11154120,1.00000000,0.88800000,3.75900000,1.45700000,130.94347380,119.92500000,132.33091500
2022-09-22,4.57763440,1.91696700,2.47107600,4.17158460,1.09156080,0.99100000,0.88100000,3.75300000,1.45300000,130.94043750,119.91000000,132.33091500
2022-09-23,4.56832080,1.89416890,2.45718240,4.14657510,1.08840600,1.00000000,0.87800000,3.77000000,1.44100000,130.81190080,119.64300000,132.35049000
2022-09-26,4.53921580,1.86430660,2.41351680,4.08155040,1.07894160,0.98300000,0.84900000,3.73600000,1.40100000,130.50624660,119.06900000,132.34657500
2022-09-27,4.59742580,1.89930650,2.44328880,4.15657890,1.08735440,0.98700000,0.86100000,3.74600000,1.41400000,130.50827080,119.09600000,132.33222000
2022-09-28,4.53223060,1.85467360,2.41351680,4.10155800,1.06316760,0.97200000,0.83500000,3.75100000,1.38900000,130.46475050,119.12700000,132.35049000
2022-09-29,4.53339480,1.85949010,2.45718240,4.16658270,1.05054840,0.98100000,0.84800000,3.78000000,1.40200000,130.24107640,118.82400000,132.33352500
2022-09-30,4.50312560,1.83444430,2.41153200,4.06154280,1.04108400,0.96200000,0.84400000,3.78300000,1.41000000,130.33823800,118.90100000,132.43792500
2022-10-10,4.41115380,1.81325170,2.39565360,3.96150480,1.04213560,0.97500000,0.84500000,3.81000000,1.41100000,130.55077900,119.26200000,132.43270500
2022-10-11,4.40766120,1.82449020,2.39168400,3.96150480,1.03477440,0.97500000,0.85400000,3.80200000,1.42500000,130.72182390,119.34600000,132.44575500
2022-10-12,4.47984160,1.86815980,2.40557760,3.98651430,1.03267120,0.97900000,0.86300000,3.81200000,1.42500000,130.63275910,119.26400000,132.44836500
2022-10-13,4.44142300,1.87297630,2.38572960,3.95150100,1.00848440,0.96600000,0.85100000,3.81700000,1.41900000,130.72081180,119.32300000,132.45619500
2022-10-14,4.54387260,1.92049910,2.46115200,4.05654090,1.02425840,0.98900000,0.88300000,3.81300000,1.44800000,131.01634500,119.52500000,132.45750000
2022-10-17,4.54270840,1.92916880,2.41351680,3.96650670,1.01269080,0.97600000,0.87800000,3.79200000,1.43200000,130.82910650,119.54100000,132.46272000
2022-10-18,4.53455900,1.93783850,2.49290880,4.12156560,1.02846480,0.98800000,0.90800000,3.80200000,1.42800000,130.80987660,119.54800000,132.47185500
2022-10-19,4.46587120,1.92146240,2.48695440,4.10655990,1.01584560,0.99000000,0.90700000,3.79300000,1.42100000,130.90400190,119.64300000,132.47577000
2022-10-20,4.45190080,1.91504040,2.46512160,4.06154280,0.99691680,0.98000000,0.90100000,3.77500000,1.43200000,130.81291290,119.45500000,132.48229500
2022-10-21,4.42628840,1.91504040,2.44527360,4.05153900,0.99586520,0.97600000,0.89600000,3.77100000,1.42600000,130.82809440,119.57600000,132.49404000
2022-10-24,4.31219680,1.89866430,2.50878720,4.16658270,0.93697560,0.98300000,0.91700000,3.82000000,1.44600000,130.94043750,119.64800000,132.50187000
2022-10-25,4.29356960,1.88357260,2.55642240,4.24161120,0.93592400,1.00200000,0.93800000,3.82700000,1.45400000,130.86149370,119.61900000,132.49012500
2022-10-26,4.32616720,1.92242570,2.55245280,4.21159980,0.93697560,1.00400000,0.94500000,3.82400000,1.45300000,130.86756630,119.62200000,132.49404000
2022-10-27,4.29589800,1.91664590,2.57627040,4.18659030,0.94013040,1.01400000,0.95300000,3.81700000,1.45500000,130.95966740,119.87000000,132.50448000
2022-10-28,4.19577680,1.85563690,2.53062000,4.05654090,0.90647920,1.00500000,0.94300000,3.82000000,1.42900000,131.14285750,119.98000000,132.53188500
2022-10-31,4.15037300,1.86687540,2.61993600,4.24661310,0.90647920,1.02500000,0.96800000,3.80700000,1.40400000,131.23698280,120.25800000,132.53319000
2022-11-01,4.31103260,1.91343490,2.62986000,4.25661690,0.95169800,1.02600000,0.97100000,3.81000000,1.43300000,131.10439770,120.08100000,132.52536000
2022-11-02,4.35061540,1.92724220,2.60604240,4.19159220,0.96642040,1.02700000,0.96400000,3.81700000,1.43900000,130.98598200,119.79100000,132.54493500
2022-11-03,4.31568940,1.92820550,2.55642240,4.06654470,0.94644000,1.01600000,0.94600000,3.80500000,1.43800000,131.10439770,119.99800000,132.55146000
2022-11-04,4.46354280,1.97701270,2.53062000,4.07154660,0.99586520,1.00600000,0.94900000,3.80400000,1.45600000,130.97889730,119.82100000,132.55929000
2022-11-07,4.46354280,1.97187510,2.54848320,4.07654850,1.02110360,1.01300000,0.97000000,3.83200000,1.47800000,130.97788520,119.90200000,132.55798500
2022-11-08,4.43676620,1.97380170,2.57428560,4.08155040,1.01374240,1.02800000,0.98000000,3.83900000,1.48300000,131.00723610,119.96800000,132.56842500
2022-11-09,4.39019820,1.96834300,2.58420960,4.09155420,0.99691680,1.03100000,0.99700000,3.94500000,1.50500000,131.07707100,120.08000000,132.57625500
2022-11-10,4.36575000,1.96159990,2.54649840,4.04153520,0.98745240,1.02100000,0.98900000,3.92500000,1.50900000,130.98496990,120.04900000,132.59452500
2022-11-11,4.47984160,1.97315950,2.65764720,4.27162260,1.04108400,1.06100000,1.03900000,3.95200000,1.54700000,130.72992070,119.76600000,132.58930500
2022-11-14,4.48217000,1.96994850,2.62787520,4.24161120,1.05160000,1.05800000,1.03800000,3.91300000,1.52800000,130.37973410,119.12900000,132.57886500
2022-11-15,4.56948500,2.00398510,2.63184480,4.27662450,1.09576720,1.05200000,1.04000000,3.93300000,1.54600000,130.23702800,118.99900000,132.57756000
2022-11-16,4.53572320,1.99467320,2.65169280,4.30663590,1.09471560,1.06400000,1.05100000,3.95400000,1.54600000,130.03562010,118.64800000,132.60627000
2022-11-17,4.51593180,1.99884750,2.64970800,4.28162640,1.09050920,1.07100000,1.05800000,3.95800000,1.53800000,130.19654400,119.00000000,132.60366000
2022-11-18,4.50079720,1.99499430,2.63184480,4.26662070,1.08840600,1.06400000,1.05400000,3.95200000,1.52900000,130.12569700,118.96600000,132.61671000
2022-11-21,4.46237860,1.99274660,2.65169280,4.25161500,1.07683840,1.06200000,1.05500000,3.93600000,1.50700000,130.36758890,119.17600000,132.62584500
2022-11-22,4.46005020,1.97155400,2.64573840,4.21660170,1.05790960,1.06600000,1.05300000,3.93200000,1.50000000,130.42224230,119.00600000,132.63628500
2022-11-23,4.46354280,1.96802190,2.68146480,4.26662070,1.07158040,1.07600000,1.06800000,3.93200000,1.51100000,130.64490430,119.23200000,132.62976000
2022-11-24,4.44258720,1.96834300,2.70131280,4.31663970,1.07368360,1.09400000,1.07700000,3.94700000,1.52100000,130.80684030,119.53000000,132.64281000
2022-11-25,4.46703540,1.95806780,2.71322160,4.32664350,1.07578680,1.09900000,1.08600000,3.95900000,1.52400000,130.56090000,119.32600000,132.65325000
2022-11-28,4.41464640,1.94939810,2.70131280,4.27162260,1.05896120,1.09900000,1.07900000,3.96200000,1.50100000,130.32103230,119.02000000,132.65194500
2022-11-29,4.54969360,1.98150810,2.67154080,4.26161880,1.09892200,1.09200000,1.06900000,3.95100000,1.52400000,129.96780940,118.58700000,132.64933500
2022-11-30,4.55318620,1.97701270,2.65367760,4.21159980,1.11995400,1.08700000,1.06300000,3.94400000,1.52200000,130.06294680,118.73700000,132.67282500
2022-12-01,4.60557520,1.98760900,2.70528240,4.34164920,1.13888280,1.09500000,1.07800000,3.95600000,1.54600000,130.13784220,118.86000000,132.65847000
2022-12-02,4.57879860,1.98279250,2.69535840,4.31663970,1.12836680,1.08500000,1.06800000,3.97900000,1.55500000,130.17731410,118.95700000,132.67413000
2022-12-05,4.66145680,1.99659980,2.65367760,4.27162260,1.16201800,1.08000000,1.06300000,3.94000000,1.57100000,130.11962440,118.84900000,132.68196000
2022-12-06,4.68823340,1.99563650,2.61199680,4.22160360,1.15570840,1.06500000,1.05200000,3.89800000,1.56300000,129.98501510,118.58900000,132.69370500
2022-12-07,4.67426300,1.99306770,2.57627040,4.17658650,1.14308920,1.05500000,1.03800000,3.89800000,1.55500000,129.90809550,118.61300000,132.70023000
2022-12-08,4.68474080,1.98985670,2.57031600,4.16158080,1.15676000,1.05600000,1.04300000,3.91000000,1.58100000,130.09634610,118.90100000,132.70153500
2022-12-09,4.72432360,1.99274660,2.59016400,4.16658270,1.18305000,1.06700000,1.05200000,3.92400000,1.59800000,129.98501510,118.76100000,132.71328000
2022-12-12,4.67542720,1.98536130,2.56833120,4.12656750,1.16622440,1.06400000,1.04700000,3.92100000,1.56900000,130.00626920,118.78100000,132.71719500
2022-12-13,4.66262100,1.97444390,2.60802720,4.19159220,1.17253400,1.06400000,1.05300000,3.92400000,1.57900000,129.70567550,118.59300000,132.71980500
2022-12-14,4.67426300,1.96609530,2.62986000,4.24161120,1.17779200,1.08600000,1.06900000,3.96300000,1.58100000,129.97388200,118.88800000,132.72633000
2022-12-15,4.67193460,1.96577420,2.60604240,4.17658650,1.15676000,1.07900000,1.06400000,3.93300000,1.56900000,130.05586210,118.92100000,132.75895500
2022-12-16,4.67659140,1.95838890,2.54848320,4.08155040,1.16412120,1.05100000,1.03800000,3.91500000,1.55000000,130.02347490,118.93700000,132.77592000
2022-12-19,4.60906780,1.91696700,2.52069600,4.06654470,1.15570840,1.05100000,1.02900000,3.94200000,1.54100000,130.21374970,119.14900000,132.77853000
2022-12-20,4.53572320,1.89641660,2.48298480,4.01152380,1.13572800,1.04800000,1.01800000,3.94300000,1.54200000,130.22589490,119.08000000,132.78244500
2022-12-21,4.53223060,1.88678360,2.51275680,4.04653710,1.13783120,1.04600000,1.03100000,3.98100000,1.55500000,130.15504790,119.13300000,132.77461500
2022-12-22,4.54154420,1.86655430,2.54252880,4.05654090,1.17253400,1.05100000,1.04800000,3.98100000,1.56100000,130.19654400,119.13700000,132.77592000
2022-12-23,4.52990220,1.85949010,2.51275680,4.00652190,1.17043080,1.03500000,1.03500000,3.94800000,1.55800000,130.23500380,119.12200000,132.79027500
2022-12-26,4.54038000,1.88164600,2.52069600,4.01152380,1.16306960,1.04100000,1.03100000,3.95300000,1.56700000,130.18338670,119.03700000,132.78375000
2022-12-27,4.59509740,1.89449000,2.52863520,4.04153520,1.17884360,1.04000000,1.03800000,3.96300000,1.59500000,130.19755610,119.00800000,132.80071500
2022-12-28,4.57996280,1.88935240,2.50084800,3.99651810,1.18515320,1.02700000,1.03500000,3.96600000,1.60100000,130.38479460,119.03200000,132.80593500
2022-12-29,4.56599240,1.88838910,2.46909120,3.97651050,1.17568880,1.01700000,1.02600000,3.96000000,1.59400000,130.45665370,119.17100000,132.75634500
2022-12-30,4.58461960,1.89031570,2.49092400,3.99651810,1.17989520,1.02600000,1.03300000,3.98600000,1.59800000,130.66615840,119.33300000,132.94176480
2023-01-03,4.59742580,1.91696700,2.48100000,4.03153140,1.18515320,1.02800000,1.02800000,3.98700000,1.58400000,130.62871070,119.34000000,132.88866880
2023-01-04,4.60324680,1.91632480,2.47107600,4.02152760,1.22090760,1.01900000,1.03400000,4.00200000,1.56200000,130.85238480,119.43900000,132.89265100
2023-01-05,4.69056180,1.93526970,2.47306080,4.02652950,1.23668160,1.01600000,1.05100000,4.00100000,1.55300000,130.78457410,119.44100000,132.88468660
2023-01-06,4.70918900,1.93944400,2.45718240,3.99651810,1.23037200,1.01500000,1.04200000,3.97200000,1.54600000,130.51737970,119.29100000,132.90990720
2023-01-09,4.73829400,1.94329720,2.48893920,4.04653710,1.23983640,1.02400000,1.05900000,4.01500000,1.55600000,130.52041600,119.34900000,132.91521680
2023-01-10,4.74527920,1.94811370,2.47703040,4.02652950,1.23668160,1.02100000,1.06700000,4.01300000,1.55600000,130.44450850,119.25600000,132.93645520
2023-01-11,4.74527920,1.93912290,2.49290880,4.05153900,1.24299120,1.02900000,1.08300000,4.02500000,1.58600000,130.30787500,119.12000000,132.92849080
2023-01-12,4.75226440,1.93719630,2.50878720,4.09155420,1.23247520,1.02800000,1.08800000,4.01900000,1.58800000,130.34329850,119.15200000,132.92450860
2023-01-13,4.82444480,1.95357240,2.50283280,4.07654850,1.25140400,1.02700000,1.09900000,4.02700000,1.60200000,130.37163730,119.13300000,132.94309220
2023-01-16,4.89909750,1.97251730,2.50481760,4.07654850,1.23773320,1.02300000,1.09600000,4.05000000,1.59800000,130.26739100,118.91300000,132.93114560
2023-01-17,4.89436750,1.97508610,2.51474160,4.10155800,1.24088800,1.03700000,1.10000000,4.06600000,1.59600000,130.27649990,118.94200000,132.95238400
2023-01-18,4.88372500,1.98279250,2.52665040,4.10655990,1.24614600,1.04700000,1.10800000,4.05600000,1.62500000,130.25727000,118.86600000,132.98424160
2023-01-19,4.91683500,2.00109520,2.47703040,4.05153900,1.24930080,1.04800000,1.09800000,4.06800000,1.63100000,130.28662090,118.82900000,132.98955120
2023-01-20,4.94403250,2.01554470,2.48100000,4.07654850,1.26717800,1.05000000,1.10100000,4.10100000,1.65600000,130.41313340,118.96900000,133.05193900
2023-01-30,4.97241250,2.02228780,2.54848320,4.22160360,1.27453920,1.06800000,1.10000000,4.09600000,1.64500000,130.41313340,119.04900000,133.04264720
2023-01-31,4.91801750,2.02389330,2.52665040,4.16158080,1.24299120,1.05800000,1.09500000,4.06900000,1.64200000,130.39693980,119.12700000,133.04397460
2023-02-01,4.95467500,2.04701250,2.56039200,4.23660930,1.26192000,1.06000000,1.10600000,4.09100000,1.65700000,130.44653270,119.13700000,133.06123080
2023-02-02,4.94285000,2.05022350,2.58619440,4.31163780,1.25981680,1.07000000,1.12400000,4.12500000,1.63500000,130.53256120,119.20100000,133.10636240
2023-02-03,4.89200250,2.04123270,2.60802720,4.35165300,1.23773320,1.07800000,1.13500000,4.07100000,1.63600000,130.57911780,119.30500000,133.16476800
2023-02-06,4.82460000,2.03192080,2.59810320,4.32664350,1.21564960,1.06600000,1.12000000,4.01800000,1.61100000,130.51636760,119.31000000,133.16211320
2023-02-07,4.83642500,2.03288410,2.60207280,4.33164540,1.22406240,1.06100000,1.11300000,4.01000000,1.60400000,130.53559750,119.28500000,133.09972540
2023-02-08,4.81632250,2.01811350,2.62986000,4.41167580,1.22406240,1.06800000,1.11800000,4.01000000,1.61900000,130.57911780,119.22800000,133.10636240
2023-02-09,4.88017750,2.04733360,2.61993600,4.36665870,1.24193960,1.06800000,1.12500000,4.01900000,1.60800000,130.58923880,119.24100000,133.09972540
2023-02-10,4.85179750,2.04091160,2.58420960,4.30163400,1.22301080,1.06900000,1.12000000,3.99300000,1.60600000,130.64085590,119.32800000,133.13025560
2023-02-13,4.88963750,2.05311340,2.59810320,4.29663210,1.22406240,1.06200000,1.10900000,4.01800000,1.59300000,130.65097690,119.35500000,133.12892820
2023-02-14,4.90028000,2.05857210,2.63184480,4.35665490,1.22406240,1.06600000,1.12000000,4.01500000,1.59600000,130.65502530,119.37500000,133.13689260
2023-02-15,4.86717000,2.05471890,2.62589040,4.36665870,1.20828840,1.05600000,1.11700000,4.00200000,1.57700000,130.66109790,119.33000000,133.14618440
2023-02-16,4.83287750,2.02742540,2.65566240,4.45169100,1.22301080,1.06100000,1.13700000,4.00100000,1.57800000,130.64895270,119.34100000,133.14485700
2023-02-17,4.76429250,2.01008600,2.61199680,4.32664350,1.20934000,1.05000000,1.12500000,3.99200000,1.57800000,130.66413420,119.37700000,133.17273240
2023-02-20,4.88845500,2.04155380,2.61398160,4.34164920,1.21985600,1.05400000,1.14000000,4.01000000,1.59200000,130.56899680,119.34900000,133.17007760
2023-02-21,4.89436750,2.05343450,2.60604240,4.33164540,1.20303040,1.05100000,1.13200000,4.00500000,1.61400000,130.52750070,119.32900000,133.17538720
2023-02-22,4.84706750,2.05150790,2.57627040,4.25161500,1.19672080,1.04000000,1.11900000,4.01700000,1.61600000,130.55280320,119.35300000,133.18202420
2023-02-23,4.84706750,2.04797580,2.58024000,4.28662830,1.19146280,1.03900000,1.12800000,4.00800000,1.61000000,130.55077900,119.36000000,133.19397080
2023-02-24,4.80095000,2.04348040,2.59413360,4.30163400,1.18199840,1.05800000,1.13500000,4.02100000,1.59700000,130.55381530,119.34400000,133.21388180
2023-02-27,4.78321250,2.03288410,2.58222480,4.26161880,1.17884360,1.05200000,1.11300000,4.01000000,1.56500000,130.53256120,119.32000000,133.20989960
2023-02-28,4.81395750,2.04604920,2.58222480,4.27662450,1.17568880,1.05000000,1.12500000,4.01500000,1.57800000,130.51434340,119.30300000,133.21122700
2023-03-01,4.87190000,2.05857210,2.56237680,4.26161880,1.20934000,1.04900000,1.12600000,4.02900000,1.59400000,130.52345230,119.32400000,133.22715580
2023-03-02,4.86598750,2.05632440,2.53657440,4.20159600,1.20303040,1.04200000,1.11400000,4.02600000,1.58000000,130.55179110,119.29500000,133.23910240
2023-03-03,4.87663000,2.05536110,2.56436160,4.24661310,1.21459800,1.05700000,1.12200000,4.04400000,1.57500000,130.53458540,119.27700000,133.25901340
2023-03-06,4.84706750,2.05600330,2.61199680,4.35665490,1.21564960,1.07600000,1.14400000,4.07100000,1.56800000,130.62466230,119.43600000,133.27228740
2023-03-07,4.77966500,2.02389330,2.61993600,4.36165680,1.20934000,1.08100000,1.15700000,4.07600000,1.57200000,130.72587230,119.57300000,133.29087100
2023-03-08,4.76074500,2.02710430,2.58817920,4.32164160,1.19041120,1.07700000,1.13600000,4.03300000,1.55900000,130.79570720,119.69800000,133.28556140
2023-03-09,4.74892000,2.02485660,2.59413360,4.34164920,1.18830800,1.09200000,1.14400000,4.03300000,1.55800000,130.81493710,119.69600000,133.30547240
2023-03-10,4.68388250,1.99916860,2.53062000,4.24161120,1.14834720,1.07800000,1.12900000,4.06100000,1.53100000,130.86453000,119.74000000,133.32140120
2023-03-13,4.73591250,2.01040710,2.53458960,4.27162260,1.15676000,1.06800000,1.14100000,4.08900000,1.53800000,130.85946950,119.78000000,133.30547240
2023-03-14,4.70635000,1.99403100,2.48298480,4.20659790,1.12205720,1.04700000,1.09300000,4.14200000,1.52200000,130.90298980,119.81900000,133.30945460
2023-03-15,4.70516750,2.00430620,2.52466560,4.29663210,1.14203760,1.05000000,1.12100000,4.13900000,1.52600000,130.87161470,119.76900000,133.31741900
2023-03-16,4.65077250,1.97958150,2.50878720,4.31663970,1.12416040,1.05100000,1.09600000,4.17400000,1.48700000,130.93132860,119.88600000,133.31874640
2023-03-17,4.67560500,1.99114110,2.54252880,4.42167960,1.13677960,1.06000000,1.09500000,4.19800000,1.50300000,131.00217560,119.96200000,133.33069300
2023-03-20,4.64959000,1.98504020,2.49886320,4.36665870,1.10733480,1.05700000,1.06500000,4.32700000,1.49400000,131.08820410,119.99900000,133.34263960
2023-03-21,4.70043750,2.00591170,2.54252880,4.41167580,1.12941840,1.06400000,1.10200000,4.28600000,1.50400000,131.02545390,119.82700000,133.34794920
2023-03-22,4.72172250,2.01682910,2.57031600,4.47670050,1.15045040,1.07400000,1.12600000,4.22300000,1.51800000,131.01938130,119.87700000,133.36520540
2023-03-23,4.76665750,2.02806760,2.52863520,4.42167960,1.16096640,1.07200000,1.12600000,4.25300000,1.51500000,130.99306670,119.85300000,133.38246160
2023-03-24,4.76074500,2.03063640,2.53260480,4.45669290,1.15886320,1.08400000,1.12200000,4.27500000,1.55300000,130.93841330,119.81500000,133.39573560
2023-03-27,4.73591250,2.02967310,2.56436160,4.49670810,1.15676000,1.08200000,1.11900000,4.24600000,1.54500000,130.94853430,119.85300000,133.39440820
2023-03-28,4.72645250,2.02453550,2.56237680,4.46669670,1.16096640,1.08200000,1.12800000,4.22500000,1.55500000,130.97282470,119.84500000,133.39839040
2023-03-29,4.72645250,2.01618690,2.57230080,4.46669670,1.18515320,1.09100000,1.13300000,4.24000000,1.55500000,131.00116350,119.92000000,133.39440820
2023-03-30,4.77730000,2.02678320,2.59016400,4.51671570,1.18935960,1.09100000,1.14400000,4.24800000,1.55900000,131.03658700,119.79800000,133.39175340
2023-03-31,4.78912500,2.04187490,2.59611840,4.54172520,1.19461760,1.09400000,1.15500000,4.28100000,1.55500000,131.04670800,119.85200000,133.38777120
2023-04-03,4.82460000,2.06242530,2.63184480,4.60174800,1.19356600,1.10100000,1.15600000,4.22100000,1.55100000,131.03658700,119.87400000,133.43953980
2023-04-04,4.84825000,2.06370970,2.64772320,4.61175180,1.19356600,1.10700000,1.16700000,4.26900000,1.54600000,131.08111940,119.91700000,133.47007000
2023-04-06,4.83406000,2.06338860,2.62192080,4.53172140,1.18620480,1.08800000,1.16200000,4.33000000,1.52500000,131.12160340,119.93800000,133.49529060
2023-04-07,4.86835250,2.07912250,2.63184480,4.57173660,1.20303040,1.08800000,1.16700000,4.32800000,1.53700000,131.15500270,120.02000000,133.51254680
2023-04-10,4.85061500,2.06531520,2.62986000,4.55172900,1.19987560,1.08700000,1.16200000,4.28700000,1.52800000,131.26633370,120.09000000,133.50325500
2023-04-11,4.83879000,2.06499410,2.64375360,4.57673850,1.19777240,1.09500000,1.17300000,4.31100000,1.53200000,131.31187820,120.09900000,133.50856460
2023-04-12,4.83406000,2.07205830,2.63978400,4.54172520,1.19251440,1.09500000,1.17200000,4.34100000,1.53300000,131.34527750,120.22400000,133.52183860
2023-04-13,4.80449750,2.06306750,2.62986000,4.51171380,1.18410160,1.09600000,1.18000000,4.34600000,1.54100000,131.31592660,120.25400000,133.53113040
2023-04-14,4.82933000,2.06788400,2.64375360,4.55172900,1.19146280,1.11000000,1.19000000,4.36600000,1.56800000,131.28050310,120.19400000,133.54440440
2023-04-17,4.90146250,2.07815920,2.65764720,4.57173660,1.21354640,1.10700000,1.19000000,4.32400000,1.59900000,131.25216430,120.18600000,133.55502360
2023-04-18,4.90974000,2.07398490,2.66161680,4.57173660,1.20408200,1.11200000,1.18700000,4.30500000,1.59200000,131.30580560,120.21400000,133.58289900
2023-04-19,4.87071750,2.06435190,2.66161680,4.56173280,1.19672080,1.10800000,1.19300000,4.29700000,1.58600000,131.38272520,120.33000000,133.58422640
2023-04-20,4.85179750,2.06210420,2.65963200,4.56173280,1.19882400,1.11200000,1.19400000,4.30800000,1.58900000,131.36248320,120.23900000,133.58024420
2023-04-21,4.76547500,2.01297590,2.65169280,4.54172520,1.17884360,1.11500000,1.18300000,4.28800000,1.56400000,131.42219710,120.40700000,133.59750040
2023-04-24,4.70516750,1.99948970,2.64772320,4.53172140,1.16412120,1.11500000,1.19300000,4.27700000,1.54900000,131.45559640,120.51000000,133.59617300
2023-04-25,4.68270000,1.96930630,2.65764720,4.53172140,1.15781160,1.11700000,1.20600000,4.31600000,1.54900000,131.46571740,120.52500000,133.60015520
2023-04-26,4.67205750,1.97765490,2.63978400,4.52171760,1.16832760,1.11200000,1.20000000,4.32300000,1.53300000,131.46672950,120.57300000,133.60413740
2023-04-27,4.71344500,1.98600350,2.62589040,4.52671950,1.16937920,1.11300000,1.19800000,4.33300000,1.51900000,131.65194380,120.66400000,133.63068540
2023-04-28,4.75956250,2.01554470,2.66558640,4.61675370,1.17779200,1.11700000,1.20800000,4.29800000,1.53700000,131.70963350,120.74900000,133.65856080
2023-05-04,4.75956250,2.01586580,2.64176880,4.59174420,1.17358560,1.13300000,1.19600000,4.39500000,1.53400000,131.82298870,120.96400000,133.69174580
2023-05-05,4.74064250,1.99788420,2.63184480,4.58174040,1.17884360,1.13600000,1.19300000,4.41500000,1.52600000,132.05779590,121.16500000,133.72493080
2023-05-08,4.79385500,2.01040710,2.66757120,4.65176700,1.19461760,1.13400000,1.20600000,4.36800000,1.53900000,131.99302150,121.03500000,133.71563900
2023-05-09,4.75246750,1.99210440,2.66955600,4.65176700,1.17253400,1.14000000,1.19900000,4.37700000,1.52800000,132.04160230,121.14900000,133.71696640
2023-05-10,4.71581000,1.98857230,2.66955600,4.65176700,1.16832760,1.13200000,1.20300000,4.39800000,1.52800000,132.21365930,121.31100000,133.74085960
2023-05-11,4.70989750,1.98247140,2.68344960,4.71178980,1.16096640,1.14200000,1.19900000,4.39400000,1.49400000,132.39381310,121.48700000,133.78068160
2023-05-12,4.64959000,1.96320540,2.68543440,4.73179740,1.16517280,1.16900000,1.19300000,4.36500000,1.46700000,132.32195400,121.36500000,133.80324740
2023-05-15,4.72408750,1.98504020,2.68543440,4.72179360,1.18725640,1.16800000,1.19500000,4.38200000,1.47900000,132.39280100,121.36000000,133.78466380
2023-05-16,4.70398500,1.97187510,2.68344960,4.73679930,1.18305000,1.17000000,1.18900000,4.36900000,1.46400000,132.32195400,121.31600000,133.77537200
2023-05-17,4.67205750,1.97251730,2.68940400,4.76681070,1.18094680,1.21300000,1.19400000,4.35300000,1.47000000,132.30980880,121.30500000,133.77404460
2023-05-18,4.67087500,1.97572830,2.72513040,4.84183920,1.17674040,1.29000000,1.21000000,4.34500000,1.48900000,132.26932480,121.29600000,133.76873500
2023-05-19,4.66378000,1.97733380,2.76681120,4.95188100,1.17568880,1.39600000,1.22400000,4.33000000,1.48400000,132.35636540,121.42700000,133.78068160
2023-05-22,4.68743000,1.97444390,2.75490240,4.92186960,1.18725640,1.26600000,1.22700000,4.34700000,1.46400000,132.51931350,121.45300000,133.78731860
2023-05-23,4.62002750,1.95357240,2.76681120,4.96188480,1.16832760,1.20100000,1.22300000,4.33000000,1.45200000,132.84824600,121.70800000,133.78864600
2023-05-24,4.55735500,1.93880180,2.74100880,4.88685630,1.15360520,1.19300000,1.20500000,4.35200000,1.44000000,132.77031430,121.66700000,133.79262820
2023-05-25,4.54671250,1.93302200,2.73902400,4.96688670,1.13362480,1.19400000,1.19600000,4.33500000,1.44000000,132.60534200,121.56400000,133.79926520
2023-05-26,4.55262500,1.95004030,2.73703920,4.98189240,1.12836680,1.18600000,1.19000000,4.31000000,1.45700000,132.59926940,121.35200000,133.82183100
2023-05-29,4.53370500,1.94779260,2.79261360,5.16196080,1.12626360,1.19700000,1.22100000,4.31400000,1.46900000,132.62963240,121.45900000,133.82846800
2023-05-30,4.53843500,1.95838890,2.80452240,5.17696650,1.12626360,1.20100000,1.20100000,4.30000000,1.46500000,132.73691500,121.46500000,133.82846800
2023-05-31,4.49586500,1.95614120,2.78268960,5.15695890,1.10102520,1.19200000,1.18300000,4.36500000,1.45600000,132.80573780,121.50400000,133.84174200
2023-06-01,4.50532500,1.95935220,2.78665920,5.15195700,1.10943800,1.20200000,1.18500000,4.36200000,1.47600000,132.91504460,121.65400000,133.84970640
2023-06-02,4.56799750,1.97604940,2.80253760,5.21698170,1.14834720,1.22300000,1.19800000,4.37500000,1.48500000,132.73489080,121.57900000,133.86961740
2023-06-05,4.54671250,1.97187510,2.85414240,5.24199120,1.15781160,1.25000000,1.20900000,4.32400000,1.46300000,132.86747590,121.62600000,133.87758180
2023-06-06,4.50296000,1.93526970,2.84421840,5.24699310,1.15255360,1.27500000,1.20100000,4.35700000,1.47200000,132.91706880,121.76000000,133.88952840
2023-06-07,4.48877000,1.93655410,2.85811200,5.26199880,1.16937920,1.24700000,1.20600000,4.36300000,1.47500000,133.04358130,121.86900000,133.89882020
2023-06-08,4.52661000,1.93237980,2.84421840,5.15195700,1.17463720,1.22400000,1.20000000,4.33800000,1.47900000,132.98285530,121.84400000,133.90545720
2023-06-09,4.54553000,1.94875590,2.86009680,5.23698930,1.18199840,1.25100000,1.21200000,4.37500000,1.50400000,133.06078700,121.97700000,133.89749280
2023-06-12,4.55026000,1.95453570,2.88391440,5.29701210,1.18410160,1.26900000,1.21700000,4.37800000,1.49000000,133.13568240,122.05800000,133.92138600
2023-06-13,4.58455250,1.96031550,2.91964080,5.42706150,1.19566920,1.29700000,1.23800000,4.38800000,1.49700000,133.28344900,122.27900000,133.92404080
2023-06-14,4.58455250,1.96256320,2.92956480,5.43206340,1.18515320,1.30500000,1.23600000,4.36300000,1.51400000,133.37959850,122.59800000,133.93067780
2023-06-15,4.66141500,1.97990260,2.92162560,5.45707290,1.20723680,1.28600000,1.24100000,4.32900000,1.52200000,133.02738770,122.24500000,133.92404080
2023-06-16,4.70516750,1.99370990,2.94544320,5.50209000,1.22301080,1.28900000,1.25500000,4.35900000,1.54500000,132.74501180,121.79400000,133.93996960
2023-06-19,4.66969250,1.99114110,2.94544320,5.48208240,1.21354640,1.27500000,1.25500000,4.36600000,1.53100000,132.78347160,121.88800000,133.95855320
2023-06-20,4.66141500,1.99017780,2.95139760,5.47708050,1.20408200,1.27400000,1.24500000,4.37400000,1.53000000,132.80978620,121.86600000,133.96253540
2023-06-21,4.59637750,1.95004030,2.95139760,5.50209000,1.18410160,1.29800000,1.24600000,4.35600000,1.53300000,132.94945600,122.01000000,133.99173820
2023-06-26,4.54434750,1.91760920,2.94147360,5.45707290,1.16517280,1.25600000,1.23100000,4.35400000,1.51200000,133.02941190,122.16900000,133.99704780
2023-06-27,4.57509250,1.93205870,2.92559520,5.38204440,1.18305000,1.24700000,1.23400000,4.35000000,1.51500000,132.95249230,121.97200000,134.00766700
2023-06-28,4.58455250,1.93655410,2.95536720,5.45207100,1.18725640,1.27200000,1.24700000,4.33500000,1.51000000,132.97475850,121.98900000,134.00103000
2023-06-29,4.56326750,1.93366420,2.96926080,5.49708810,1.17358560,1.26100000,1.24400000,4.34300000,1.50200000,132.94034710,122.03100000,133.98775600
2023-06-30,4.59046500,1.95710450,2.98315440,5.50209000,1.17463720,1.26300000,1.24100000,4.34900000,1.51100000,133.12050090,122.26200000,134.03952460
2023-07-03,4.64367750,1.96641640,3.02086560,5.59212420,1.19777240,1.28400000,1.26000000,4.35800000,1.52600000,133.18122690,122.20300000,134.06076300
2023-07-04,4.65195500,1.97091180,3.00895680,5.56211280,1.19777240,1.26700000,1.24900000,4.36400000,1.52500000,133.15896070,122.21700000,134.07270960
2023-07-05,4.62002750,1.96095770,3.00697200,5.55210900,1.18620480,1.26400000,1.23800000,4.36700000,1.51900000,133.35024760,122.23300000,134.08332880
2023-07-06,4.58691750,1.94971920,3.00101760,5.55711090,1.16412120,1.25000000,1.22700000,4.36500000,1.53800000,133.39376790,122.27600000,134.11651380
2023-07-07,4.57391000,1.94458160,2.98116960,5.53210140,1.15150200,1.23900000,1.21300000,4.35900000,1.52700000,133.40692520,122.30900000,134.12846040
2023-07-10,4.59283000,1.95132470,2.96132160,5.47708050,1.15360520,1.23700000,1.21600000,4.37000000,1.52300000,133.39882840,122.33100000,134.11518640
2023-07-11,4.62357500,1.96737970,2.97521520,5.50709190,1.16412120,1.24700000,1.23300000,4.37400000,1.53500000,133.41502200,122.42600000,134.11651380
2023-07-12,4.60110750,1.94779260,2.98910880,5.51209380,1.16937920,1.24200000,1.23700000,4.37100000,1.53400000,133.41198570,122.44700000,134.11916860
2023-07-13,4.67560500,1.97476500,3.00895680,5.59212420,1.19777240,1.27100000,1.25600000,4.40800000,1.55400000,133.39376790,122.39500000,134.12447820
2023-07-14,4.67324000,1.96705860,3.00300240,5.63213940,1.19777240,1.25900000,1.26300000,4.38800000,1.55700000,133.35227180,122.34600000,134.14306180
2023-07-17,4.64013000,1.96224210,3.01888080,5.66215080,1.18515320,1.26200000,1.27000000,4.40600000,1.54700000,133.44538500,122.46300000,134.15500840
2023-07-18,4.63303500,1.95935220,3.03277440,5.71216980,1.17884360,1.26800000,1.27300000,4.42200000,1.54800000,133.52837720,122.63800000,134.17757420
2023-07-19,4.63067000,1.95646230,3.08040960,5.81720970,1.18199840,1.28900000,1.28900000,4.47300000,1.54700000,133.56278860,122.61400000,134.16297280
2023-07-20,4.59756000,1.93526970,3.05857680,5.73717930,1.17463720,1.26000000,1.26900000,4.47000000,1.55700000,133.55975230,122.62300000,134.17491940
2023-07-21,4.59992500,1.93623300,3.04865280,5.64214320,1.17989520,1.24700000,1.26800000,4.45300000,1.56100000,133.69436160,122.77100000,134.18553860
2023-07-24,4.57982250,1.93302200,3.05857680,5.66215080,1.15781160,1.25800000,1.26800000,4.44200000,1.55000000,133.73079720,122.85400000,134.19217560
2023-07-25,4.71226250,1.96448980,3.05262240,5.64214320,1.19777240,1.25000000,1.26100000,4.42000000,1.57100000,133.39579210,122.39200000,134.19217560
2023-07-26,4.70162000,1.96095770,3.05857680,5.65714890,1.19777240,1.25300000,1.26200000,4.43900000,1.57800000,133.42008250,122.51000000,134.19881260
2023-07-27,4.69689000,1.94747150,3.06651600,5.70716790,1.21144320,1.26900000,1.26600000,4.44800000,1.57600000,133.53343770,122.64400000,134.21341400
2023-07-28,4.81041000,1.97701270,3.04468320,5.67215460,1.23247520,1.26500000,1.26300000,4.40400000,1.58200000,133.44133660,122.60300000,134.20014000
2023-07-31,4.82933000,1.98953560,3.05460720,5.74718310,1.24824920,1.26200000,1.27100000,4.40900000,1.58400000,133.32089670,122.45400000,134.21208660
2023-08-01,4.80804500,1.99114110,3.07445520,5.76719070,1.23668160,1.26600000,1.26900000,4.42600000,1.59500000,133.41603410,122.54500000,134.23863460
2023-08-02,4.77375250,1.98407690,3.05063760,5.68716030,1.21039160,1.23600000,1.24400000,4.42500000,1.58400000,133.42109460,122.65100000,134.25323600
2023-08-03,4.81632250,1.99082000,3.02285040,5.59212420,1.21564960,1.21800000,1.23400000,4.40600000,1.57200000,133.47878430,122.71400000,134.27978400
2023-08-04,4.84115500,2.00398510,3.02880480,5.64214320,1.21144320,1.22800000,1.23800000,4.40100000,1.57600000,133.52331670,122.71500000,134.29836760
2023-08-07,4.80449750,1.99082000,3.01292640,5.59212420,1.21459800,1.23400000,1.23500000,4.41000000,1.57000000,133.57999430,122.75800000,134.28907580
2023-08-08,4.78676000,1.98407690,3.03475920,5.60212800,1.19566920,1.22800000,1.23500000,4.41400000,1.56500000,133.60732100,122.79500000,134.29571280
2023-08-09,4.77730000,1.97059070,3.03475920,5.59712610,1.19461760,1.22500000,1.23600000,4.41100000,1.56100000,133.63262350,122.83500000,134.29571280
2023-08-10,4.78321250,1.96994850,3.01888080,5.54710710,1.19777240,1.22800000,1.23800000,4.39600000,1.55600000,133.58100640,122.81900000,134.30367720
2023-08-11,4.67087500,1.93109540,3.02086560,5.55210900,1.19041120,1.22900000,1.24500000,4.41500000,1.55000000,133.61946620,122.83600000,134.32358820
2023-08-14,4.63894750,1.93334310,3.02682000,5.51709570,1.17463720,1.21600000,1.23200000,4.42100000,1.53400000,133.68626480,122.94900000,134.33686220
2023-08-15,4.63421750,1.92274680,3.05857680,5.62213560,1.17463720,1.22000000,1.24300000,4.43100000,1.54400000,133.96256810,123.27900000,134.35279100
2023-08-16,4.59874250,1.90893950,3.02483520,5.56211280,1.15781160,1.20500000,1.22700000,4.43300000,1.52500000,134.03442720,123.47500000,134.37004720
2023-08-17,4.61411500,1.92049910,3.00697200,5.52209760,1.16517280,1.19600000,1.22600000,4.42900000,1.53500000,133.99191900,123.46500000,134.33818960
2023-08-18,4.55499000,1.89063680,2.97124560,5.41705770,1.13572800,1.19000000,1.21100000,4.42100000,1.53800000,134.05972970,123.54000000,134.36075540
2023-08-21,4.49350000,1.86591210,2.98315440,5.43206340,1.11469600,1.20300000,1.21800000,4.43800000,1.55000000,134.18219380,123.81900000,134.37801160
2023-08-22,4.52069750,1.87458180,2.99506320,5.52209760,1.12521200,1.20100000,1.22700000,4.43100000,1.55900000,134.10729840,123.67500000,134.36473760
2023-08-23,4.45566000,1.84247180,2.99704800,5.52209760,1.12100560,1.21400000,1.22100000,4.45200000,1.56700000,134.09414110,123.66300000,134.37402940
2023-08-24,4.48285750,1.84760940,3.04071360,5.67215460,1.14414080,1.22300000,1.23000000,4.46400000,1.56100000,134.06276600,123.63600000,134.38199380
2023-08-25,4.47458000,1.82577460,2.97918480,5.45707290,1.13152160,1.18600000,1.19600000,4.44800000,1.56300000,133.99900370,123.57900000,134.38863080
2023-08-28,4.53725250,1.84600390,3.00697200,5.52709950,1.14308920,1.21000000,1.21500000,4.45000000,1.55800000,133.83200720,123.49100000,134.39128560
2023-08-29,4.56326750,1.88614140,3.02483520,5.55711090,1.16306960,1.20900000,1.22300000,4.46200000,1.56400000,133.66804700,123.27100000,134.39261300
2023-08-30,4.56208500,1.88646250,3.06651600,5.67715650,1.16517280,1.21500000,1.23800000,4.47700000,1.57000000,133.92410830,123.34200000,134.40455960
2023-08-31,4.53961750,1.87715060,3.08239440,5.70216600,1.15570840,1.23100000,1.24200000,4.49400000,1.57200000,133.95042290,123.42700000,134.41783360
2023-09-01,4.56681500,1.87907720,3.06453120,5.69716410,1.15991480,1.23100000,1.23100000,4.48900000,1.59300000,133.80771680,123.30400000,134.47358440
2023-09-04,4.63540000,1.90604960,3.07048560,5.71216980,1.18199840,1.23700000,1.22600000,4.50600000,1.58700000,133.48384480,122.94200000,134.46429260
2023-09-05,4.60347250,1.89224230,3.07247040,5.70716790,1.16622440,1.23600000,1.21700000,4.50800000,1.59100000,133.57999430,123.01200000,134.45367340
2023-09-06,4.59164750,1.89160010,3.07247040,5.71717170,1.16201800,1.24600000,1.21400000,4.50500000,1.59800000,133.47878430,122.86900000,134.45632820
2023-09-07,4.52897500,1.86526990,3.04666800,5.67215460,1.15360520,1.23100000,1.20700000,4.50400000,1.59100000,133.31583620,122.76000000,134.46694740
2023-09-08,4.50414250,1.86462770,3.06453120,5.70716790,1.14729560,1.23000000,1.22100000,4.53600000,1.57900000,133.42210670,122.84800000,134.47756660
2023-09-11,4.53725250,1.88614140,3.04865280,5.67215460,1.14203760,1.22500000,1.21500000,4.54500000,1.58500000,133.42210670,122.83500000,134.48154880
2023-09-12,4.53134000,1.88678360,3.05857680,5.70716790,1.14624400,1.23400000,1.21600000,4.54600000,1.58200000,133.44538500,122.86600000,134.48420360
2023-09-13,4.50177750,1.86783870,3.03674400,5.64214320,1.14098600,1.22300000,1.20200000,4.55700000,1.57500000,133.58100640,122.98000000,134.49482280
2023-09-14,4.49823000,1.86623320,3.05063760,5.68215840,1.14308920,1.24100000,1.20400000,4.59200000,1.58900000,133.64881710,123.10900000,134.49216800
2023-09-15,4.47812750,1.86655430,3.07247040,5.71216980,1.15255360,1.25000000,1.21200000,4.54800000,1.59500000,133.58201850,122.97100000,134.50676940
2023-09-18,4.49350000,1.87040750,3.03872880,5.62213560,1.14098600,1.24100000,1.20700000,4.52400000,1.59400000,133.43830030,122.79000000,134.51207900
2023-09-19,4.48758750,1.86238000,3.03674400,5.61713370,1.13888280,1.24000000,1.19900000,4.55900000,1.57800000,133.42311880,122.79600000,134.51606120
2023-09-20,4.46630250,1.84921490,3.03277440,5.62213560,1.13783120,1.23200000,1.20200000,4.59400000,1.58600000,133.37048960,122.76600000,134.52137080
2023-09-21,4.42491500,1.83444430,3.00101760,5.51709570,1.12205720,1.21500000,1.18900000,4.58000000,1.57100000,133.46866330,122.79800000,134.52004340
2023-09-22,4.51360250,1.86591210,2.96330640,5.46207480,1.14098600,1.21100000,1.18500000,4.56100000,1.57300000,133.37251380,122.63500000,134.52668040
2023-09-25,4.48049250,1.85531580,2.95735200,5.47207860,1.12941840,1.21900000,1.18200000,4.58100000,1.57000000,133.34518710,122.48000000,134.55455580
2023-09-26,4.45566000,1.84921490,2.94345840,5.42706150,1.11469600,1.19700000,1.16200000,4.57800000,1.55900000,133.19438420,122.38900000,134.55588320
2023-09-27,4.46748500,1.85724240,2.92758000,5.40705390,1.11995400,1.19800000,1.15600000,4.51100000,1.55100000,132.89277840,122.37600000,134.56782980
2023-09-28,4.45093000,1.85981120,2.91964080,5.40205200,1.10628320,1.18900000,1.14900000,4.43600000,1.55000000,133.47777220,122.68900000,134.65942040
2023-10-09,4.43910500,1.84953600,2.91765600,5.48208240,1.11259280,1.16100000,1.14200000,4.40500000,1.55000000,133.59011530,122.72000000,134.68729580
2023-10-10,4.40717750,1.84054520,2.95735200,5.55711090,1.11890240,1.18500000,1.15200000,4.34800000,1.52600000,133.49497790,122.73800000,134.71251640
2023-10-11,4.41663750,1.83893970,2.97521520,5.59212420,1.13467640,1.19000000,1.16700000,4.35500000,1.53500000,133.25207390,122.52500000,134.69393280
2023-10-12,4.45920750,1.85274700,2.99704800,5.64214320,1.15465680,1.21200000,1.18200000,4.39000000,1.54100000,133.23284400,122.55200000,134.69526020
2023-10-13,4.41782000,1.84311400,2.97124560,5.61213180,1.13047000,1.19600000,1.15900000,4.40500000,1.53300000,133.34316290,122.70300000,134.71915340
2023-10-16,4.36697250,1.82481130,2.96926080,5.55711090,1.11890240,1.17700000,1.14500000,4.46000000,1.53900000,133.35733230,122.80300000,134.71915340
2023-10-17,4.38116250,1.82834340,2.99109360,5.59712610,1.12731520,1.19200000,1.15400000,4.48000000,1.52400000,133.29154580,122.73100000,134.72711780
2023-10-18,4.34805250,1.80650860,2.98712400,5.57211660,1.12521200,1.18900000,1.15500000,4.52300000,1.53500000,133.26624330,122.70400000,134.75499320
2023-10-19,4.25700000,1.78563710,2.94742800,5.50209000,1.10207680,1.16600000,1.13400000,4.54700000,1.53200000,133.02839980,122.51900000,134.76959460
2023-10-20,4.23571500,1.77343530,2.91170160,5.43206340,1.09366400,1.16000000,1.13000000,4.59700000,1.52100000,133.13163400,122.70100000,134.76561240
2023-10-23,4.19078000,1.72623360,2.89185360,5.39705010,1.07894160,1.15200000,1.12400000,4.57200000,1.51700000,133.25511020,122.83100000,134.76959460
2023-10-24,4.19669250,1.74678400,2.88788400,5.43206340,1.08314800,1.16000000,1.13400000,4.57500000,1.53200000,133.19236000,122.68100000,134.76959460
2023-10-25,4.22034250,1.75545370,2.88986880,5.41205580,1.09050920,1.16100000,1.12600000,4.55700000,1.53800000,133.34822340,122.79900000,134.75366580
2023-10-26,4.23571500,1.76316010,2.84421840,5.24699310,1.08525120,1.13300000,1.11300000,4.59000000,1.52900000,133.50611100,122.83100000,134.75233840
2023-10-27,4.29957000,1.79655450,2.84421840,5.26700070,1.10733480,1.14900000,1.11800000,4.59900000,1.53100000,133.44538500,122.84100000,134.77092200
2023-10-30,4.31849000,1.81100400,2.83230960,5.27700450,1.10628320,1.14800000,1.11500000,4.60900000,1.54300000,133.62351460,122.89000000,134.78154120
2023-10-31,4.30903000,1.80682970,2.84024880,5.27200260,1.09050920,1.14700000,1.12000000,4.62000000,1.53800000,133.66399860,123.05000000,134.79348780
2023-11-01,4.30666500,1.80297650,2.87002080,5.34703110,1.08945760,1.16500000,1.13000000,4.60300000,1.52400000,133.69132530,123.17600000,134.82667280
2023-11-02,4.28656250,1.78660040,2.90376240,5.45707290,1.09261240,1.18000000,1.14200000,4.61300000,1.53100000,133.79051110,123.29700000,134.84127420
2023-11-03,4.31967250,1.79976550,2.94941280,5.49708810,1.11890240,1.19500000,1.15800000,4.61000000,1.54300000,133.78140220,123.28500000,134.82932760
2023-11-06,4.37643250,1.83027000,2.96529120,5.55711090,1.13572800,1.20400000,1.16400000,4.58700000,1.53900000,133.74395450,123.27200000,134.82401800
2023-11-07,4.36342500,1.83315990,2.96132160,5.55210900,1.11785080,1.18600000,1.14800000,4.56900000,1.53700000,133.77937800,123.33600000,134.84525640
2023-11-08,4.35041750,1.83187550,2.97124560,5.60212800,1.10943800,1.17800000,1.14300000,4.55100000,1.53900000,133.79253530,123.34400000,134.84791120
2023-11-09,4.35396500,1.82802230,2.98712400,5.63714130,1.11048960,1.20000000,1.16400000,4.52100000,1.53500000,133.79962000,123.35100000,134.85454820
2023-11-10,4.32203750,1.82160030,2.96330640,5.58212040,1.09576720,1.19100000,1.15700000,4.55400000,1.53200000,133.80468050,123.36800000,134.87313180
2023-11-13,4.31612500,1.83155440,3.00300240,5.70216600,1.09787040,1.19200000,1.16400000,4.53800000,1.53500000,133.96459230,123.42300000,134.87844140
2023-11-14,4.31612500,1.83926080,3.01292640,5.72217360,1.10838640,1.19600000,1.17200000,4.55800000,1.53400000,133.95345920,123.35200000,134.88242360
2023-11-15,4.34568750,1.85114150,3.05460720,5.82221160,1.13467640,1.22800000,1.20300000,4.57700000,1.54400000,133.95042290,123.31600000,134.88242360
2023-11-16,4.30311750,1.83251770,3.05857680,5.79720210,1.12626360,1.21600000,1.21400000,4.55900000,1.54300000,134.02734250,123.41400000,134.90897160
2023-11-17,4.29720500,1.83861860,3.05659200,5.80720590,1.10418000,1.23100000,1.21800000,4.57200000,1.53600000,134.03948770,123.46400000,134.91959080
2023-11-20,4.31021250,1.84889380,3.02483520,5.72717550,1.10943800,1.22200000,1.21400000,4.52200000,1.53100000,133.96864070,123.46100000,134.94215660
2023-11-21,4.31612500,1.84343510,3.03674400,5.79220020,1.10523160,1.22500000,1.21800000,4.51600000,1.52600000,133.90690260,123.48800000,134.94082920
2023-11-22,4.27000750,1.81999480,3.03277440,5.75218500,1.09787040,1.21600000,1.21200000,4.49900000,1.51400000,133.75407550,123.42100000,134.94746620
2023-11-23,4.29247500,1.83637090,3.04269840,5.78219640,1.10733480,1.22500000,1.21300000,4.49500000,1.50700000,133.58707900,123.25400000,134.95410320
2023-11-24,4.26291250,1.82160030,3.04666800,5.78719830,1.09471560,1.22800000,1.22400000,4.49900000,1.51400000,133.68424060,123.27200000,134.98596080
2023-11-27,4.23453250,1.81710490,3.04468320,5.75718690,1.09050920,1.22800000,1.22600000,4.54600000,1.50700000,133.66501070,123.23400000,134.97534160
2023-11-28,4.23926250,1.82545350,3.04666800,5.77219260,1.08419960,1.22900000,1.21900000,4.56000000,1.50800000,133.65286550,123.32500000,134.97401420
2023-11-29,4.20733500,1.81614160,3.04071360,5.77219260,1.05370320,1.23300000,1.22700000,4.59100000,1.50700000,133.60428470,123.28800000,134.97401420
2023-11-30,4.21206500,1.81004070,3.03872880,5.76719070,1.05896120,1.24500000,1.24400000,4.58900000,1.51000000,133.69942210,123.33200000,134.98463340
2023-12-01,4.19551000,1.81871040,3.05460720,5.74218120,1.05475480,1.24000000,1.24000000,4.58900000,1.50700000,133.79962000,123.44200000,135.02445540
2023-12-04,4.16713000,1.81485720,3.07048560,5.75218500,1.03687760,1.24700000,1.24600000,4.64300000,1.50800000,133.70347050,123.37500000,135.02843760
2023-12-05,4.08908500,1.78692150,3.04468320,5.68716030,1.01374240,1.22100000,1.23700000,4.58000000,1.49100000,133.68930110,123.38000000,135.03241980
2023-12-06,4.09499750,1.79077470,3.06850080,5.76719070,1.02741320,1.25400000,1.25500000,4.57800000,1.50200000,133.67108330,123.33500000,135.03374720
2023-12-07,4.08435500,1.79238020,3.04269840,5.70216600,1.01794880,1.24100000,1.25200000,4.58400000,1.49800000,133.74294240,123.38100000,135.04702120
2023-12-08,4.09263250,1.79623340,3.06651600,5.78719830,1.02110360,1.23000000,1.25900000,4.59100000,1.50600000,133.80974100,123.42900000,135.02711020
2023-12-11,4.12101250,1.81614160,3.09430320,5.82221160,1.01479400,1.24600000,1.27500000,4.55700000,1.50800000,133.99697950,123.65700000,135.05631300
2023-12-12,4.13047250,1.81935260,3.11018160,5.89223820,1.02846480,1.24200000,1.27200000,4.53900000,1.50800000,133.98483430,123.59800000,135.08020620
2023-12-13,4.06188750,1.80040770,3.12804480,5.95726290,1.01269080,1.26100000,1.27400000,4.52900000,1.49800000,134.16903650,123.75000000,135.09746240
2023-12-14,4.04296750,1.79430680,3.16178640,6.02228760,1.01900040,1.28200000,1.29200000,4.59800000,1.51200000,134.04353610,123.74100000,135.09878980
2023-12-15,4.03469000,1.78017840,3.14789280,5.96726670,1.03898080,1.28500000,1.28100000,4.59000000,1.51600000,134.16195180,123.82000000,135.10808160
2023-12-18,4.01813500,1.76059130,3.16178640,6.01228380,1.03372280,1.28300000,1.27400000,4.57600000,1.52400000,134.27024650,123.90500000,135.10940900
2023-12-19,4.02050000,1.75770140,3.17766480,6.04729710,1.02741320,1.30100000,1.27400000,4.58900000,1.52500000,134.25708920,123.91700000,135.11339120
2023-12-20,3.98384250,1.73779320,3.19354320,6.08231040,1.03161960,1.34000000,1.28400000,4.60400000,1.52900000,134.16498810,123.87100000,135.12401040
2023-12-21,4.02050000,1.74228860,3.15186240,6.00228000,1.03372280,1.30200000,1.27100000,4.60500000,1.53100000,134.21458100,123.92600000,135.11870080
2023-12-22,4.02759500,1.73715100,3.16972560,6.03229140,1.01584560,1.30500000,1.27700000,4.62700000,1.53400000,134.39372270,124.01800000,135.14392140
2023-12-25,4.03823750,1.73490330,3.17568000,6.03729330,1.02320680,1.32600000,1.28700000,4.63400000,1.53500000,134.50302950,124.12000000,135.15985020
2023-12-26,4.01458750,1.71981160,3.18560400,6.07730850,1.01900040,1.35800000,1.29100000,4.64700000,1.53700000,134.60626370,124.17800000,135.15852280
2023-12-27,4.02641250,1.72494920,3.19155840,6.09731610,1.03582600,1.33600000,1.29400000,4.66000000,1.54500000,134.73682460,124.27600000,135.16250500
2023-12-28,4.12574250,1.75802250,3.18560400,6.08231040,1.05370320,1.32200000,1.29300000,4.66200000,1.54600000,134.85726450,124.27600000,135.14126660
2023-12-29,4.13756750,1.77215090,3.18163440,6.06730470,1.04844520,1.31800000,1.28200000,4.64800000,1.53800000,134.97669230,124.50200000,135.21213300
2024-01-02,4.08317250,1.76508670,3.18957360,6.05229900,1.03898080,1.31600000,1.28900000,4.66600000,1.54400000,134.86434920,124.73000000,135.24996100
2024-01-03,4.07134750,1.76283900,3.16575600,5.95726290,1.03477440,1.29600000,1.27400000,4.66300000,1.53700000,134.82892570,124.41100000,135.25266300
2024-01-04,4.03587250,1.74871060,3.15384720,5.92725150,1.03477440,1.31300000,1.26100000,4.65100000,1.52500000,134.93317200,124.65900000,135.26212000
2024-01-05,4.01577000,1.72623360,3.13995360,5.88223440,1.03056800,1.30000000,1.25800000,4.66400000,1.51900000,135.07182970,125.01700000,135.28643800
2024-01-08,3.96019250,1.68577500,3.14392320,5.89724010,1.00848440,1.32600000,1.26400000,4.65000000,1.52100000,135.03741830,124.83000000,135.28643800
2024-01-09,3.96965250,1.68962820,3.19751280,6.04729710,1.01269080,1.37000000,1.29000000,4.64900000,1.51800000,135.05867240,124.98200000,135.29184200
2024-01-10,3.95073250,1.68545390,3.19552800,6.04729710,1.00322640,1.38200000,1.27700000,4.63100000,1.51300000,135.04146670,124.94100000,135.30265000
2024-01-11,3.97320000,1.70568320,3.22133040,6.11732370,1.01900040,1.44600000,1.29000000,4.63100000,1.52900000,135.07486600,124.86200000,135.29994800
2024-01-12,3.96019250,1.69926120,3.20743680,6.09731610,1.01163920,1.45600000,1.27600000,4.64600000,1.52300000,135.03134570,124.72900000,135.32967000
2024-01-15,3.95546250,1.69508690,3.22331520,6.13733130,1.01163920,1.52400000,1.29200000,4.67300000,1.51900000,134.98681330,124.74800000,135.34182900
2024-01-16,3.98147750,1.69348140,3.20743680,6.07730850,0.99376200,1.45900000,1.26500000,4.67700000,1.51700000,134.89471220,124.71100000,135.34047800
2024-01-17,3.89279000,1.65077510,3.19354320,6.07230660,0.95485280,1.44400000,1.25100000,4.63100000,1.51700000,134.99288590,124.85800000,135.34588200
2024-01-18,3.94709040,1.65238060,3.19552800,6.08731230,0.96747200,1.44700000,1.25900000,4.61600000,1.51400000,134.96353500,124.95000000,135.35804100
2024-01-19,3.95554500,1.63953660,3.22728480,6.21235980,0.95485280,1.46000000,1.27100000,4.64300000,1.51300000,135.19125750,125.01600000,135.38100800
2024-01-22,3.87220680,1.56375700,3.27888960,6.40243200,0.93382080,1.55200000,1.29900000,4.62500000,1.51200000,135.25400770,125.12700000,135.40262400
2024-01-23,3.89877840,1.58880280,3.28682880,6.35741490,0.95800760,1.62800000,1.31300000,4.63200000,1.52600000,135.17506390,125.06600000,135.39181600
2024-01-24,3.96037620,1.61127980,3.32255520,6.39242820,0.97588480,1.52600000,1.30300000,4.62600000,1.53500000,135.12749520,125.07900000,135.39181600
2024-01-25,4.02801300,1.65880260,3.30667680,6.35741490,1.00953600,1.40300000,1.30600000,4.60500000,1.53900000,135.29955220,125.08900000,135.37695500
2024-01-26,4.02076620,1.64049990,3.28285920,6.30739590,0.99796840,1.38900000,1.28900000,4.62500000,1.54000000,135.39367750,125.18000000,135.41478300
2024-01-29,3.98453220,1.60967430,3.29675280,6.36241680,1.00007160,1.43300000,1.30000000,4.63400000,1.53800000,135.44023410,125.25000000,135.42559100
2024-01-30,3.91689540,1.57692210,3.33644880,6.46245480,0.97903960,1.49900000,1.31400000,4.64700000,1.53400000,135.79042070,125.59900000,135.44315400
2024-01-31,3.89153160,1.53582130,3.32255520,6.32240160,0.96431720,1.41700000,1.29300000,4.65300000,1.53900000,135.82382000,125.80400000,135.45126000
2024-02-01,3.88670040,1.53004150,3.29476800,6.26237880,0.97062680,1.42000000,1.27600000,4.66800000,1.53000000,135.70034380,125.81700000,135.46206800
2024-02-02,3.85046640,1.48894070,3.35034240,6.41743770,0.97273000,1.43200000,1.29000000,4.67900000,1.52000000,135.68819860,125.79000000,135.47828000
2024-02-05,3.87462240,1.45618850,3.36423600,6.44744910,0.97273000,1.43400000,1.28000000,4.64300000,1.51200000,135.84811040,125.98500000,135.48773700
2024-02-06,3.99902580,1.57756430,3.36423600,6.45745290,1.00743280,1.39100000,1.27500000,4.63300000,1.50900000,135.64467830,125.65700000,135.47692900
2024-02-07,4.03405200,1.67774750,3.37614480,6.39743010,1.00427800,1.36300000,1.28100000,4.64200000,1.51100000,135.58192810,125.72700000,135.50124700
2024-02-08,4.06062360,1.68545390,3.46347600,6.54248520,0.99376200,1.39300000,1.28100000,4.66200000,1.51800000,135.82382000,125.90000000,135.63094300
2024-02-19,4.09323420,1.67453650,3.44759760,6.50747190,1.01479400,1.45500000,1.28800000,4.64400000,1.51400000,135.78333600,125.92300000,135.56744600
2024-02-20,4.10772780,1.67453650,3.43568880,6.49746810,1.01269080,1.48000000,1.28600000,4.64200000,1.51000000,135.82584420,126.00900000,135.57690300
2024-02-21,4.16570220,1.67357320,3.40790160,6.41243580,1.03477440,1.46800000,1.28900000,4.64200000,1.52500000,135.90984850,126.09400000,135.57285000
2024-02-22,4.19710500,1.68802270,3.45553680,6.52247760,1.04003240,1.52100000,1.30400000,4.63900000,1.52800000,135.96855030,126.07100000,135.57690300
2024-02-23,4.20072840,1.69572910,3.50515680,6.60750990,1.04739360,1.54500000,1.31800000,4.63000000,1.53500000,136.13655890,126.25200000,135.59851900
2024-02-26,4.15845540,1.69251810,3.48332400,6.54248520,1.03898080,1.56900000,1.31400000,4.65100000,1.52900000,136.14870410,126.35300000,135.60797600
2024-02-27,4.20797520,1.73329780,3.49523280,6.53248140,1.04108400,1.54800000,1.31800000,4.64600000,1.53300000,136.18716390,126.54000000,135.61067800
2024-02-28,4.16449440,1.68866490,3.53889840,6.54748710,1.03056800,1.56600000,1.33300000,4.64500000,1.52900000,136.19829700,126.70200000,135.60932700
2024-02-29,4.23092340,1.74389410,3.51706560,6.50247000,1.03477440,1.55700000,1.33400000,4.64700000,1.54000000,136.24991410,126.90400000,135.60527400
2024-03-01,4.26353400,1.75545370,3.53492880,6.60750990,1.03372280,1.57600000,1.34200000,4.66700000,1.53800000,136.16793400,126.43800000,135.64310200
2024-03-04,4.25991060,1.75481150,3.56073120,6.69754410,1.03056800,1.58100000,1.34400000,4.72500000,1.54300000,136.17299450,126.59600000,135.65796300
2024-03-05,4.29493680,1.74614180,3.55080720,6.64752510,1.01269080,1.56900000,1.33600000,4.78900000,1.54200000,136.17805500,126.62300000,135.67012200
2024-03-06,4.27802760,1.74453630,3.53492880,6.62251560,1.02320680,1.56800000,1.34100000,4.82400000,1.54400000,136.36023300,127.02700000,135.67957900
2024-03-07,4.25507940,1.72205930,3.52500480,6.57749850,1.01479400,1.54300000,1.34600000,4.88500000,1.55200000,136.47763660,127.16100000,135.68363200
2024-03-08,4.26715740,1.74485740,3.57264000,6.68754030,1.02741320,1.56500000,1.36800000,4.88100000,1.56500000,136.42399530,127.13200000,135.69714200
2024-03-11,4.32513180,1.77760960,3.56073120,6.58750230,1.03477440,1.53500000,1.35300000,4.89900000,1.55900000,136.33796680,127.00500000,135.69984400
2024-03-12,4.33117080,1.76765550,3.54882240,6.61251180,1.06421920,1.54600000,1.36000000,4.87900000,1.56200000,136.20943010,126.52000000,135.70659900
2024-03-13,4.30580700,1.76508670,3.53889840,6.65252700,1.06527080,1.54400000,1.37000000,4.87000000,1.57600000,136.17198240,126.47000000,135.71335400
2024-03-14,4.29010560,1.75770140,3.54088320,6.62251560,1.05685800,1.54700000,1.37400000,4.87700000,1.58600000,136.09809910,126.42800000,135.72551300
2024-03-15,4.30097580,1.78178390,3.52302000,6.58250040,1.04318720,1.52500000,1.35700000,4.89900000,1.61000000,136.18210340,126.57400000,135.74577800
2024-03-18,4.33841760,1.80458200,3.53492880,6.58250040,1.04949680,1.54800000,1.36700000,4.86000000,1.60600000,136.30659170,126.68100000,135.75253300
2024-03-19,4.31063820,1.78563710,3.52103520,6.54748710,1.03477440,1.54400000,1.35700000,4.87000000,1.59900000,136.41387430,126.96500000,135.75658600
2024-03-20,4.31426160,1.79013250,3.55279200,6.57249660,1.03792920,1.54800000,1.36200000,4.88000000,1.59300000,136.38958390,126.82600000,135.76469200
2024-03-21,4.31184600,1.78146280,3.62424480,6.68754030,1.05896120,1.55800000,1.38600000,4.97800000,1.60900000,136.41387430,126.82600000,135.77279800
2024-03-22,4.27440420,1.75481150,3.64607760,6.69254220,1.03898080,1.56100000,1.38000000,4.94600000,1.59200000,136.44727360,126.82000000,135.79441400
2024-03-25,4.25145600,1.72880240,3.62226000,6.67253460,1.03477440,1.54000000,1.37600000,4.95600000,1.58800000,136.38249920,126.64500000,135.81873200
2024-03-26,4.26474180,1.72109600,3.63615360,6.70754790,1.04844520,1.54100000,1.38800000,4.96600000,1.57700000,136.36731770,126.66400000,135.81467900
2024-03-27,4.21884540,1.68127960,3.65997120,6.71254980,1.03161960,1.57600000,1.40200000,4.99000000,1.57700000,136.42197110,126.75000000,135.80252000
2024-03-28,4.23937800,1.70279330,3.70760640,6.69754410,1.04108400,1.56600000,1.40700000,5.02900000,1.58500000,136.40577750,126.77300000,135.79306300
2024-03-29,4.25870280,1.72462810,3.68378880,6.68754030,1.04529040,1.56500000,1.40900000,5.12600000,1.59800000,136.55556830,126.91400000,135.86736800
2024-04-01,4.32875520,1.76091240,3.66989520,6.72255360,1.05580640,1.55700000,1.41600000,5.15500000,1.59900000,136.51002380,126.76200000,135.85520900
2024-04-02,4.31426160,1.75384820,3.65600160,6.70254600,1.06001280,1.55600000,1.40900000,5.15900000,1.60300000,136.55860460,126.81600000,135.89709000
2024-04-03,4.29735240,1.75288490,3.57660960,6.63752130,1.05054840,1.53000000,1.38400000,5.23100000,1.61800000,136.69726230,127.08300000,135.93762000
2024-04-08,4.26232620,1.72719690,3.58653360,6.63251940,1.04949680,1.51800000,1.38200000,5.35400000,1.65000000,136.86628300,127.13500000,135.95518300
2024-04-09,4.25507940,1.74164640,3.59844240,6.64252320,1.05685800,1.52500000,1.39500000,5.36900000,1.66000000,136.99279550,127.27500000,135.94032200
2024-04-10,4.22367660,1.72141710,3.59248800,6.66753270,1.07263200,1.52100000,1.38500000,5.38800000,1.69300000,137.00696490,127.17800000,135.94032200
2024-04-11,4.22005320,1.72944460,3.54882240,6.60750990,1.07158040,1.50500000,1.36700000,5.34800000,1.67800000,137.03226740,127.15900000,135.91330200
2024-04-12,4.18623480,1.72013270,3.57660960,6.70754790,1.04949680,1.52000000,1.37300000,5.50400000,1.70100000,137.20938490,127.39400000,135.93491800
2024-04-15,4.27440420,1.74293080,3.53889840,6.64752510,1.04318720,1.50000000,1.35700000,5.41700000,1.69300000,137.19015500,127.51000000,135.93491800
2024-04-16,4.23575460,1.69540800,3.45553680,6.46745670,1.02215520,1.43000000,1.32500000,5.45200000,1.67800000,137.11627170,127.52100000,135.94572600
2024-04-17,4.29131340,1.74068310,3.44164320,6.46245480,1.01900040,1.42200000,1.32000000,5.46100000,1.68300000,137.15169520,127.56600000,135.94302400
2024-04-18,4.29856020,1.74389410,3.43370400,6.44744910,1.02846480,1.43100000,1.33300000,5.44500000,1.72100000,137.25897780,127.78500000,135.95383200
2024-04-19,4.26474180,1.73201340,3.39202320,6.32240160,1.02005200,1.38000000,1.32000000,5.47100000,1.73400000,137.34804260,127.81400000,135.97004400
2024-04-22,4.25628720,1.71756390,3.40591680,6.28238640,1.03898080,1.38600000,1.33400000,5.36400000,1.73700000,137.43002270,127.90200000,135.97544800
2024-04-23,4.22609220,1.69765570,3.42973440,6.29739210,1.05160000,1.39800000,1.34200000,5.23200000,1.68900000,137.62232170,128.19900000,135.98355400
2024-04-24,4.24300140,1.71756390,3.50515680,6.44744910,1.07894160,1.44600000,1.36500000,5.28700000,1.71700000,137.25897780,127.62700000,135.98355400
2024-04-25,4.25507940,1.71499510,3.45156720,6.34240920,1.08314800,1.41300000,1.35700000,5.28800000,1.73300000,137.35512730,127.68900000,135.99436200
2024-04-26,4.31546940,1.75352710,3.46546080,6.45245100,1.10943800,1.42400000,1.35400000,5.32900000,1.75500000,137.12841690,127.39300000,135.99436200
2024-04-29,4.36740480,1.78756370,3.48133920,6.49246620,1.11469600,1.43200000,1.36300000,5.29400000,1.74500000,136.56164090,126.77700000,136.00787200
2024-04-30,4.34566440,1.77536190,3.48927840,6.49746810,1.11364440,1.43400000,1.35800000,5.28600000,1.76300000,136.94927520,127.24400000,136.05245500
2024-05-06,4.40605440,1.80265540,3.49126320,6.51247380,1.15991480,1.44900000,1.35400000,5.25400000,1.76900000,137.16485250,127.33600000,136.05380600
2024-05-07,4.40847000,1.80233430,3.52698960,6.57749850,1.15465680,1.45300000,1.36500000,5.26800000,1.75300000,137.33286110,127.65500000,136.06596500
2024-05-08,4.37344380,1.77953620,3.54088320,6.58750230,1.14834720,1.42900000,1.37800000,5.26100000,1.73100000,137.35715150,127.78100000,136.07407100
2024-05-09,4.41571680,1.81196730,3.53095920,6.57249660,1.16517280,1.41500000,1.38000000,5.25000000,1.74000000,137.23671160,127.60000000,136.07001800
2024-05-10,4.41813240,1.80554530,3.57065520,6.60750990,1.18935960,1.41800000,1.40500000,5.36900000,1.77000000,137.21242120,127.42500000,136.09838900
2024-05-13,4.41450900,1.79623340,3.58653360,6.63251940,1.20092720,1.40900000,1.40400000,5.33700000,1.76200000,137.35816360,127.69000000,136.09703800
2024-05-14,4.40726220,1.79430680,3.58653360,6.63251940,1.20408200,1.40700000,1.40300000,5.32900000,1.79000000,137.43407110,127.75300000,136.10379300
2024-05-15,4.37585940,1.77857290,3.62424480,6.67753650,1.19672080,1.41000000,1.40900000,5.37000000,1.79300000,137.43305900,127.66400000,136.10919700
2024-05-16,4.39035300,1.77022430,3.67188000,6.79258020,1.21775280,1.43800000,1.42500000,5.41700000,1.79600000,137.36828460,127.58000000,136.11189900
2024-05-17,4.43987280,1.79540480,3.65997120,6.77757450,1.22932040,1.42800000,1.40800000,5.41600000,1.83000000,137.26808670,127.41000000,136.12405800
2024-05-20,4.44953520,1.80192880,3.64012320,6.78757830,1.23773320,1.43500000,1.41100000,5.55000000,1.87300000,137.43204690,127.63300000,136.13621700
2024-05-21,4.43504160,1.78888080,3.64210800,6.82259160,1.21039160,1.42400000,1.41200000,5.48100000,1.86600000,137.36119990,127.55100000,136.14027000
2024-05-22,4.44470400,1.78692360,3.65997120,6.84760110,1.20934000,1.41400000,1.41000000,5.49200000,1.86200000,137.41990170,127.64700000,136.14837600
2024-05-23,4.40001540,1.75593460,3.66989520,6.90762390,1.19251440,1.43200000,1.40700000,5.36600000,1.80800000,137.51503910,127.79100000,136.17539600
2024-05-24,4.35049560,1.73897220,3.60836640,6.79258020,1.17148240,1.40700000,1.38800000,5.31900000,1.82300000,137.51807540,127.73600000,136.20511800
2024-05-27,4.38672960,1.75593460,3.64012320,6.87261060,1.19041120,1.41600000,1.40900000,5.33800000,1.82200000,137.48366400,127.71400000,136.19431000
2024-05-28,4.35895020,1.74060320,3.64806240,6.90262200,1.18935960,1.41300000,1.42500000,5.33400000,1.84500000,137.56058360,127.87800000,136.19025700
2024-05-29,4.36015800,1.74419140,3.63019920,6.87261060,1.17253400,1.40100000,1.40200000,5.37000000,1.86900000,137.63345480,127.98400000,136.18080000
2024-05-30,4.34324880,1.74060320,3.58454880,6.79758210,1.15255360,1.37500000,1.37900000,5.31700000,1.82500000,137.68709610,127.99100000,136.20241600
2024-05-31,4.32633960,1.74027700,3.58653360,6.76757070,1.15360520,1.38000000,1.38800000,5.34300000,1.82400000,137.66381780,127.79800000,136.20511800
2024-06-03,4.33237860,1.72690280,3.64210800,6.79758210,1.16412120,1.39000000,1.40500000,5.29600000,1.79000000,137.80753600,127.87900000,136.22268100
2024-06-04,4.36257360,1.75006300,3.64806240,6.77757450,1.16937920,1.39000000,1.40100000,5.34600000,1.80000000,137.83992320,127.88800000,136.22133000
2024-06-05,4.34687220,1.73114340,3.66592560,6.83259540,1.16517280,1.38400000,1.39800000,5.32400000,1.75900000,137.87939510,128.02900000,136.23213800
2024-06-06,4.34687220,1.71874780,3.71753040,6.96764670,1.16727600,1.39000000,1.41300000,5.39800000,1.77700000,137.85308050,128.06600000,136.24294600
2024-06-07,4.31909280,1.71059280,3.73539360,6.97264860,1.16517280,1.39300000,1.41100000,5.39900000,1.78700000,137.90267340,128.16800000,136.26321100
2024-06-11,4.28889780,1.71450720,3.74928720,6.97765050,1.15886320,1.39800000,1.38900000,5.23700000,1.75200000,137.90267340,128.18600000,136.26321100
2024-06-12,4.28406660,1.71940020,3.75524160,7.04267520,1.14519240,1.39100000,1.38000000,5.26700000,1.75700000,137.88445560,128.13800000,136.26591300
2024-06-13,4.26836520,1.71059280,3.78898320,7.18272840,1.15150200,1.38600000,1.39700000,5.26900000,1.75300000,137.89761290,128.23400000,136.26861500
2024-06-14,4.29252120,1.71874780,3.77707440,7.17772650,1.14939880,1.38200000,1.36400000,5.27100000,1.74300000,137.91886700,128.30100000,136.27537000
2024-06-17,4.28044320,1.71287620,3.75722640,7.20773790,1.14624400,1.35500000,1.35200000,5.27900000,1.71400000,137.97655670,128.37200000,136.29158200
2024-06-18,4.29372900,1.72168360,3.77508960,7.30277400,1.14519240,1.36500000,1.36600000,5.28400000,1.71700000,138.01400440,128.48900000,136.29698600
2024-06-19,4.28165100,1.70406880,3.77905920,7.31277780,1.17568880,1.37000000,1.35800000,5.30500000,1.73400000,138.04133110,128.51200000,136.30374100
2024-06-20,4.25387160,1.67862520,3.81280080,7.36279680,1.16937920,1.37400000,1.36100000,5.35100000,1.74900000,138.15772260,128.61000000,136.31049600
2024-06-21,4.24662480,1.68156100,3.79890720,7.25275500,1.15360520,1.36500000,1.36500000,5.37600000,1.73800000,138.08788770,128.50900000,136.32400600
2024-06-24,4.22609220,1.64633140,3.79096800,7.22274360,1.14203760,1.35700000,1.35700000,5.29000000,1.73100000,138.17189200,128.62400000,136.33346300
2024-06-25,4.20072840,1.63197860,3.78501360,7.14771510,1.14939880,1.38500000,1.36900000,5.30200000,1.73300000,138.21440020,128.76400000,136.33346300
2024-06-26,4.22609220,1.65448640,3.83661840,7.28276640,1.15781160,1.42700000,1.36900000,5.27100000,1.73100000,138.31561020,128.81900000,136.33751600
2024-06-27,4.20314400,1.62708560,3.86639040,7.27776450,1.13572800,1.41300000,1.36000000,5.24200000,1.71400000,138.45831630,128.98400000,136.34967500
2024-06-28,4.21159860,1.62969520,3.91204080,7.37780250,1.13783120,1.42600000,1.36900000,5.29700000,1.74000000,138.55547790,129.13000000,136.36048300
2024-07-01,4.22850780,1.64894100,3.90410160,7.36779870,1.14098600,1.43100000,1.38300000,5.29900000,1.74000000,138.32573120,128.72000000,136.37939700
2024-07-02,4.22246880,1.63393580,3.91204080,7.37280060,1.13888280,1.45100000,1.36900000,5.30600000,1.74800000,138.45021950,128.92500000,136.39560900
2024-07-03,4.21522200,1.61990920,3.96761520,7.50785190,1.15360520,1.50100000,1.37800000,5.34000000,1.76300000,138.66478470,129.03600000,136.38885400
2024-07-04,4.19710500,1.59674900,3.92394960,7.55286900,1.15886320,1.53400000,1.40100000,5.36500000,1.76600000,138.59090140,129.09000000,136.40101300
2024-07-05,4.17657240,1.60816600,3.95570640,7.64790510,1.14834720,1.49800000,1.40700000,5.38100000,1.77100000,138.48361880,128.85000000,136.40911900
2024-07-08,4.14758520,1.58141760,3.96761520,7.76294880,1.13047000,1.52200000,1.40500000,5.38400000,1.76000000,138.21338810,128.47400000,136.41317200
2024-07-09,4.19227380,1.61012320,3.96166080,7.84297920,1.13467640,1.56900000,1.41100000,5.36200000,1.77400000,138.38342090,128.79200000,136.40641700
2024-07-10,4.18261140,1.60098960,3.93982800,7.74294120,1.13152160,1.58500000,1.39000000,5.39700000,1.74600000,138.47046150,128.78700000,136.41452300
2024-07-11,4.23817020,1.63328340,3.97753920,7.77795450,1.15150200,1.57400000,1.40700000,5.41700000,1.76000000,138.46337680,128.87200000,136.41587400
2024-07-12,4.25024820,1.62610700,3.91799520,7.46283480,1.18410160,1.49400000,1.40100000,5.44600000,1.73600000,138.57268360,129.03300000,136.43208600
2024-07-15,4.25870280,1.61436380,4.01723520,7.69792410,1.16622440,1.52200000,1.42300000,5.44200000,1.74200000,138.62531280,129.14000000,136.44559600
2024-07-16,4.28889780,1.61990920,4.02517440,7.68291840,1.15360520,1.53200000,1.41000000,5.50500000,1.73700000,138.62430070,129.11300000,136.44424500
2024-07-17,4.29493680,1.60849220,4.07479440,7.61289180,1.15045040,1.52000000,1.41300000,5.57600000,1.72300000,138.65668790,129.25500000,136.44964900
2024-07-18,4.32030060,1.61599480,4.02318960,7.47784050,1.15465680,1.49500000,1.41800000,5.57300000,1.71500000,138.61519180,129.17900000,136.45100000
2024-07-19,4.34808000,1.61338520,3.92791920,7.35779490,1.13152160,1.47300000,1.38900000,5.42500000,1.68200000,138.70830500,129.20900000,136.47396700
2024-07-22,4.31305380,1.60947080,3.88226880,7.31777970,1.14098600,1.45600000,1.38300000,5.42100000,1.66200000,139.00282610,129.47200000,136.46856300
2024-07-23,4.22850780,1.56380280,3.93585840,7.38780630,1.12941840,1.46700000,1.40500000,5.39400000,1.64200000,139.14958060,129.70600000,136.47666900
2024-07-24,4.20193620,1.54520940,3.90608640,7.24275120,1.11679920,1.45500000,1.39100000,5.46500000,1.64900000,139.15160480,129.81900000,136.48072200
2024-07-25,4.17778020,1.54325220,3.79295280,7.03767330,1.09576720,1.41400000,1.36500000,5.32700000,1.61000000,139.17184680,129.83600000,136.48342400
2024-07-26,4.19589720,1.56771720,3.82470960,7.04767710,1.09892200,1.42200000,1.37400000,5.35000000,1.63100000,139.23156070,130.04300000,136.49828500
2024-07-29,4.17174120,1.55793120,3.91402560,7.18773030,1.11364440,1.48900000,1.39600000,5.38700000,1.63200000,139.20828240,130.13900000,136.50504000
2024-07-30,4.14396180,1.55662640,3.89417760,7.10269800,1.09681880,1.46900000,1.37500000,5.39400000,1.61900000,139.22852440,130.20300000,136.51044400
2024-07-31,4.23696240,1.62284500,3.86639040,7.14771510,1.11469600,1.49200000,1.38500000,5.43600000,1.64500000,139.32669810,130.35600000,136.50233800
2024-08-01,4.20676740,1.60816600,3.91402560,7.31777970,1.11259280,1.47400000,1.37800000,5.48000000,1.64900000,139.55543270,130.56800000,136.52260300
2024-08-02,4.16328660,1.58663680,3.79493760,6.98265240,1.08314800,1.40900000,1.33000000,5.50500000,1.63700000,139.75886480,130.58500000,136.54421900
2024-08-05,4.11618240,1.55597400,3.54286800,6.43744530,1.05896120,1.28600000,1.28200000,5.36600000,1.60000000,139.81048190,130.94900000,136.55772900
2024-08-06,4.11618240,1.57261020,3.58057920,6.66253080,1.06421920,1.33100000,1.30300000,5.32700000,1.57900000,139.60907400,130.51400000,136.55772900
2024-08-07,4.10772780,1.57326260,3.59447280,6.67253460,1.07578680,1.34300000,1.30400000,5.35200000,1.58600000,139.80238510,130.85300000,136.56448400
2024-08-08,4.11255900,1.57652460,3.57065520,6.57249660,1.07999320,1.34300000,1.31000000,5.34900000,1.57700000,139.68093310,130.42500000,136.55772900
2024-08-09,4.09806540,1.56315040,3.64210800,6.75256500,1.08945760,1.34500000,1.32300000,5.39600000,1.60800000,139.49369460,130.16100000,136.57934500
2024-08-12,4.09323420,1.56380280,3.69172800,6.82759350,1.09156080,1.35600000,1.33100000,5.43700000,1.61800000,138.86416840,129.31200000,136.58474900
2024-08-13,4.09927320,1.56706480,3.74531760,6.89762010,1.09681880,1.38900000,1.33200000,5.47400000,1.61000000,139.27406890,129.70500000,136.58745100
2024-08-14,4.07028600,1.54520940,3.81478560,7.06768470,1.08630280,1.41200000,1.34300000,5.45600000,1.60000000,139.40260560,130.12900000,136.59015300
2024-08-15,4.11618240,1.55727880,3.86639040,7.11270180,1.08840600,1.44000000,1.35200000,5.44300000,1.62000000,139.26496000,129.97100000,136.59420600
2024-08-16,4.11859800,1.54814520,3.91998000,7.34779110,1.11259280,1.49500000,1.37300000,5.45300000,1.63800000,139.24168170,130.08800000,136.61447100
2024-08-19,4.12946820,1.55075480,3.85448160,7.21273980,1.11890240,1.46300000,1.37300000,5.51300000,1.64100000,139.30139560,130.28500000,136.61582200
2024-08-20,4.11014340,1.52400640,3.90211680,7.34278920,1.11154120,1.49700000,1.39600000,5.51300000,1.64000000,139.27912940,130.23200000,136.62527900
2024-08-21,4.09202640,1.52107060,3.90410160,7.34779110,1.10312840,1.49800000,1.39000000,5.53700000,1.64900000,139.13035070,130.09100000,136.62257700
2024-08-22,4.08115620,1.50280340,3.91204080,7.35779490,1.11679920,1.50800000,1.39900000,5.52300000,1.65200000,139.40969030,130.35600000,136.64014000
2024-08-23,4.09806540,1.50312960,3.89814720,7.28776830,1.11679920,1.49800000,1.40100000,5.50400000,1.65100000,139.61312240,130.41200000,136.64554400
2024-08-26,4.09927320,1.50476060,3.92593440,7.30277400,1.12941840,1.49100000,1.40900000,5.53800000,1.67000000,139.61514660,130.42100000,136.64824600
2024-08-27,4.07874060,1.48975540,3.92593440,7.21273980,1.13257320,1.48600000,1.41500000,5.53400000,1.67000000,139.52405760,130.15700000,136.65365000
2024-08-28,4.05458460,1.49008160,3.96364560,7.21273980,1.12521200,1.49300000,1.42100000,5.52800000,1.66200000,139.56960210,130.31300000,136.65905400
2024-08-29,4.04250660,1.51095840,3.91799520,7.03767330,1.12416040,1.47900000,1.41500000,5.53500000,1.65500000,139.49470670,130.15800000,136.65500100
2024-08-30,4.09685760,1.53705440,3.92593440,7.08769230,1.14203760,1.48700000,1.41300000,5.52200000,1.65500000,139.45219850,130.14200000,136.66580900
2024-09-02,4.02438960,1.50606540,3.96761520,7.14771510,1.11995400,1.47900000,1.41700000,5.49100000,1.63000000,139.77708260,130.38200000,136.70633900
2024-09-03,4.03888320,1.52204920,3.96563040,7.15771890,1.12100560,1.47900000,1.42300000,5.50100000,1.62100000,139.96229690,130.54700000,136.69688200
2024-09-04,4.01351940,1.51813480,3.80883120,6.78257640,1.10628320,1.41600000,1.38300000,5.46300000,1.59600000,140.01087770,130.62700000,136.70363700
2024-09-05,4.02197400,1.52498500,3.82867920,6.80258400,1.10418000,1.41400000,1.39000000,5.50200000,1.58600000,140.09791830,130.77000000,136.71309400
2024-09-06,3.98815560,1.50410820,3.80883120,6.86260680,1.09787040,1.40600000,1.39300000,5.51700000,1.61100000,140.14346280,130.77200000,136.72930600
2024-09-09,3.93863580,1.49334360,3.78104400,6.82259160,1.09050920,1.40900000,1.37700000,5.47700000,1.59600000,140.21734610,130.87200000,136.71984900
2024-09-10,3.93863580,1.49269120,3.76119600,6.84259920,1.09997360,1.40200000,1.38100000,5.51300000,1.60300000,140.33677390,131.02200000,136.72255100
2024-09-11,3.93018120,1.49660560,3.76913520,6.88761630,1.08945760,1.40100000,1.37200000,5.54200000,1.61000000,140.54627860,131.19900000,136.72660400
2024-09-12,3.91689540,1.49073400,3.83264880,7.10769990,1.10312840,1.43500000,1.38600000,5.53100000,1.62600000,140.32867710,131.09300000,136.72525300
2024-09-13,3.89877840,1.47507640,3.85249680,7.17772650,1.10628320,1.43100000,1.39400000,5.61100000,1.63000000,140.52502450,131.34700000,136.75902800
2024-09-18,3.91085640,1.47996940,3.84852720,7.12270560,1.12205720,1.41800000,1.40900000,5.60900000,1.63300000,140.55943590,131.56200000,136.74957100
2024-09-19,3.94346700,1.50052000,3.90013200,7.20273600,1.14624400,1.44200000,1.41800000,5.60000000,1.66600000,140.37320950,131.48400000,136.75092200
2024-09-20,3.95433720,1.49008160,3.91005600,7.21774170,1.15150200,1.46100000,1.41700000,5.66300000,1.66900000,140.47340740,131.69300000,136.78604800
2024-09-23,3.96520740,1.48975540,3.91799520,7.24775310,1.15781160,1.47400000,1.40800000,5.71100000,1.64600000,140.50377040,131.75800000,136.78739900
2024-09-24,4.13913060,1.55890980,3.89020800,7.20773790,1.20092720,1.45600000,1.41400000,5.69700000,1.67400000,140.34993120,131.28900000,136.76848500
2024-09-25,4.19589720,1.57000060,3.86043600,7.15271700,1.20513360,1.44100000,1.40900000,5.74000000,1.67500000,140.67886370,131.70600000,136.79550500
2024-09-26,4.39639200,1.65089820,3.86639040,7.22774550,1.24719760,1.46000000,1.42300000,5.75100000,1.69100000,140.57056900,131.34600000,136.78334600
2024-09-27,4.67297820,1.79181660,3.80883120,7.07268660,1.29136480,1.45200000,1.42700000,5.70800000,1.71000000,139.98355100,130.26300000,136.87656500
2024-09-30,5.11261740,1.95556900,3.78699840,7.04767710,1.35551240,1.43700000,1.44900000,5.70700000,1.75700000,139.51191240,129.76700000,136.84819400
2024-10-08,5.32881360,2.03744520,3.75722640,7.01766570,1.36287360,1.42200000,1.40300000,5.71400000,1.73200000,139.45725900,129.94100000,136.85630000
2024-10-09,4.85777160,1.91251060,3.82074000,7.13771130,1.29346800,1.43100000,1.41500000,5.64000000,1.70500000,139.74064700,130.19700000,136.88061800
2024-10-10,4.93507080,1.88837180,3.88226880,7.21774170,1.34289320,1.42600000,1.42600000,5.67600000,1.70100000,140.07261580,130.76500000,136.96167800
2024-10-11,4.80342060,1.81236720,3.90410160,7.22774550,1.31029360,1.44700000,1.42100000,5.73900000,1.70800000,140.14548700,130.67400000,137.08867200
2024-10-14,4.87951200,1.85705660,3.94578240,7.23274740,1.34184160,1.44700000,1.43800000,5.79900000,1.71500000,140.12322080,130.68400000,137.11028800
2024-10-15,4.74786180,1.81073620,4.06288560,7.38280440,1.29662280,1.46700000,1.46000000,5.79900000,1.69600000,140.15965640,130.86000000,136.96302900
2024-10-16,4.71766680,1.80910520,4.01723520,7.29777210,1.30398400,1.44000000,1.44300000,5.88400000,1.70700000,140.17888630,130.85700000,136.90493600
2024-10-17,4.66573140,1.79475240,4.05891600,7.34278920,1.29031320,1.43900000,1.44500000,5.90500000,1.67800000,140.36916110,131.06000000,136.91169100
2024-10-18,4.85052480,1.87140940,4.02318960,7.29777210,1.32186120,1.42900000,1.43900000,5.94500000,1.69600000,140.21329770,131.00100000,136.84549200
2024-10-21,4.85052480,1.88967660,4.00532640,7.30777590,1.30924200,1.43000000,1.44500000,6.02000000,1.70900000,140.19507990,131.01200000,136.92114800
2024-10-22,4.87951200,1.90696520,3.98150880,7.29777210,1.31029360,1.40800000,1.43300000,6.01800000,1.69400000,139.99873250,130.92900000,136.93060500
2024-10-23,4.89762900,1.91446780,3.96761520,7.32778350,1.32711920,1.39600000,1.42200000,6.05600000,1.69100000,139.85805060,130.68300000,136.93330700
2024-10-24,4.84448580,1.89783160,3.95173680,7.24775310,1.31134520,1.39700000,1.41800000,5.99500000,1.70200000,139.91270400,130.64000000,136.95492300
2024-10-25,4.87951200,1.92686340,3.95173680,7.27776450,1.31555160,1.39300000,1.42300000,5.99800000,1.68600000,139.90055880,130.56100000,136.95357200
2024-10-28,4.88675880,1.94904500,3.99341760,7.36779870,1.32080960,1.40800000,1.42900000,6.01700000,1.69300000,139.92788550,130.50600000,136.96167800
2024-10-29,4.84690140,1.92979920,3.97952400,7.35279300,1.32186120,1.41100000,1.43800000,6.06800000,1.68000000,140.06654320,130.69500000,136.96302900
2024-10-30,4.79617380,1.93567080,4.00929600,7.42281960,1.30398400,1.41600000,1.42700000,6.14000000,1.68500000,140.11006350,130.68600000,136.97113500
2024-10-31,4.79617380,1.95720000,3.96166080,7.29777210,1.30293240,1.39600000,1.40700000,6.10300000,1.68100000,140.09893040,130.71600000,136.98329400
2024-11-01,4.80583620,1.93958520,3.91204080,7.21273980,1.30608720,1.37400000,1.40500000,6.05100000,1.68300000,140.30843510,130.91900000,137.00491000
2024-11-04,4.86984960,1.96796460,3.89616240,7.21774170,1.30819040,1.38600000,1.41400000,6.00600000,1.70200000,140.36814900,130.93800000,137.00896300
2024-11-05,4.99666860,2.02765920,3.89219280,7.19273220,1.32817080,1.38500000,1.40800000,6.00600000,1.70300000,140.35600380,130.99400000,136.99950600
2024-11-06,4.96526580,2.02994260,4.02715920,7.44782910,1.31450000,1.41800000,1.41200000,5.99400000,1.69100000,140.40762090,131.07800000,137.01706900
2024-11-07,5.13073440,2.06908660,4.05891600,7.56287280,1.34604800,1.40800000,1.40400000,5.86000000,1.69800000,140.52907290,131.10600000,137.00085700
2024-11-08,5.06551320,2.06354120,4.09464240,7.62789750,1.33658360,1.41800000,1.42400000,5.89800000,1.70800000,140.58271420,131.28400000,137.03193000
2024-11-11,5.09087700,2.09811840,4.14624720,7.67291460,1.32080960,1.42000000,1.41300000,5.90500000,1.70200000,140.62117400,131.32400000,137.03598300
2024-11-12,5.03531820,2.07854640,4.19388240,7.68291840,1.28926160,1.42100000,1.40700000,5.80700000,1.67600000,140.81448510,131.60000000,137.04679100
2024-11-13,5.06672100,2.07234860,4.15815600,7.63790130,1.28295200,1.39200000,1.38600000,5.79600000,1.65500000,140.81347300,131.58800000,137.04544000
2024-11-14,4.98096720,2.01624220,4.21174560,7.64790510,1.26507480,1.37800000,1.37900000,5.68000000,1.63300000,140.82055770,131.56200000,137.05084400
2024-11-15,4.89762900,1.96405020,4.14426240,7.55286900,1.26507480,1.38200000,1.38600000,5.68300000,1.64200000,140.91974350,131.62500000,137.05624800
2024-11-18,4.87709640,1.93469220,4.17204960,7.49784810,1.27348760,1.38200000,1.39600000,5.75800000,1.64100000,140.84383600,131.41000000,137.06030100
2024-11-19,4.90125240,1.96502880,4.17998880,7.52285760,1.27769400,1.38700000,1.39900000,5.85800000,1.65000000,140.81246090,131.46700000,137.06300300
2024-11-20,4.91333040,1.98492700,4.19189760,7.60788990,1.27979720,1.38400000,1.39700000,5.85700000,1.66000000,140.90861040,131.53200000,137.07921500
2024-11-21,4.91936940,1.98329600,4.18197360,7.55286900,1.27664240,1.37600000,1.38500000,5.93300000,1.65700000,140.99666310,131.68300000,137.08597000
2024-11-22,4.77443340,1.90500800,4.22365440,7.60788990,1.24824920,1.39000000,1.38100000,6.01000000,1.64200000,141.02297770,131.76200000,137.11299000
2024-11-25,4.74786180,1.90011500,4.32090960,7.68291840,1.24614600,1.40500000,1.40200000,5.91600000,1.65500000,141.13734500,131.92600000,137.09948000
2024-11-26,4.73819940,1.88706700,4.32884880,7.68291840,1.24614600,1.40000000,1.39600000,5.84400000,1.64900000,141.11001830,132.10000000,137.10623500
2024-11-27,4.81549860,1.92327520,4.32686400,7.70292600,1.26717800,1.40000000,1.39600000,5.89900000,1.65300000,141.05030440,131.97500000,137.10218200
2024-11-28,4.78047240,1.91087960,4.32289440,7.65790890,1.25666200,1.41400000,1.40600000,5.86900000,1.64200000,141.14949020,132.16400000,137.11974500
2024-11-29,4.83240780,1.93893280,4.33083360,7.66291080,1.25561040,1.41500000,1.41200000,5.92300000,1.65000000,141.22742190,132.30900000,137.12109600
2024-12-02,4.86864180,1.96894320,4.36457520,7.70292600,1.27033280,1.43300000,1.42400000,5.87200000,1.65200000,141.53611240,132.60500000,137.13730800
2024-12-03,4.87347300,1.96568120,4.40030160,7.84297920,1.28084880,1.46700000,1.44700000,5.93100000,1.65600000,141.50878570,132.71600000,137.14406300
2024-12-04,4.84810920,1.95100220,4.40030160,7.87799250,1.28295200,1.46100000,1.45200000,5.92900000,1.66800000,141.63124980,133.00300000,137.16027500
2024-12-05,4.83965460,1.95654760,4.43205840,7.94801910,1.26928120,1.46900000,1.47100000,5.92700000,1.66300000,141.66161280,133.13100000,137.15757300
2024-12-06,4.90004460,1.98199120,4.42213440,7.92300960,1.28926160,1.45100000,1.48100000,5.90300000,1.66500000,141.61809250,132.97200000,137.15892400
2024-12-09,4.89642120,1.97122660,4.42014960,8.05305900,1.28715840,1.45700000,1.48500000,5.93600000,1.66600000,141.63023770,133.13800000,137.16838100
2024-12-10,4.93386300,1.98818900,4.38045360,7.98803430,1.32080960,1.44900000,1.47200000,5.96100000,1.67100000,142.07151330,133.90700000,137.16432800
2024-12-11,4.92178500,2.00319420,4.42014960,7.96802670,1.30713880,1.44400000,1.47100000,6.01100000,1.67600000,142.08062220,134.12800000,137.17108300
2024-12-12,4.97251260,2.02146140,4.43007360,8.08807230,1.33132560,1.45400000,1.47800000,6.05200000,1.68500000,142.26381230,134.40300000,137.18459300
2024-12-13,4.85535600,1.98949380,4.45389120,8.14809510,1.29977760,1.44400000,1.47700000,6.00100000,1.67100000,142.76176550,134.87700000,137.20620900
2024-12-16,4.82636880,1.95883100,4.51343520,8.24813310,1.28610680,1.43900000,1.48200000,5.94700000,1.66000000,142.87107230,135.39500000,137.21161300
2024-12-17,4.83965460,1.93795420,4.47373920,8.31815970,1.28505520,1.43700000,1.47300000,5.94000000,1.65600000,142.66865230,135.10700000,137.21296400
2024-12-18,4.86018720,1.95034980,4.42411920,8.37318060,1.29346800,1.43500000,1.47000000,5.93200000,1.64400000,142.66055550,134.82100000,137.21431500
2024-12-19,4.86743400,1.95622140,4.28121360,8.15309700,1.29241640,1.42300000,1.44000000,5.88500000,1.63600000,142.70610000,134.68700000,137.21566600
2024-12-20,4.85294040,1.96013580,4.25541120,7.98803430,1.28926160,1.40400000,1.42500000,5.89200000,1.63900000,143.14838770,135.32000000,137.22917600
2024-12-23,4.85777160,1.92947300,4.35465120,8.26313880,1.29346800,1.44000000,1.44700000,5.95100000,1.65000000,143.07146810,135.49900000,137.23187800
2024-12-24,4.91453820,1.95132840,4.33877280,8.24313120,1.31029360,1.43300000,1.44300000,5.92100000,1.64700000,142.96216130,135.22300000,137.23187800
2024-12-25,4.91816160,1.93501840,4.36060560,8.33816730,1.31239680,1.43800000,1.45700000,5.93600000,1.64800000,142.70103950,135.07300000,137.24133500
2024-12-26,4.91936940,1.94969740,4.36656000,8.37318060,1.31239680,1.44700000,1.45600000,5.94000000,1.64400000,142.70306370,135.03100000,137.24268600
2024-12-27,4.91212260,1.95426420,4.34869680,8.31315780,1.30713880,1.47700000,1.44700000,5.94500000,1.63900000,142.99758480,135.50600000,137.26430200
2024-12-30,4.93507080,1.95361180,4.29709200,8.19811410,1.30924200,1.47400000,1.44800000,5.92300000,1.64400000,142.70913630,135.30300000,137.27916300
2024-12-31,4.85777160,1.89554820,4.29113760,8.14809510,1.30082920,1.45400000,1.43300000,5.92800000,1.63500000,142.92471360,135.55400000,137.32759600
2025-01-02,4.72129020,1.83878940,4.33281840,8.21812170,1.28400360,1.48300000,1.44600000,5.97700000,1.63000000,143.12207310,136.24800000,137.29741200
2025-01-03,4.67297820,1.80160260,4.30701600,8.16810270,1.28715840,1.47900000,1.44100000,6.02900000,1.62000000,143.50262270,136.56900000,137.30838800
2025-01-06,4.65365340,1.79736200,4.38839280,8.34817110,1.28926160,1.46400000,1.44700000,5.99000000,1.62300000,143.50464690,136.65400000,137.31113200
2025-01-07,4.68626400,1.81628160,4.35266640,8.29815210,1.26822960,1.49200000,1.46900000,6.00000000,1.63500000,143.27085180,136.47700000,137.32210800
2025-01-08,4.67901720,1.80877900,4.34671200,8.21311980,1.26297160,1.49700000,1.49100000,6.03000000,1.63800000,143.31639630,136.46300000,137.36738400
2025-01-09,4.66935480,1.80747420,4.33877280,8.18310840,1.26402320,1.49700000,1.55100000,6.06500000,1.64600000,143.00770580,136.28000000,137.35092000
2025-01-10,4.61741940,1.78072580,4.31297040,8.15309700,1.25140400,1.47100000,1.51500000,6.10500000,1.65200000,142.91762890,136.12900000,137.36326800
2025-01-13,4.59930240,1.78366160,4.24548720,7.96302480,1.23983640,1.44800000,1.48200000,6.12000000,1.65700000,142.74557190,136.05700000,137.34131600
2025-01-14,4.71766680,1.84466100,4.29113760,8.05806090,1.26402320,1.45000000,1.52500000,6.06800000,1.65700000,142.81844310,136.19600000,137.33034000
2025-01-15,4.68988740,1.82998200,4.28319840,8.00804190,1.26507480,1.45000000,1.57100000,6.10200000,1.64600000,142.97633070,136.44300000,137.35640800
2025-01-16,4.69230300,1.83606920,4.35266640,8.18811030,1.27874560,1.48700000,1.61200000,6.12200000,1.66300000,142.95204030,136.27400000,137.34406000
2025-01-17,4.70800440,1.85065960,4.34869680,8.15309700,1.28190040,1.52300000,1.60900000,6.13900000,1.67500000,142.88625380,136.18600000,137.35503600
2025-01-20,4.73095260,1.85961280,4.36854480,8.23312740,1.30293240,1.50500000,1.70200000,6.12700000,1.66200000,142.89738690,136.04400000,137.34680400
2025-01-21,4.73699160,1.86624480,4.36656000,8.23812930,1.30713880,1.50000000,1.72600000,6.12700000,1.66700000,142.92774990,136.15900000,137.36464000
2025-01-22,4.69351080,1.85928120,4.40228640,8.28814830,1.28505520,1.55700000,1.81500000,6.18100000,1.66000000,143.01985100,136.21900000,137.37698800
2025-01-23,4.70679660,1.85165440,4.37648400,8.21812170,1.27979720,1.55000000,,6.18700000,1.64500000,142.85386660,136.15100000,137.36875600
2025-01-24,4.74544620,1.87420320,4.39434720,8.22312360,1.29872600,1.51900000,1.83800000,6.21800000,1.65600000,142.71014840,136.00500000,137.37150000
2025-01-27,4.71887460,1.85198600,4.35862080,8.07806850,1.31134520,1.47300000,1.65400000,6.20200000,1.65200000,143.20810160,136.51400000,137.46068000
2025-02-05,4.69471860,1.85961280,4.35068160,8.06306280,1.33342880,1.48400000,1.62900000,6.43900000,1.65200000,143.17065390,136.57800000,137.47440000
2025-02-06,4.74906960,1.90338400,4.36259040,8.13809130,1.35130600,1.49900000,1.64900000,6.40200000,1.67400000,143.30728740,136.65900000,137.46205200
2025-02-07,4.81670640,1.93355960,4.35068160,8.11808370,1.37233800,1.49200000,1.66700000,6.42000000,1.68700000,143.22328310,136.60500000,137.46754000
2025-02-10,4.82153760,1.95047120,4.34075760,8.03305140,1.40073120,1.48900000,1.61300000,6.51800000,1.68700000,142.99050010,136.47400000,137.46891200
2025-02-11,4.80221280,1.94284440,4.33281840,8.03805330,1.39337000,1.49300000,1.64100000,6.58400000,1.68600000,142.95710080,136.51200000,137.48126000
2025-02-12,4.84810920,1.96837760,4.31694000,8.04805710,1.42176320,1.48500000,1.63900000,6.53800000,1.68400000,142.95912500,136.51000000,137.47851600
2025-02-13,4.83603120,1.95876120,4.31098560,8.09307420,1.43964040,1.49400000,1.63700000,6.57000000,1.68900000,142.93584670,136.47600000,137.48812000
2025-02-14,4.87226520,1.97401480,4.31297040,8.14809510,1.45541440,1.48400000,1.65200000,6.60500000,1.70000000,142.63120460,136.26200000,137.51418800
2025-02-17,4.88071980,1.97103040,4.30701600,8.15309700,1.46908520,1.47600000,1.63300000,6.49400000,1.68500000,142.53606720,135.88900000,137.52242000
2025-02-18,4.84569360,1.93787040,4.33678800,8.21812170,1.48065280,1.49100000,1.77600000,6.55500000,1.68300000,142.33870770,135.76100000,137.50732800
2025-02-19,4.87105740,1.96870920,4.31892480,8.18310840,1.49011720,1.48300000,1.73100000,6.59800000,1.68300000,142.52088570,135.89900000,137.50595600
2025-02-20,4.85656380,1.97368320,4.31495520,8.11308180,1.46803360,1.47500000,1.70600000,6.61900000,1.70000000,142.28405430,135.76400000,137.52242000
2025-02-21,4.92178500,2.00750640,4.27525920,8.05806090,1.51114920,1.47100000,1.67500000,6.56800000,1.68800000,142.14944500,135.48700000,137.51830400
2025-02-24,4.90608360,2.00153760,4.21770000,7.95302100,1.52166520,1.46500000,1.70200000,6.58100000,1.68900000,141.75877440,134.89000000,137.53614000
2025-02-25,4.85656380,1.98064680,4.15617120,7.82797350,1.49011720,1.45700000,1.71600000,6.58200000,1.67800000,141.95006130,134.99700000,137.54300000
2025-02-26,4.89642120,2.00452200,4.15021680,7.80796590,1.54795520,1.45600000,1.69100000,6.51900000,1.68100000,141.96220650,135.34600000,137.54162800
2025-02-27,4.91212260,1.99921640,4.13632320,7.85798490,1.54585200,1.45700000,1.70400000,6.49200000,1.67300000,141.90350470,135.10800000,137.55397600
2025-02-28,4.82395320,1.94549720,4.03311360,7.55787090,1.48906560,1.41900000,1.64300000,6.44400000,1.67600000,141.95107340,135.31500000,137.56632400
2025-03-03,4.80825180,1.94881320,4.10853600,7.71292980,1.49432360,1.43900000,1.66700000,6.45100000,1.68200000,142.30126000,135.49200000,137.57867200
2025-03-04,4.80342060,1.96605640,4.03112880,7.57787850,1.49853000,1.42200000,1.70100000,6.49900000,1.68000000,142.29518740,135.44500000,137.58553200
2025-03-05,4.82395320,1.97103040,4.01723520,7.66791270,1.52587160,1.42500000,1.68000000,6.54700000,1.68900000,142.24660660,135.46800000,137.59925200
2025-03-06,4.89038220,2.00253240,4.01922000,7.67291460,1.57529680,1.43200000,1.72500000,6.53500000,1.70000000,142.11604570,135.12900000,137.58690400
2025-03-07,4.87830420,1.99391080,3.97158480,7.50285000,1.57214200,1.41400000,1.72000000,6.52600000,1.70700000,141.83265770,134.75000000,137.59925200
2025-03-10,4.85897940,1.99158960,3.96761520,7.48284240,1.55005840,1.42200000,1.75600000,6.54400000,1.71100000,141.59785050,134.45500000,137.60885600
2025-03-11,4.87347300,2.00153760,3.86837520,7.14271320,1.53638760,1.41100000,1.72100000,6.50500000,1.71000000,141.26993010,133.93700000,137.61846000
2025-03-12,4.86139500,2.00286400,3.84654240,7.16272080,1.52902640,1.40500000,1.71000000,6.52600000,1.72600000,141.76788330,134.44600000,137.62257600
2025-03-13,4.83723900,1.98595240,3.83463360,7.12270560,1.51956200,1.40700000,1.72500000,6.57500000,1.72900000,141.78610110,134.30800000,137.64452800
2025-03-14,4.95922680,2.02209680,3.83066400,7.19273220,1.56057440,1.40800000,1.73300000,6.67300000,1.76100000,141.76079860,134.10100000,137.62806400
2025-03-17,4.94473320,2.02276000,3.82867920,7.21774170,1.57003880,1.41400000,1.75800000,6.67700000,1.75800000,141.47032590,133.69900000,137.63080800
2025-03-18,4.95560340,2.03138160,3.86639040,7.27776450,1.60158680,1.42500000,1.78400000,6.72700000,1.73700000,141.57254800,133.68200000,137.61983200
2025-03-19,4.96285020,2.02342320,3.83661840,7.21774170,1.60684480,1.42200000,1.83800000,6.80000000,1.74900000,141.48348320,133.79700000,137.64041200
2025-03-20,4.92299280,2.00949600,3.93188880,7.37780250,1.57424520,1.43800000,1.82700000,6.80700000,1.75400000,141.65857650,134.35100000,137.66648000
2025-03-21,4.84327800,1.97898880,3.91601040,7.34278920,1.54164560,1.42700000,1.77300000,6.77400000,1.73600000,141.60493520,134.34900000,137.71038400
2025-03-24,4.86381060,1.97666760,3.96761520,7.49284620,1.54585200,1.43200000,1.80300000,6.78000000,1.75600000,141.53611240,134.20200000,137.72136000
2025-03-25,4.86622620,1.97003560,4.00334160,7.56787470,1.52376840,1.43200000,1.78000000,6.77400000,1.75300000,141.71120570,134.52200000,137.73919600
2025-03-26,4.84690140,1.97003560,3.99143280,7.54286520,1.52587160,1.43900000,1.79500000,6.79500000,1.75700000,141.87212960,134.63200000,137.71861600
2025-03-27,4.86381060,1.97500960,3.93585840,7.41281580,1.53954240,1.42400000,1.76200000,6.81200000,1.75700000,141.92374670,134.68600000,137.70078000
2025-03-28,4.84086240,1.95942440,3.89616240,7.37780250,1.52482000,1.41000000,1.75000000,6.93800000,1.74100000,141.89338370,134.50700000,137.69803600
2025-03-31,4.81187520,1.94118640,3.78501360,7.05768090,1.50378800,1.37600000,1.70900000,7.01200000,1.73000000,141.88326270,134.48900000,137.70764000
2025-04-01,4.80945960,1.95179760,3.84455760,7.18272840,1.51640720,1.37600000,1.71900000,7.05600000,1.74000000,141.87617800,134.50900000,137.73645200
2025-04-02,4.80583620,1.95411880,3.84455760,7.21273980,1.51114920,1.38100000,1.72400000,7.02900000,1.73900000,141.97941220,134.70200000,137.74742800
2025-04-03,4.78168020,1.93720720,3.76516560,7.06768470,1.49011720,1.36100000,1.69700000,7.09400000,1.70800000,142.49760740,135.51800000,137.75428800
2025-04-07,4.46282100,1.75084800,3.38805360,6.36241680,1.34079000,1.23400000,1.52700000,6.87700000,1.58700000,142.92572570,136.39800000,137.74194000
2025-04-08,4.50509400,1.76179080,3.52500480,6.59750610,1.32922240,1.30900000,1.56700000,6.92500000,1.59700000,142.81034630,135.99300000,137.75291600
2025-04-09,4.54857480,1.79992480,3.41782560,6.50247000,1.32501600,1.29400000,1.52900000,7.01200000,1.57400000,142.89232640,136.09200000,137.75977600
2025-04-10,4.62466620,1.83540600,3.74333280,7.14771510,1.36497680,1.36400000,1.64500000,7.16400000,1.62700000,143.02794780,136.10700000,137.76389200
2025-04-11,4.63795200,1.84800680,3.65401680,7.06768470,1.38180240,1.35500000,1.63200000,7.27300000,1.62600000,143.07551650,136.08400000,137.77349600
2025-04-14,4.64761440,1.86259720,3.71554560,7.16272080,1.40493760,1.37700000,1.65500000,7.32700000,1.64700000,142.95204030,136.08400000,137.78310000
2025-04-15,4.65123780,1.85497040,3.70165200,7.08269040,1.41019560,1.37300000,1.68400000,7.32500000,1.64100000,142.95507660,136.17700000,137.79544800
2025-04-16,4.66210800,1.83872200,3.65600160,6.94763910,1.38706040,1.36200000,1.68300000,7.50300000,1.63100000,143.07450440,136.35900000,137.80230800
2025-04-17,4.66573140,1.83971680,3.64210800,6.95264100,1.40073120,1.38500000,1.71000000,7.56500000,1.64400000,142.98543960,136.32500000,137.79682000
2025-04-18,4.67780940,1.84038000,3.63019920,6.90762390,1.40073120,1.40000000,1.70400000,7.58300000,1.64600000,142.92572570,136.24800000,137.80642400
2025-04-21,4.68022500,1.86757120,3.58454880,6.84760110,1.40914400,1.38800000,1.70400000,7.72400000,1.67000000,142.80629790,136.10700000,137.80230800
2025-04-22,4.68384840,1.86259720,3.57859440,6.85760490,1.41440200,1.39900000,1.70800000,7.98200000,1.65800000,142.85791500,136.23900000,137.80916800
2025-04-23,4.68867960,1.86624480,3.68180400,7.07768850,1.44805320,1.40600000,1.75000000,7.50000000,1.66900000,142.72735410,136.10000000,137.80916800
2025-04-24,4.68867960,1.85861800,3.66394080,6.99265620,1.43333080,1.39300000,1.74600000,7.58200000,1.66800000,142.60792630,136.01800000,137.81877200
2025-04-25,4.68867960,1.86392360,3.76119600,7.22274360,1.44595000,1.41100000,1.76500000,7.53000000,1.67400000,142.73545090,136.09600000,137.82700400
2025-04-28,4.68143280,1.85530200,3.77310480,7.24275120,1.44489840,1.41100000,1.76800000,7.46500000,1.66700000,142.69699110,136.18600000,137.82426000
2025-04-29,4.67297820,1.85629680,3.76516560,7.23274740,1.43333080,1.42600000,1.77700000,7.51700000,1.66500000,142.88422960,136.50200000,137.82700400
2025-04-30,4.66935480,1.86558160,3.77112000,7.23274740,1.44174360,1.42100000,1.78600000,7.47100000,1.65800000,142.99252430,136.54600000,137.86130400
2025-05-06,4.71404340,1.90106280,3.80684640,7.28776830,1.47854960,1.44300000,1.84800000,7.61200000,1.66100000,142.91661680,136.50000000,137.86130400
2025-05-07,4.74303060,1.90437880,3.81478560,7.31277780,1.48380760,1.44000000,1.84400000,7.67100000,1.66000000,142.87815700,136.38600000,137.86542000
2025-05-08,4.77081000,1.91233720,3.85051200,7.42782150,1.48380760,1.44300000,1.84800000,7.55700000,1.65200000,143.16154500,136.49400000,137.87228000
2025-05-09,4.76477100,1.89675200,3.85448160,7.43282340,1.48591080,1.45000000,1.86800000,7.53100000,1.65400000,143.12106100,136.59200000,137.88874400
2025-05-12,4.81912200,1.92062720,3.89616240,7.58288040,1.50273640,1.44700000,1.90000000,7.37600000,1.67500000,143.05527450,136.45400000,137.89011600
2025-05-13,4.82395320,1.91598480,3.92394960,7.61289180,1.49537520,1.43800000,1.84600000,7.33200000,1.67300000,142.96013710,136.28400000,137.89834800
2025-05-14,4.88555100,1.92261680,3.99540240,7.83297540,1.52587160,1.45000000,1.85400000,7.27700000,1.69200000,142.84273350,136.17500000,137.90109200
2025-05-15,4.84448580,1.89708360,3.96761520,7.79796210,1.51851040,1.44500000,1.81600000,7.06200000,1.67800000,142.74354770,136.14900000,137.91892800
2025-05-16,4.81791420,1.89376760,3.99341760,7.80796590,1.50904600,1.44900000,1.85900000,7.17700000,1.67800000,142.64841030,136.04800000,137.92441600
2025-05-19,4.81066740,1.89841000,3.98150880,7.73793930,1.50904600,1.43800000,1.84400000,7.22200000,1.67300000,142.71824520,136.12400000,137.93539200
2025-05-20,4.83482340,1.90636840,4.01922000,7.82297160,1.53007800,1.45000000,1.87700000,7.20900000,1.66700000,142.76581390,136.20500000,137.93127600
2025-05-21,4.85414820,1.90868960,3.98944800,7.74794310,1.53428440,1.44700000,1.88200000,7.43900000,1.68100000,142.75063240,136.24900000,137.93402000
2025-05-22,4.85173260,1.89376760,3.94776720,7.69792410,1.51956200,1.44000000,1.87600000,7.45000000,1.67100000,142.74962030,136.21000000,137.94499600
2025-05-23,4.81670640,1.87751920,3.94181280,7.67291460,1.51430400,1.44200000,1.87500000,7.45400000,1.67200000,142.85690290,136.20300000,137.95597200
2025-05-26,4.79134260,1.88050360,3.95173680,7.71793170,1.49853000,1.46400000,1.89000000,7.42500000,1.67500000,142.85386660,136.22800000,137.95460000
2025-05-27,4.76597880,1.87586120,3.96364560,7.75294500,1.50483960,1.46800000,1.88700000,7.36600000,1.67400000,142.80123740,136.18600000,137.95322800
2025-05-28,4.76114760,1.87254520,3.99341760,7.84297920,1.49747840,1.45500000,1.88800000,7.37500000,1.66500000,142.80832210,136.14500000,137.96008800
2025-05-29,4.79013480,1.89907320,4.03311360,7.94801910,1.51640720,1.46900000,1.90000000,7.30000000,1.67000000,142.64841030,136.00800000,137.96283200
2025-05-30,4.78168020,1.88813040,3.97753920,7.78295640,1.49642680,1.46600000,1.87300000,7.36900000,1.65800000,142.78301960,136.12400000,137.99438800
2025-06-03,4.77926460,1.89111480,3.98944800,7.81296780,1.51325240,1.46000000,1.88900000,7.47800000,1.65500000,142.77593490,136.14600000,137.98890000
2025-06-04,4.79979720,1.90636840,4.02715920,7.87799250,1.52271680,1.45700000,1.89200000,7.47400000,1.67400000,142.86702390,136.19700000,137.99164400
2025-06-05,4.81187520,1.91797440,4.01922000,7.85798490,1.53428440,1.45600000,1.88700000,7.48300000,1.67500000,142.93483460,136.23000000,137.99438800
2025-06-06,4.81429080,1.91830600,4.01723520,7.83797730,1.53743920,1.45700000,1.88900000,7.48100000,1.68500000,143.05122610,136.33900000,138.01085200
2025-06-09,4.82516100,1.93157000,4.03906800,7.85798490,1.55426480,1.46600000,1.88400000,7.40000000,1.68500000,143.10081900,136.49700000,138.01085200
2025-06-10,4.79738160,1.91565320,4.04105280,7.85798490,1.55847120,1.46700000,1.87100000,7.40500000,1.68300000,143.11701260,136.55100000,138.01771200
2025-06-11,4.83603120,1.92792240,4.06090080,7.88799630,1.57634840,1.46900000,1.87400000,7.42800000,1.69200000,143.10992790,136.66200000,138.01771200
2025-06-12,4.83844680,1.93157000,4.04899200,7.85798490,1.55952280,1.47100000,1.86700000,7.49700000,1.68300000,143.07956490,136.65300000,138.02182800
2025-06-13,4.80704400,1.91532160,4.01525040,7.77295260,1.53638760,1.46000000,1.84000000,7.58800000,1.67200000,143.10891580,136.64700000,138.04103600
2025-06-16,4.81912200,1.92228520,4.04502240,7.83797730,1.55005840,1.47700000,1.86000000,7.56300000,1.67700000,143.14029090,136.68000000,138.03966400
2025-06-17,4.81791420,1.91830600,4.04502240,7.86798870,1.54690360,1.47400000,1.84800000,7.49900000,1.67600000,143.29615430,136.81100000,138.04103600
2025-06-18,4.82144000,1.91532160,4.03906800,7.84297920,1.53112960,1.49200000,1.83800000,7.50300000,1.68400000,143.31234790,136.80300000,138.06024400
2025-06-19,4.78315500,1.89608880,4.01922000,7.79796210,1.50168480,1.47300000,1.81300000,7.46500000,1.67500000,143.31842050,136.82900000,138.07808000
2025-06-20,4.78933000,1.88315640,4.02318960,7.81296780,1.51114920,1.46700000,1.82500000,7.43600000,1.66900000,143.34372300,136.86300000,138.08219600
2025-06-23,4.80538500,1.89409920,4.01922000,7.79796210,1.53218120,1.45300000,1.81900000,7.46400000,1.67200000,143.31437210,136.83200000,138.07396400
2025-06-24,4.86096000,1.92460640,4.09067280,7.97803050,1.56162600,1.48400000,1.86200000,7.37200000,1.67900000,143.26073080,136.77300000,138.07396400
2025-06-25,4.94123500,1.96075080,4.09861200,7.97803050,1.57845160,1.48600000,1.86200000,7.39200000,1.68400000,143.22429520,136.65000000,138.07259200
2025-06-26,4.92271000,1.95246080,4.11052080,8.01804570,1.56688400,1.52000000,1.86300000,7.40500000,1.69600000,143.26275500,136.65100000,138.08356800
2025-06-27,4.89430500,1.95975600,4.15021680,8.09807610,1.56583240,1.54400000,1.88100000,7.32600000,1.70800000,143.35890450,136.78400000,138.10826400
2025-06-30,4.91777000,1.97733080,4.17204960,8.14809510,1.56057440,1.55600000,1.91300000,7.31400000,1.70900000,143.29413010,136.63600000,138.17549200
2025-07-01,4.92518000,1.98363120,4.16014080,8.11308180,1.56057440,1.53700000,1.89100000,7.39700000,1.71900000,143.34473510,136.72800000,138.12061200
2025-07-02,4.93012000,1.97202520,4.18792800,8.11808370,1.56478080,1.53500000,1.88000000,7.39400000,1.71700000,143.42570310,136.88000000,138.11924000
2025-07-03,4.95852500,1.97998360,4.19586720,8.13308940,1.55216160,1.53300000,1.89100000,7.44500000,1.72200000,143.44392090,136.90400000,138.13021600
2025-07-04,4.97952000,1.97733080,4.21770000,8.18310840,1.54059400,1.52700000,1.88200000,7.40700000,1.71100000,143.47732020,136.92300000,138.16040000
2025-07-07,4.95729000,1.97335160,4.20976080,8.17810650,1.53954240,1.51200000,1.88200000,7.35500000,1.69600000,143.45606610,136.93800000,138.15079600
2025-07-08,4.99928000,1.99987960,4.20976080,8.18310840,1.55531640,1.51200000,1.89500000,7.39800000,1.70200000,143.34473510,136.86700000,138.13707600
2025-07-09,4.99557500,1.99125800,4.19388240,8.15309700,1.54164560,1.50600000,1.89800000,7.31400000,1.68600000,143.34271090,136.83200000,138.13844800
2025-07-10,5.02027500,2.00220080,4.20976080,8.19811410,1.55321320,1.50800000,1.93200000,7.37100000,1.69900000,143.24959770,136.66000000,138.14668000
2025-07-11,5.03756500,2.01944400,4.21571520,8.16810270,1.56793560,1.50000000,1.90300000,7.37600000,1.69100000,143.21113790,136.60800000,138.15354000
2025-07-14,5.03633000,2.01579640,4.18197360,8.11808370,1.56162600,1.49400000,1.88100000,7.44000000,1.69200000,143.13826670,136.50500000,138.16177200
2025-07-15,5.03633000,2.01513320,4.22960880,8.24313120,1.57740000,1.50500000,1.89300000,7.43600000,1.68200000,143.27996070,136.73700000,138.17274800
2025-07-16,5.02521500,2.01480160,4.19785200,8.19311220,1.59107080,1.49600000,1.87200000,7.40200000,1.68200000,143.28906960,136.74800000,138.18098000
2025-07-17,5.06597000,2.03801360,4.22960880,8.25313500,1.58581280,1.50500000,1.88600000,7.39700000,1.68000000,143.28097280,136.74700000,138.18509600
2025-07-18,5.10302000,2.04431400,4.25342640,8.31315780,1.59948360,1.50000000,1.90000000,7.40300000,1.69200000,143.26882760,136.66600000,138.18921200
2025-07-21,5.13389500,2.06454160,4.24747200,8.31315780,1.61525760,1.50300000,1.89100000,7.44600000,1.71800000,143.18077490,136.54000000,138.18921200
2025-07-22,5.18823500,2.08642720,4.23953280,8.31815970,1.61841240,1.49800000,1.88800000,7.47400000,1.72200000,143.10587950,136.40900000,138.18784000
2025-07-23,5.18576500,2.07913200,4.25541120,8.30315400,1.64365080,1.55400000,1.90200000,7.54800000,1.71600000,143.05122610,136.34400000,138.19607200
2025-07-24,5.21787500,2.10997080,4.27327440,8.31815970,1.65627000,1.58100000,1.91600000,7.42400000,1.72800000,142.78099540,135.99900000,138.20567600
2025-07-25,5.19070500,2.11063400,4.29510720,8.33316540,1.63523800,1.55500000,1.90000000,7.40900000,1.71800000,142.81237050,135.82400000,138.22214000
2025-07-28,5.20429000,2.11925560,4.33678800,8.42319960,1.65206360,1.53400000,1.91700000,7.38800000,1.70700000,142.94697980,136.17300000,138.22625600
2025-07-29,5.23022500,2.13251960,4.33480320,8.41819770,1.64259920,1.53000000,1.88300000,7.36300000,1.70300000,142.77087440,135.85700000,138.21939600
2025-07-30,5.22652000,2.11859240,4.32686400,8.40319200,1.62682520,1.53100000,1.88800000,7.37700000,1.70500000,142.91155630,136.08300000,138.22762800
2025-07-31,5.13142500,2.08808520,4.37052960,8.52323760,1.60474160,1.54600000,1.88300000,7.35000000,1.68800000,143.02288730,136.34600000,138.26192800
2025-08-01,5.10425500,2.08476920,4.31098560,8.35817490,1.59948360,1.51600000,1.85200000,7.35200000,1.68800000,143.03098410,136.34200000,138.29485600
2025-08-04,5.12772000,2.10068600,4.26335040,8.24313120,1.59948360,1.51900000,1.83700000,7.44600000,1.69100000,143.00264530,136.34500000,138.26741600
2025-08-05,5.16600500,2.11428160,4.34075760,8.39819010,1.60894800,1.53300000,1.85400000,7.45500000,1.69600000,143.04717770,136.36100000,138.25232400
2025-08-06,5.17959000,2.13152480,4.31495520,8.35317300,1.61105120,1.53800000,1.86200000,7.46800000,1.69400000,143.06134710,136.43900000,138.25369600
2025-08-07,5.17835500,2.12489280,4.31495520,8.42319960,1.62156720,1.54700000,1.86700000,7.48400000,1.69900000,143.16255710,136.47800000,138.26467200
2025-08-08,5.16600500,2.12124520,4.31495520,8.45821290,1.60369000,1.57400000,1.88100000,7.50800000,1.69800000,143.22024680,136.53100000,138.27016000
2025-08-11,5.18947000,2.14346240,4.35068160,8.54324520,1.60894800,1.59000000,1.88900000,7.42900000,1.70600000,143.05122610,136.26200000,138.26192800
2025-08-12,5.22158000,2.15440520,4.34075760,8.51823570,1.61525760,1.59300000,1.87500000,7.39900000,1.71100000,143.02288730,136.15400000,138.27564800
2025-08-13,5.26480500,2.18259120,4.37449920,8.60826990,1.65311520,1.62300000,1.88200000,7.41500000,1.71300000,143.12207310,136.22000000,138.27976400
2025-08-14,5.25616000,2.16004240,4.37251440,8.58826230,1.64470240,1.60900000,1.88200000,7.42400000,1.69900000,143.06843180,136.07200000,138.28936800
2025-08-15,5.30432500,2.20779280,4.40030160,8.61327180,1.63944440,1.63600000,1.90500000,7.40100000,1.70400000,143.05527450,136.04600000,138.29897200
2025-08-18,5.34384500,2.23763680,4.37251440,8.55324900,1.64154760,1.64200000,1.89500000,7.41300000,1.69900000,142.75366870,135.56300000,138.29897200
2025-08-19,5.31667500,2.23266280,4.36060560,8.51823570,1.63418640,1.63700000,1.89100000,7.39100000,1.69800000,142.76480180,135.62100000,138.30446000
2025-08-20,5.38954000,2.26283840,4.33678800,8.42319960,1.63839280,1.61500000,1.87900000,7.37400000,1.69300000,142.70205160,135.48900000,138.32092400
2025-08-21,5.40683000,2.25023760,4.33281840,8.45321100,1.62787680,1.60200000,1.87600000,7.39400000,1.69100000,142.76480180,135.52000000,138.35934000
2025-08-22,5.53156500,2.29301400,4.30701600,8.38318440,1.63839280,1.59500000,1.87000000,7.37800000,1.69400000,142.72735410,135.46900000,138.34287600
2025-08-25,5.63777500,2.33346920,4.36656000,8.49322620,1.67835360,1.60800000,1.88400000,7.42700000,1.71200000,142.84779400,135.68400000,138.33464400
2025-08-26,5.60813500,2.33711680,4.34869680,8.45321100,1.66257960,1.59100000,1.86600000,7.44900000,1.70400000,142.85386660,135.77500000,138.33876000
2025-08-27,5.52662500,2.30561480,4.37846880,8.52323760,1.63313480,1.60100000,1.86900000,7.45000000,1.70600000,142.89232640,135.86500000,138.34836400
2025-08-28,5.63036500,2.35568640,4.35465120,8.46821670,1.62051560,1.61100000,1.86600000,7.46800000,1.70300000,142.82350360,135.56800000,138.37854800
2025-08-29,5.68223500,2.36795560,4.35663600,8.46321480,1.63103160,1.60100000,1.85400000,7.48600000,1.71500000,142.85589080,135.61200000,138.41284800
2025-09-01,5.70076000,2.38950960,4.33678800,8.36817870,1.65311520,1.58700000,1.86300000,7.64700000,1.71500000,142.96823390,135.71900000,138.43754400
2025-09-02,5.66865000,2.33943800,4.34075760,8.38318440,1.65416680,1.58800000,1.86600000,7.67000000,1.71500000,142.96620970,135.72600000,138.46772800
2025-09-03,5.61801500,2.30130400,4.32090960,8.38318440,1.63628960,1.57000000,1.83300000,7.76800000,1.71600000,143.11296420,135.84000000,138.42245200
2025-09-04,5.50316000,2.24791640,4.34472720,8.41319580,1.62156720,1.60800000,1.84300000,7.75000000,1.71000000,143.20000480,136.12000000,138.39638400
2025-09-05,5.62419000,2.32484760,4.37449920,8.50823190,1.64575400,1.61000000,1.85500000,7.77500000,1.71600000,142.98847590,135.73100000,138.37168800
2025-09-08,5.62542500,2.34540680,4.35663600,8.48322240,1.66047640,1.62900000,1.85000000,7.84700000,1.71100000,142.96013710,135.59700000,138.38266400
2025-09-09,5.59208000,2.32318960,4.36259040,8.50823190,1.67414720,1.62500000,1.85300000,7.96600000,1.71000000,142.93989510,135.53100000,138.38678000
2025-09-10,5.60443000,2.32219480,4.38045360,8.55825090,1.69728240,1.63600000,1.85200000,7.94700000,1.71400000,142.86297550,135.22900000,138.39226800
2025-09-11,5.75510000,2.39547840,4.38640800,8.54324520,1.69833400,1.65200000,1.84200000,7.92300000,1.71900000,142.96519760,135.30100000,138.39638400
2025-09-12,5.70693500,2.40144720,4.41022560,8.57325660,1.70779840,1.66800000,1.84600000,7.95400000,1.74000000,143.01074210,135.52500000,138.40873200
2025-09-15,5.71681500,2.39614160,4.42411920,8.63828130,1.71200480,1.66600000,1.84600000,7.93100000,1.73700000,143.10081900,135.62300000,138.41422000
2025-09-16,5.70570000,2.41471120,4.44198240,8.68329840,1.71831440,1.67300000,1.85100000,8.03200000,1.73500000,143.18684750,135.68700000,138.40324400
2025-09-17,5.74645500,2.43958120,4.42610400,8.64828510,1.74460440,1.67500000,1.83600000,7.96400000,1.73100000,143.34574720,135.86600000,138.41696400
2025-09-18,5.67359000,2.41802720,4.44793680,8.72331360,1.71515960,1.70000000,1.83100000,7.86200000,1.71300000,143.25263400,135.83800000,138.45126400
2025-09-19,5.68594000,2.40774760,4.46976960,8.75832690,1.71726280,1.66600000,1.84800000,7.89800000,1.71500000,143.09575850,135.65100000,138.45675200
2025-09-22,5.70446500,2.42664880,4.50351120,8.85836490,1.70990160,1.69000000,1.83200000,8.04800000,1.72000000,143.20911370,135.66000000,138.45126400
2025-09-23,5.70817000,2.41305320,4.54122240,9.00342000,1.69623080,1.70300000,1.83900000,8.14300000,1.71300000,143.08423720,135.47966250,138.46910000
2025-09-24,5.75880500,2.46445120,4.52534400,8.92839150,1.72462400,1.69500000,1.83500000,8.19000000,1.71400000,142.96357040,135.26047080,138.44440400
2025-09-25,5.79832500,2.46743560,4.50549600,8.89838010,1.71726280,1.69000000,1.83200000,8.14600000,1.74600000,142.91039520,135.21804660,138.44852000
2025-09-26,5.74398500,2.43261760,4.49557200,8.90338200,1.70779840,1.66600000,1.82100000,8.16000000,1.74400000,143.01674560,135.41299590,138.46910000
2025-09-29,5.83908000,2.47439920,4.52732880,9.00342000,1.73093360,1.67500000,1.83800000,8.25900000,1.74000000,142.98095460,135.34733940,138.47321600
2025-09-30,5.85513500,2.49330040,4.53328320,9.06844470,1.74355280,1.68000000,1.83600000,8.33900000,1.74700000,143.19263280,135.60996540,138.54456000
2025-10-09,5.94776000,2.53640840,4.60870560,9.25851690,1.73619160,1.76900000,1.88600000,8.72900000,1.80800000,143.28977980,135.74127840,138.50065600
2025-10-10,5.82796500,2.48865800,4.62259920,9.30353400,1.70569520,1.73400000,1.87700000,8.60200000,1.79500000,143.25910180,135.67158150,138.53358400
2025-10-13,5.79462000,2.47672040,4.55313120,9.14847510,1.67099240,1.72300000,1.86500000,8.85900000,1.78400000,143.30102840,135.80491470,138.52946800
2025-10-14,5.73657500,2.41703240,4.49160240,9.05343900,1.65416680,1.71700000,1.85100000,8.97600000,1.76800000,143.34909060,136.03925790,138.54456000
2025-10-15,5.81191000,2.45151880,4.54320720,9.12846750,1.68361160,1.77000000,1.86800000,9.18700000,1.78500000,143.30716400,135.96855090,138.53632800
2025-10-16,5.83043500,2.43261760,4.53526800,9.19349220,1.67835360,1.82100000,1.86300000,9.24400000,1.77800000,143.31329960,136.07461140,138.55965200
2025-10-17,5.71064000,2.35900240,4.49160240,9.03843330,1.64470240,1.78100000,1.84600000,9.56800000,1.76700000,143.41555960,136.28875260,138.58983600
2025-10-20,5.73040000,2.37425600,4.60672080,9.29853210,1.67940520,1.89800000,1.86300000,9.26800000,1.77900000,143.28875720,136.03925790,138.61727600
2025-10-21,5.81685000,2.41404800,4.61664480,9.36855870,1.69938560,1.89900000,1.88500000,9.49000000,1.78100000,143.30920920,136.03117710,138.57200000
2025-10-22,5.79832500,2.39547840,4.66031040,9.41857770,1.67519880,1.93100000,1.90200000,9.10100000,1.78300000,143.33579680,136.04632860,138.58160400
2025-10-23,5.82055500,2.40376840,4.66824960,9.41857770,1.68886960,1.88600000,1.88400000,8.99400000,1.79600000,143.29489280,135.94531860,138.57474400
2025-10-24,5.89095000,2.44356040,4.68412800,9.51361380,1.69938560,1.89000000,1.89300000,8.95000000,1.81800000,143.28568940,135.88067220,138.58709200
2025-10-27,5.96011000,2.47970480,4.79329200,9.78371640,1.71410800,1.93400000,1.90500000,8.91400000,1.83100000,143.33375160,136.03218720,138.58160400
2025-10-28,5.93047000,2.46743560,4.80520080,9.80872590,1.70254040,1.93500000,1.89600000,8.59700000,1.80400000,143.61905700,136.42309590,138.58434800
2025-10-29,6.00457000,2.51817040,4.89848640,10.00380000,1.72357240,1.98200000,1.89200000,8.69200000,1.83300000,143.73767860,136.42309590,138.58846400
2025-10-30,5.95640500,2.48600520,4.90841040,9.92877150,1.69728240,1.95100000,1.87900000,8.70400000,1.81800000,143.85323240,136.57057050,138.62825200
2025-10-31,5.87366000,2.46577760,4.87069920,9.91376580,1.68571480,1.97100000,1.86700000,8.79400000,1.80700000,143.86959400,136.65339870,138.60767200
2025-11-03,5.88230500,2.46677240,4.92031920,9.88375440,1.70148880,1.99300000,1.86600000,8.79700000,1.81900000,143.80619280,136.67259060,138.61041600
2025-11-04,5.84031500,2.42499080,4.79329200,9.70368600,1.68886960,1.93000000,1.85800000,8.73700000,1.79900000,143.79903460,136.72107540,138.63099600
2025-11-05,5.84772500,2.43062800,4.73970240,9.56363280,1.68256000,1.91200000,1.84900000,8.70600000,1.79300000,143.80414760,136.71905520,138.63785600
2025-11-06,5.93417500,2.47075160,4.74168720,9.74870310,1.71515960,1.94100000,1.86600000,8.75500000,1.80300000,143.73665600,136.57764120,138.64883200
2025-11-07,5.92182500,2.46710400,4.73176320,9.62365560,1.70148880,1.93000000,1.84000000,8.79300000,1.79800000,143.76631140,136.55137860,138.65157600
2025-11-10,5.93664500,2.46975680,4.81115520,9.75870690,1.72672720,1.96700000,1.85800000,8.93600000,1.81100000,143.76222100,136.49784330,138.64334400
2025-11-11,5.88230500,2.45185040,4.82306400,9.79872210,1.72777880,1.95600000,1.86300000,9.06200000,1.81200000,143.77960520,136.42208580,138.65157600
2025-11-12,5.88477500,2.43924960,4.88856240,9.87375060,1.74670760,1.96000000,1.88300000,9.02900000,1.82100000,143.83891600,136.52612610,138.65294800
2025-11-13,5.94282000,2.47539400,4.93818240,9.87875250,1.75932680,1.94800000,1.89800000,9.17500000,1.83500000,143.78165040,136.43117670,138.66255200
2025-11-14,5.85513500,2.43328080,4.85879040,9.61865370,1.72357240,1.90100000,1.86800000,9.09600000,1.81500000,143.76426620,136.50592410,138.67490000
2025-11-17,5.81685000,2.43261760,4.87069920,9.54862710,1.70885000,1.87800000,1.85700000,8.88200000,1.80700000,143.79085380,136.61905530,138.67352800
2025-11-18,5.78350500,2.40807920,4.76153520,9.22350360,1.67519880,1.80400000,1.82100000,8.77700000,1.78800000,143.79903460,136.64935830,138.68176000
2025-11-19,5.80079500,2.39647320,4.68214320,9.18348840,1.67204400,1.80400000,1.81900000,8.95400000,1.80100000,143.75608540,136.59380280,138.68862000
2025-11-20,5.77486000,2.37757200,4.78932240,9.53862330,1.66888920,1.84000000,1.84000000,8.90300000,1.79700000,143.83073520,136.63016640,138.71606000
2025-11-21,5.63654000,2.29533520,4.67420400,9.24351120,1.63944440,1.79200000,1.80300000,8.82800000,1.78600000,143.79187640,136.60289370,138.71606000
2025-11-24,5.62789500,2.31125200,4.74367200,9.28352640,1.66047640,1.81200000,1.82300000,8.85700000,1.79600000,143.80823800,136.61703510,138.70645600
2025-11-25,5.67729500,2.33910640,4.77145920,9.48860430,1.66994080,1.80500000,1.82600000,9.01000000,1.80400000,143.81130580,136.49582310,138.71468800
2025-11-26,5.71311000,2.34275400,4.85680560,9.63866130,1.67835360,1.85500000,1.85700000,9.01100000,1.80500000,143.65587060,136.18673250,138.71880400
2025-11-27,5.70817000,2.33778000,4.82901840,9.62865750,1.67204400,1.85600000,1.84500000,9.01000000,1.81200000,143.64768980,136.20188400,138.71743200
2025-11-28,5.72422500,2.36596600,4.88856240,9.71869170,1.66994080,1.85800000,1.84600000,9.06700000,1.82200000,143.70393280,136.22309610,138.72840800
2025-12-01,5.78844500,2.38818320,4.88260800,9.68367840,1.67835360,1.82800000,1.84200000,9.16100000,1.84900000,143.75199500,136.34430810,138.73252400
2025-12-02,5.76251000,2.36795560,4.88260800,9.70368600,1.68045680,1.81500000,1.83100000,9.11200000,1.85100000,143.71620400,136.26653040,138.75722000
2025-12-03,5.73657500,2.35535480,4.90047120,9.82873350,1.66152800,1.84100000,1.84100000,9.09600000,1.85800000,143.72847520,136.33218690,138.77231200
2025-12-04,5.75139500,2.36265000,4.88459280,9.82873350,1.67099240,1.89300000,1.84800000,9.06400000,1.88000000,143.58428860,135.90693480,138.75310400
2025-12-05,5.80203000,2.39282560,4.86474480,9.81872970,1.68781800,1.88100000,1.85100000,9.13600000,1.91200000,143.65791580,136.14430830,138.75584800
2025-12-08,5.84402000,2.41338480,4.85085120,9.76370880,1.66783760,1.86900000,1.84900000,9.11000000,1.91900000,143.64257680,136.13824770,138.75447600
2025-12-09,5.81438000,2.39547840,4.80321600,9.64366320,1.64470240,1.84800000,1.84200000,9.04600000,1.87700000,143.72131700,136.34228790,138.75996400
2025-12-10,5.80697000,2.40841080,4.84886640,9.72369360,1.64365080,1.83900000,1.85000000,9.09500000,1.89200000,143.74279160,136.33521720,138.76682400
2025-12-11,5.76498000,2.38785160,4.82703360,9.59364420,1.64680560,1.81300000,1.84400000,9.11000000,1.89200000,143.83891600,136.46956050,138.78191600
2025-12-12,5.79709000,2.41570600,4.86871440,9.60864990,1.67099240,1.82900000,1.87200000,9.22700000,1.93200000,143.79903460,136.37562120,138.77231200
2025-12-15,5.76374500,2.39945760,4.85680560,9.51361380,1.64996040,1.81200000,1.86500000,9.35100000,1.90600000,143.73870120,136.09986390,138.77917200
2025-12-16,5.70570000,2.36298160,4.80321600,9.36855870,1.62261880,1.78100000,1.85300000,9.24000000,1.87800000,143.71211360,136.12006590,138.79700800
2025-12-17,5.80326500,2.40708440,4.83298800,9.49860810,1.63628960,1.80200000,1.85200000,9.31000000,1.89600000,143.80721540,136.27360110,138.78740400
2025-12-18,5.76498000,2.39448360,4.81512480,9.39356820,1.63313480,1.78900000,1.83500000,9.31800000,1.89900000,143.89311380,136.30390410,138.79975200
2025-12-19,5.78968000,2.41603760,4.86474480,9.58364040,1.65101200,1.82100000,1.85400000,9.31300000,1.91800000,143.96878620,136.38875250,138.80524000
2025-12-22,5.84155000,2.44322880,4.87466880,9.72869550,1.65311520,1.83800000,1.87300000,9.51100000,1.93400000,143.89515900,136.25541930,138.80524000
2025-12-23,5.85390000,2.44521840,4.85680560,9.67867650,1.65416680,1.82700000,1.87300000,9.63900000,1.93200000,144.13751520,136.57966140,138.81347200
2025-12-24,5.87489500,2.47705200,4.87268400,9.66867270,1.65311520,1.82300000,1.88000000,9.64200000,1.97500000,144.07820440,136.49885340,138.81484400
2025-12-25,5.88601000,2.49827440,4.87863840,9.65366700,1.65521840,1.82100000,1.87500000,9.56600000,1.96400000,144.03014220,136.54127760,138.81621600
2025-12-26,5.90824000,2.51352800,4.88459280,9.64866510,1.66257960,1.82300000,1.87600000,9.65000000,1.99400000,144.12880900,136.47711000,138.82856400
2025-12-29,5.88230500,2.50291680,4.85680560,9.58364040,1.64470240,1.80400000,1.87000000,9.56300000,1.99600000,143.95517840,136.06343520,138.83954000
2025-12-30,5.89465500,2.51385960,4.84092720,9.57363660,1.65311520,1.80000000,1.86300000,9.36300000,1.99300000,143.93154820,136.00753320,138.83542400
2025-12-31,5.86995500,2.51618080,4.82703360,9.52361760,1.63313480,1.79400000,1.87200000,9.30100000,1.99600000,143.93463040,136.02277920,138.88408500
2026-01-05,5.98234000,2.58382720,4.89848640,9.65366700,1.67835360,1.83200000,1.89000000,9.49500000,2.05500000,143.80004100,135.93638520,138.85632900
2026-01-06,6.07496500,2.63986760,4.89650160,9.62865750,1.70359200,1.85400000,1.90500000,9.57700000,2.13000000,143.69216400,135.75140040,138.84661440
2026-01-07,6.05273500,2.65246840,4.89253200,9.59864610,1.68361160,1.84000000,1.90500000,9.51800000,2.12600000,143.61305420,135.71785920,138.86881920
2026-01-08,6.00580500,2.66075840,4.87863840,9.49860810,1.66152800,1.82000000,1.91500000,9.51100000,2.07300000,143.73736960,135.92723760,138.87437040
2026-01-09,6.03297500,2.72442560,4.88260800,9.51861570,1.66994080,1.84000000,1.92400000,9.59200000,2.08600000,143.72606820,136.05530400,138.88269720
2026-01-12,6.06755500,2.79074560,4.87863840,9.46859670,1.68781800,1.86700000,1.94700000,9.77700000,2.14300000,143.79695880,136.06851720,138.87992160
2026-01-13,6.04656000,2.75426960,4.88260800,9.57863850,1.69833400,1.87100000,1.98600000,9.79300000,2.11900000,143.83805480,136.18337040,138.89657520
2026-01-14,6.00951000,2.77383400,4.86672960,9.54862710,1.71200480,1.89100000,1.96800000,9.92200000,2.17600000,143.93154820,136.24232160,138.90212640
2026-01-15,6.02062500,2.76521240,4.85283600,9.50861190,1.70674680,1.88300000,1.95200000,9.86700000,2.17900000,143.98805520,136.34701080,138.92849460
2026-01-16,6.00086500,2.77135950,4.87268400,9.52361760,1.69623080,1.89500000,1.94200000,9.85700000,2.11200000,144.08052120,136.43340480,138.95763840
2026-01-19,6.00351980,2.78906680,4.84489680,9.43858530,1.68256000,1.88100000,1.89800000,10.00600000,2.10300000,144.07127460,136.46796240,138.94931160
2026-01-20,5.98578040,2.78104840,4.82703360,9.38356440,1.67835360,1.85600000,1.88300000,10.08200000,2.11000000,144.16271320,136.73324280,138.94514820
2026-01-21,5.99338300,2.81713120,4.81710960,9.37856250,1.68045680,1.85700000,1.88700000,10.37700000,2.13300000,144.15963100,136.85826000,138.92849460
2026-01-22,5.98958170,2.82949290,4.88062320,9.50861190,1.68361160,1.88700000,1.90400000,10.34100000,2.11000000,144.14627480,136.78304640,138.93820920
2026-01-23,5.96043840,2.91301790,4.83100320,9.45859290,1.69202440,1.87600000,1.90800000,10.61700000,2.14400000,144.19456260,136.78406280,138.94653600
2026-01-26,5.97057520,2.86123240,4.78733760,9.41357580,1.69307600,1.87000000,1.89900000,10.92400000,2.14200000,144.16682280,136.84199760,138.95625060
2026-01-27,5.96804100,2.87960790,4.81115520,9.47359860,1.71726280,1.88700000,1.92400000,10.93400000,2.16700000,144.18017900,136.79219400,138.96318960
2026-01-28,5.98704750,2.90366310,4.82901840,9.52861950,1.76248160,1.91300000,1.93400000,11.28000000,2.18300000,144.20278180,136.87858800,138.96041400
2026-01-29,6.04153280,2.87025310,4.81314000,9.45859290,1.77194600,1.90000000,1.92000000,11.90400000,2.26800000,144.29113820,136.93957200,138.95902620
2026-01-30,5.96930810,2.81980400,4.84092720,9.40857390,1.73198520,1.88500000,1.88500000,11.00900000,2.14500000,144.27675460,137.00360520,138.97012860
2026-02-02,5.82866000,2.68917090,4.69206720,9.16848270,1.67835360,1.84500000,1.85500000,9.90800000,1.98900000,144.27983680,137.01072000,138.99927240
2026-02-03,5.90975440,2.79508060,4.71390000,9.36355680,1.69412760,1.91800000,1.89600000,10.42200000,2.11600000,144.33017940,136.99039200,138.98123100
2026-02-04,5.96423970,2.80243080,4.71390000,9.26852070,1.69728240,1.91400000,1.89400000,10.86700000,2.13400000,144.31476840,136.94160480,138.99233340
2026-02-05,5.92876090,2.74529970,4.70000640,9.20349600,1.68992120,1.88100000,1.87500000,10.52300000,2.05500000,144.40107000,137.12862240,139.01453820
2026-02-06,5.89074790,2.74396330,4.61664480,9.06844470,1.67414720,1.88900000,1.86200000,10.35700000,2.03900000,144.43805640,137.24144280,139.01592600
2026-02-09,5.98958170,2.80476950,4.72977840,9.23850930,1.70359200,1.95000000,1.89900000,10.71900000,2.08800000,144.52641280,137.30039400,139.00204800
2026-02-10,5.99718430,2.79875570,4.75161120,9.22350360,1.70569520,2.02200000,1.91900000,10.66900000,2.08300000,144.52333060,137.33190240,139.01037480
2026-02-11,5.98451330,2.81011510,4.75359600,9.20849790,1.71305640,2.12000000,1.91800000,10.75800000,2.10700000,144.58908420,137.42134560,139.02425280
2026-02-12,5.98958170,2.84452740,4.74168720,9.18348840,1.69307600,2.08200000,1.94300000,10.72000000,2.10800000,144.64867340,137.52705120,139.03951860
2026-02-13,5.91862410,2.79741930,4.72779360,9.15347700,1.66783760,2.11100000,1.95900000,10.57500000,2.05200000,144.70415300,137.47623120,139.08531600
2026-02-24,5.97564360,2.82949290,4.73374800,9.11846370,1.66257960,2.10500000,1.98000000,10.95000000,2.09900000,144.72059140,137.46505080,139.06727460
2026-02-25,6.01872500,2.87392820,4.72779360,9.12846750,1.66678600,2.14100000,1.97000000,10.95900000,2.14100000,144.60141300,137.24550840,139.06727460
2026-02-26,5.99971850,2.88328300,4.73176320,9.16348080,1.65311520,2.12300000,1.99500000,10.91300000,2.12500000,144.46271400,137.06255640,139.06866240
2026-02-27,5.98704750,2.91903170,4.73771760,9.09845610,1.66152800,2.12800000,2.03600000,10.93300000,2.16500000,144.55312520,137.21501640,139.07698920
2026-03-02,6.00478690,2.91769530,4.68015840,9.01342380,1.62998000,2.11700000,1.95800000,11.41700000,2.16300000,144.67744060,137.38577160,139.09503060
2026-03-03,5.92749380,2.79808750,4.69802160,8.93339340,1.61736080,1.99800000,1.90300000,11.25900000,2.09600000,144.66613920,137.45082120,139.12001100
2026-03-04,5.84133100,2.77870970,4.64046240,8.81334780,1.57740000,1.91500000,1.82600000,10.98000000,2.10800000,144.79045460,137.46200160,139.14499140
2026-03-05,5.89708340,2.79675110,4.68611280,9.00342000,1.58581280,1.97300000,1.86500000,10.96400000,2.09400000,144.72983800,137.46098520,139.12833780
2026-03-06,5.91355570,2.81345610,4.66428000,9.00842190,1.61315440,1.98300000,1.85900000,10.87300000,2.09300000,144.76682440,137.50570680,139.11723540
2026-03-09,5.86540590,2.79173960,4.55313120,8.78333640,1.58791600,1.93200000,1.78700000,10.86800000,2.08100000,144.59319380,137.17639320,139.12001100
2026-03-10,5.93382930,2.83350210,4.58687280,8.94339720,1.61315440,1.96100000,1.82400000,10.95600000,2.10000000,144.60141300,137.20993440,139.12139880
2026-03-11,5.96930810,2.82915880,4.59084240,8.96340480,1.61315440,1.97500000,1.82400000,10.97400000,2.10000000,144.59113900,137.20383600,139.13111340
2026-03-12,5.94776740,2.81512660,4.60076640,8.92338960,1.60474160,1.95000000,1.80600000,10.93800000,2.10000000,144.59524860,137.26380360,139.13527680
2026-03-13,5.92622670,2.77670510,4.53725280,8.83835730,1.59527720,1.91900000,1.79700000,10.80200000,2.07500000,144.62915280,137.24754120,139.14915480
2026-03-16,5.93002800,2.75933190,4.52335920,8.87337060,1.62261880,1.92900000,1.79400000,10.66400000,2.06200000,144.53257720,136.99242480,139.14776700
2026-03-17,5.88694660,2.69885980,4.53129840,8.84335920,1.61736080,1.89400000,1.76400000,10.63700000,2.05800000,144.53463200,137.05950720,139.17829860
2026-03-18,5.90722020,2.72491960,4.53328320,8.94839910,1.62682520,1.94100000,1.79500000,10.60600000,2.03800000,144.67641320,137.25059040,139.16303280
2026-03-19,5.82739290,2.65442450,4.48366320,8.82335160,1.59738040,1.89600000,1.74200000,10.12600000,1.95800000,144.75449560,137.30141040,139.17968640
2026-03-20,5.79824960,2.60998920,4.45389120,8.74832310,1.57634840,1.87500000,1.72400000,9.89600000,1.95600000,144.71237220,137.15301600,139.17552300
2026-03-23,5.61325300,2.50975920,4.26533520,8.40319200,1.52271680,1.79900000,1.62700000,8.94100000,1.91500000,144.65792000,137.01478560,139.16719620
2026-03-24,5.67534090,2.55653320,4.34671200,8.58826230,1.56267760,1.83600000,1.68900000,9.29900000,1.95500000,144.62093360,137.12354040,139.17274740
2026-03-25,5.75770240,2.61466660,4.39236240,8.67329460,1.57845160,1.85900000,1.72400000,9.64100000,1.98400000,144.65446550,137.20788000,139.17552300
2026-03-26,5.68674480,2.57257000,4.40427120,8.58326040,1.56162600,1.83200000,1.70100000,9.45000000,1.97600000,144.71016650,137.30492250,139.19356440
2026-03-27,5.71208680,2.60698230,4.38442320,8.54324520,1.57003880,1.83700000,1.69700000,9.49400000,1.99900000,144.79784400,137.29572900,139.19078880
2026-03-30,5.70195000,2.61199380,4.30900080,8.41819770,1.55426480,1.82700000,1.66900000,9.65600000,2.01300000,144.88861600,137.45814750,139.19078880
2026-03-31,5.65506730,2.56689030,4.29510720,8.37318060,1.55426480,1.81200000,1.66700000,9.69900000,2.00700000,144.92987600,137.48777100,139.21299360
2026-04-01,5.74503140,2.60898690,4.44198240,8.76332880,1.58370960,1.88800000,1.72900000,10.02400000,2.03000000,144.80712750,137.32943850,139.21299360
2026-04-02,5.68801190,2.56321520,4.37846880,8.60826990,1.56372920,1.83000000,1.69200000,9.73800000,2.00300000,144.83291500,137.39583600,139.23381060
2026-04-03,5.64366340,2.54016230,4.37846880,8.65828890,1.56583240,1.82700000,1.70300000,9.82800000,2.01000000,144.90099400,137.40196500,139.28932260
2026-04-07,5.63352660,2.54884890,4.38045360,8.66329080,1.56793560,1.83200000,1.70900000,9.83700000,2.01300000,144.88345850,137.45610450,139.26850560
2026-04-08,5.83119420,2.68148660,4.54519200,9.16848270,1.60999960,1.96300000,1.79200000,10.11300000,2.05100000,144.80919050,137.44384650,139.23103500
2026-04-09,5.79318120,2.66077240,4.51542000,9.02842950,1.60369000,1.92700000,1.77200000,9.90800000,2.03000000,144.82672600,137.51943750,139.24768860
2026-04-10,5.88187820,2.68449350,4.55313120,9.04843710,1.60999960,1.94600000,1.78300000,9.97200000,2.04200000,144.82878900,137.53578150,139.25740320
2026-04-13,5.89454920,2.68215480,4.52732880,8.99341620,1.59422560,1.94700000,1.76200000,9.92400000,2.05600000,144.86592300,137.62975950,139.26573000
2026-04-14,5.97057520,2.72592190,4.59084240,9.12846750,1.60789640,1.99000000,1.78100000,10.01100000,2.08600000,144.89274200,137.84733900,139.27544460
2026-04-15,5.94776740,2.70988510,4.63847760,9.32354160,1.61420600,1.98600000,1.79000000,10.06400000,2.10300000,145.02993150,137.86674750,139.27683240
2026-04-16,6.01365660,2.75732730,4.69405200,9.53862330,1.63628960,2.04500000,1.81200000,10.09700000,2.11900000,145.11864050,137.88411300,139.26711780
2026-04-17,6.00478690,2.76968900,4.68611280,9.46359480,1.62261880,2.02400000,1.80100000,10.02900000,2.11600000,145.18775100,138.08432700,139.28377140
2026-04-20,6.03773150,2.79140550,4.68412800,9.45359100,1.63734120,2.01800000,1.81700000,10.03600000,2.11000000,145.17227850,138.09556350,139.28515920
2026-04-21,6.05166960,2.78338710,4.70397600,9.46359480,1.64154760,2.03000000,1.82800000,10.01000000,2.10100000,145.16712100,138.15787500,139.28932260
2026-04-22,6.09601810,2.82481550,4.70993040,9.48360240,1.62892840,2.03600000,1.83600000,10.00400000,2.11600000,145.27336550,138.33255150,139.29209820
2026-04-23,6.08334710,2.79808750,4.70199120,9.52861950,1.61315440,2.01300000,1.79700000,9.90000000,2.11100000,145.27336550,138.23755200,139.29487380
2026-04-24,6.05927220,2.78071430,4.69603680,9.53862330,1.61420600,2.01900000,1.79400000,9.82600000,2.10800000,145.33731850,138.12825150,139.31013960
2026-04-27,6.05927220,2.79574880,4.73176320,9.72869550,1.60684480,2.04800000,1.79500000,9.89700000,2.12400000,145.13308150,137.83303800,139.30875180
2026-04-28,6.04406700,2.76400930,4.77741360,9.81872970,1.59317400,2.04000000,1.79600000,9.73200000,2.10400000,145.25583000,138.02916600,139.32262980
2026-04-29,6.10868910,2.81379020,4.78535280,9.81372780,1.61525760,2.02700000,1.79500000,9.63700000,2.10100000,145.33731850,138.10577850,139.34067120
2026-04-30,6.11249040,2.81646300,4.80123120,9.79872210,1.60579320,2.01100000,1.78900000,9.67800000,2.08500000,145.31049950,138.10680000,139.34483460
2026-05-06,6.19358480,2.89263780,4.87069920,10.05381900,1.62367040,2.10700000,1.84200000,9.79100000,2.14700000,145.24654650,137.97604800,139.34205900
2026-05-07,6.22399520,2.93039110,4.92627360,10.27390260,1.64575400,2.17900000,1.87000000,9.90900000,2.13900000,145.25583000,137.99239200,139.34899800
2026-05-08,6.19105060,2.92972290,4.92825840,10.32892350,1.63418640,2.15900000,1.83700000,9.88000000,2.15200000,145.33835000,138.08228400,139.36565160
2026-05-11,6.29241860,2.97749920,4.94612160,10.54400520,1.63313480,2.14700000,1.82100000,9.77400000,2.14900000,145.34969650,138.13642350,139.37259060
2026-05-12,6.28861730,2.96079420,4.91634960,10.40895390,1.62892840,2.13400000,1.80300000,9.80600000,2.17100000,145.40333450,138.26615400,139.37814180
2026-05-13,6.35704070,3.00990690,4.93818240,10.46897670,1.62787680,2.15000000,1.80600000,9.80400000,2.21100000,145.44046850,138.32131500,139.37814180
2026-05-14,6.26074110,2.93072520,4.94016720,10.52899950,1.62787680,2.12400000,1.79500000,9.79500000,2.17900000,145.45284650,138.28045500,139.38646860
2026-05-15,6.18091380,2.87726920,4.92230400,10.50399000,1.60579320,2.08500000,1.77600000,9.55400000,2.13100000,145.51783100,138.32540100,139.41144900
2026-05-18,6.14796920,2.88361710,4.84291200,10.33392540,1.58686440,2.05600000,1.72800000,9.51300000,2.13200000,145.57146900,138.40916400,139.40451000
2026-05-19,6.16950990,2.90767230,4.84291200,10.23888930,1.59843200,2.04900000,1.76700000,9.51500000,2.13500000,145.69628050,138.56238900,139.41700020
2026-05-20,6.17204410,2.92270680,4.82703360,10.29391020,1.58896760,2.03400000,1.76800000,9.36700000,2.14500000,145.72825700,138.56341050,139.43920500
2026-05-21,6.09221680,2.84085230,4.86672960,10.51899570,1.57319360,2.07200000,1.78200000,9.45000000,2.13100000,145.63851650,138.43572300,139.44753180
2026-05-22,6.16064020,2.89263780,4.93222800,10.73407740,1.58581280,2.13200000,1.79800000,9.46100000,2.15100000,145.65192600,138.38771250,139.44753180
2026-05-25,6.25567270,2.93540260,5.05330080,11.15923890,1.58160640,2.20900000,1.82800000,9.51200000,2.16300000,145.62304400,138.44287350,139.43642940
2026-05-26,6.30002120,2.92404320,5.01955920,10.92915150,1.58476120,2.19900000,1.84200000,9.45400000,2.16200000,145.67874500,138.50824950,139.43920500
2026-05-27,6.24933720,2.87793740,5.04337680,11.11922370,1.56162600,2.19700000,1.83000000,9.34500000,2.15000000,145.75301300,138.70437750,139.43642940
2026-05-28,6.24933720,2.88963090,5.00963520,11.07420660,1.54690360,2.17300000,1.81500000,9.13200000,2.13400000,145.87163550,138.89846250,139.43365380
2026-05-29,6.23793330,2.82080630,5.07513360,11.36931870,1.55636800,2.25600000,1.82800000,9.39700000,2.14900000,145.95621850,138.93217200,139.45308300
2026-06-01,6.16824280,2.79641700,5.21010000,11.82949350,1.56898720,2.33400000,1.83300000,9.34400000,2.14900000,145.96137600,139.01695650,139.45030740
2026-06-02,6.25440560,2.80844460,5.18231280,11.71945170,1.59738040,2.32200000,1.82300000,9.41000000,2.19500000,145.93662000,139.06701000,139.45724640
2026-06-03,6.29115150,2.82481550,5.16444960,11.49936810,1.58265800,2.38200000,1.81100000,9.28100000,2.18100000,145.92011600,139.00367700,139.47528780
2026-06-04,6.24173460,2.82247680,5.09299680,11.20425600,1.56162600,2.35300000,1.79000000,9.29000000,2.14500000,145.96137600,139.05985950,139.49055360
2026-06-05,6.13656530,2.78605990,5.09696640,11.02918950,1.54690360,2.29000000,1.79500000,9.25200000,2.14100000,145.95725000,138.99652650,139.50581940
2026-06-08,6.00478690,2.69551880,4.99177200,10.57401660,1.52166520,2.23200000,1.74700000,8.95300000,2.10700000,145.86338350,138.82082850,139.49610480
2026-06-09,6.11502460,2.76300700,5.06520960,11.00418000,1.52797480,2.35200000,1.76500000,9.00500000,2.12000000,145.79736750,138.66862500,139.49332920
2026-06-10,6.06180640,2.72993110,4.99177200,10.71907170,1.51220080,2.25000000,1.75100000,8.73600000,2.10300000,145.72825700,138.56953950,139.49749260
2026-06-11,6.01999210,2.71723530,4.95803040,10.65404700,1.49747840,2.25400000,1.73300000,8.50600000,2.09100000,145.58384700,138.42448650,139.50581940
2026-06-12,6.10488780,2.75365220,4.99177200,10.81410780,1.52061360,2.29200000,1.75500000,8.65900000,2.11500000,145.60963450,138.49701300,139.49749260
2026-06-15,6.23286490,2.85455040,5.10887520,11.29429020,1.53638760,2.44900000,1.80800000,8.92800000,2.15300000,145.63748500,138.58792650,139.50026820
2026-06-16,6.22146100,2.88395120,5.13269280,11.40433200,1.51009760,2.45600000,1.78700000,8.94900000,2.12800000,145.76023350,138.75851700,139.50443160
2026-06-17,6.28228180,2.92771830,5.11681440,11.39933010,1.50378800,2.45900000,1.78800000,8.95700000,2.13000000,145.80046200,138.89437650,139.50720720
2026-06-18,6.31522640,2.94943480,5.08902720,11.33430540,1.47329160,2.52800000,1.78400000,8.90800000,2.11700000,145.88607650,138.90765600,139.51969740
2026-06-22,6.45080610,3.00923870,5.09101200,11.25427500,1.47960120,2.60600000,1.78200000,8.71600000,2.12800000,145.91908450,138.88416150,139.53079980
2026-06-23,6.26200820,2.94509150,4.97192400,10.87413060,1.44489840,2.44700000,1.75600000,8.53700000,2.08700000,145.82521800,138.70642050,139.54884120
2026-06-24,6.29368570,3.00188850,5.00765040,10.93915530,1.45856920,2.46800000,1.75600000,8.51500000,2.07700000,145.88813950,138.83410800,139.53496320
2026-06-25,6.39632080,3.03529850,4.99772640,11.04419520,1.43122760,2.59300000,1.74800000,8.28700000,2.02800000,145.90985000,138.93350730,139.53635100
2026-06-26,6.21765970,2.96046010,4.92627360,10.79410020,1.40914400,2.52200000,1.75300000,8.39000000,2.03600000,145.99803750,138.98815560,139.55994360
2026-06-29,6.28354890,2.99821340,4.91833440,10.89413820,1.43227920,2.48700000,1.74700000,8.44900000,2.06300000,146.12668750,139.16756700,139.55022900
2026-06-30,6.35957490,3.07171540,4.92825840,11.02418760,1.41650520,2.51700000,1.74900000,8.37800000,2.05600000,146.07170000,139.04795940,139.55578020
2026-07-01,6.33296580,3.06703800,4.94413680,11.04919710,1.42071160,2.47900000,1.76200000,8.27100000,2.03000000,145.91088750,138.84895710,139.57104600
2026-07-02,6.14543500,2.95645090,4.92825840,10.79410020,1.43017600,2.38700000,1.75900000,8.47500000,2.03200000,145.97106250,138.95722260,139.59463860
2026-07-03,6.17837960,2.97382410,4.96795440,10.83911730,1.45120800,2.44300000,1.82800000,8.67200000,2.05900000,145.97106250,138.92113410,139.63488480
2026-07-06,6.17964670,2.94342100,4.98383280,10.85912490,1.46382720,2.47000000,1.83200000,8.63100000,2.06200000,146.03123750,139.03558620,139.61961900
2026-07-07,6.11502460,2.89230370,5.01757440,10.84912110,1.46382720,2.41000000,1.85400000,8.59700000,2.06300000,146.02605000,139.05311490,139.64043600
2026-07-08,6.07954580,2.85688910,4.96795440,10.70906790,1.50589120,2.34300000,1.80200000,8.58900000,2.06900000,146.07896250,139.11394980,139.64737500
2026-07-09,6.22906360,2.94141640,4.99177200,10.83411540,1.49853000,2.34500000,1.78700000,8.54400000,2.07200000,146.04991250,139.14591390,139.63072140
2026-07-10,6.11882590,2.90600180,5.01558960,10.87413060,1.50904600,2.34300000,1.79600000,8.54100000,2.08000000,146.06132500,139.13354070,139.65431400
2026-07-13,6.01112240,2.77035720,5.00566560,10.84411920,1.50694280,2.27500000,1.78000000,8.41900000,2.06600000,146.05406250,139.11394980,139.64598720
2026-07-14,6.12896270,2.81078330,5.04139200,10.85412300,1.52587160,2.30000000,1.76600000,8.37300000,2.09300000,146.07792500,139.08817230,139.62794580
2026-07-15,6.13022980,2.77215510,5.08902720,10.94415720,1.54374880,2.35000000,1.77300000,8.36900000,2.08200000,146.09971250,139.13044740,139.62933360
2026-07-16,6.02252630,2.70583560,5.11482960,10.83911730,1.56057440,2.28000000,1.77400000,8.36300000,2.09100000,146.06858750,139.11807420,139.63072140
2026-07-17,5.81472190,2.55245050,4.96795440,10.53900330,1.52692320,2.16300000,1.74900000,8.31100000,2.06500000,146.09245000,139.16344260,139.66680420
2026-07-20,5.89201500,2.52558260,4.95803040,10.48398240,1.56688400,2.15700000,1.75000000,8.31800000,2.07500000,146.09556250,139.16344260,139.65153840
2026-07-21,6.06560770,2.65005920,5.01360480,10.65404700,1.56898720,2.23200000,1.76300000,8.46800000,2.10100000,146.10490000,139.18200240,139.65153840
2026-07-22,6.03773150,2.63237400,5.00765040,10.65404700,1.55005840,2.20700000,1.76200000,8.56000000,2.10700000,146.18271250,139.29748560,139.67096760
2026-07-23,6.06560770,2.63135370,5.00963520,10.65904890,1.57109040,2.22000000,1.77100000,8.56000000,2.11700000,146.14951250,139.28305020,139.67235540
2026-07-24,5.95663710,2.56605450,4.97390880,10.52399760,1.54374880,2.16000000,1.74300000,8.38500000,2.10100000,146.15677500,139.36656930,139.68762120
2026-07-27,6.02252630,2.62761260,5.00169600,10.59402420,1.56898720,2.19000000,1.79000000,8.50200000,2.10800000,146.12253750,139.37481810,139.66125300
2026-07-28,5.86287170,2.53816630,4.93024320,10.34392920,1.57319360,2.09800000,1.78400000,8.40000000,2.09400000,146.11320000,139.35213390,139.68762120
2026-07-29,5.90088470,2.56435400,4.98383280,10.37394060,1.60579320,2.09600000,1.78900000,8.39200000,2.10600000,146.10801250,139.35935160,139.69317240
2026-07-30,5.83499550,2.49497360,4.92031920,10.20887790,1.61105120,2.07500000,1.78800000,8.36000000,2.10100000,146.13498750,139.47174150,139.72509180
2026-07-31,5.89581630,2.55075000,4.97986320,10.56401280,1.60053520,2.16700000,1.82000000,8.43300000,2.12100000,146.25637500,139.58825580,139.74174540
2026-08-03,5.82739290,2.52354200,5.02749840,10.63904130,1.61420600,2.20600000,1.83700000,8.41700000,2.12300000,146.24288750,139.58928690,139.73341860
2026-08-04,5.89328210,2.58510010,5.12475360,10.96416480,1.60474160,2.22400000,1.85900000,8.40800000,2.13800000,146.27816250,139.66249500,139.71398940
2026-08-05,5.97310940,2.65788150,5.29743120,11.33930730,1.60684480,2.31000000,1.89900000,8.64000000,2.14700000,146.28750000,139.66971270,139.70843820
2026-08-06,5.96677390,2.66366320,5.33911200,11.22426360,1.57529680,2.28000000,1.87500000,8.79500000,2.13900000,146.30306250,139.66043280,139.71260160
2026-08-07,6.01999210,2.71637870,5.34903600,11.33430540,1.58265800,2.28400000,1.89500000,8.89200000,2.16400000,146.37672500,139.72745430,139.72370400
2026-08-10,6.03012890,2.73338370,5.35102080,11.30929590,1.59738040,2.33400000,1.92300000,9.00500000,2.15600000,146.39228750,139.78519590,139.73341860
2026-08-11,5.99084880,2.71705890,5.39071680,11.07920850,1.58686440,2.31300000,1.88500000,9.00900000,2.15300000,146.36012500,139.74085860,139.75701120
2026-08-12,6.01619080,2.73882530,5.35499040,11.13422940,1.57109040,2.33200000,1.92000000,9.10300000,2.16400000,146.37465000,139.74910740,139.75423560
2026-08-13,5.99211590,2.71399800,5.38079280,11.13422940,1.56898720,2.34300000,1.95100000,9.04200000,2.14100000,146.42341250,139.81303560,139.75146000
2026-08-14,5.98831460,2.72011980,5.51377440,11.32430160,1.55531640,2.37200000,1.94000000,8.94600000,2.14300000,146.47425000,139.97388720,139.76395020
2026-08-17,6.08334710,2.78779970,5.45423040,11.37432060,1.57845160,2.39700000,1.99100000,9.06800000,2.17100000,146.51263750,139.97801160,139.75839900
2026-08-18,6.06560770,2.78371850,5.33514240,11.19925410,1.57740000,2.33800000,1.96500000,9.07800000,2.15000000,146.58111250,140.09658810,139.76117460
2026-08-19,5.89708340,2.65414040,5.24384160,11.00418000,1.57529680,2.25800000,1.90000000,8.97400000,2.12400000,146.56658750,140.04503310,139.76672580
2026-08-20,5.89581630,2.67420630,5.30934000,11.06420280,1.59422560,2.28300000,1.91600000,9.23400000,2.13000000,146.53131250,139.92542550,139.78893060
2026-08-21,5.93002800,2.67522660,5.30338560,10.97917050,1.60263840,2.26800000,1.88600000,9.38800000,2.14800000,146.55206250,139.98729150,139.79448180
2026-08-24,5.86287170,2.63237400,5.30338560,10.83411540,1.57634840,2.24900000,1.88600000,9.56400000,2.15400000,146.58837500,140.07287280,139.81391100
2026-08-25,5.84893360,2.62761260,5.34903600,10.97917050,1.57529680,2.27300000,1.91100000,9.53300000,2.15100000,146.60082500,140.07802830,139.83195240
2026-08-26,5.89454920,2.64903890,5.37483840,11.01918570,1.58791600,2.28000000,1.91100000,9.51700000,2.15900000,146.50330000,140.00585130,139.82501340
2026-08-27,5.94396610,2.71161730,5.37483840,11.14923510,1.58055480,2.28500000,1.91800000,9.44600000,2.15000000,146.42652500,139.82025330,139.80419640
2026-08-28,5.92876090,2.69461230,5.40262560,11.17924650,1.58055480,2.28000000,1.92000000,9.47500000,2.16300000,146.40370000,139.87490160,139.81529880
2026-08-31,5.93636350,2.70957670,5.38277760,11.11922370,1.57319360,2.27400000,1.91500000,9.13500000,2.16600000,146.40577500,139.91408340,139.82223780
